# Blender 5.1.0
# www.blender.org
mtllib SM_Foundation.mtl
o Foundation
v -5.484792 0.000000 17.502382
v -5.484792 1.000000 17.502382
v -6.205485 0.000000 18.205812
v -6.205485 1.000000 18.205812
v -5.484792 0.000000 15.983607
v -5.484792 1.000000 15.983607
v -6.205485 0.000000 15.983607
v -6.205485 1.000000 15.983607
v -4.002048 0.000000 17.502382
v -4.002048 1.000000 17.502382
v -4.002048 0.000000 18.205812
v -4.002048 1.000000 18.205812
v -6.205102 0.678528 15.995297
v -6.258569 0.970523 15.995297
v -6.266438 0.895523 15.995297
v -6.205102 0.997974 15.995297
v -6.247818 0.997974 15.995297
v -6.269320 0.793072 15.995297
v -6.269320 0.678528 15.995297
v -6.269319 0.678528 18.263474
v -6.269319 0.793072 18.263474
v -6.247818 0.997974 18.241972
v -6.205101 0.997974 18.199257
v -6.266438 0.895523 18.260593
v -6.258568 0.970523 18.252724
v -6.205101 0.678528 18.199257
v -6.209418 0.678528 18.200312
v -6.262885 0.970523 18.253778
v -6.270755 0.895523 18.261650
v -6.209418 0.997974 18.200312
v -6.252134 0.997974 18.243029
v -6.273635 0.793072 18.264530
v -6.273635 0.678528 18.264530
v -4.004085 0.678528 18.264530
v -4.004085 0.793072 18.264530
v -4.004085 0.997974 18.243029
v -4.004085 0.997974 18.200312
v -4.004085 0.895523 18.261650
v -4.004085 0.970523 18.253778
v -4.004085 0.678528 18.200312
v -29.611050 0.678528 -2.003317
v -29.664516 0.970523 -2.003317
v -29.672386 0.895523 -2.003317
v -29.611050 0.997974 -2.003317
v -29.653767 0.997974 -2.003317
v -29.675266 0.793072 -2.003317
v -29.675266 0.678528 -2.003317
v -29.675266 0.678528 -0.004059
v -29.675266 0.793072 -0.004059
v -29.653767 0.997974 -0.004059
v -29.611050 0.997974 -0.004059
v -29.672386 0.895523 -0.004059
v -29.664516 0.970523 -0.004059
v -29.611050 0.678528 -0.004059
v -28.889652 0.001359 -1.600000
v -28.889652 0.698978 -1.600000
v -28.889652 1.000000 -1.600000
v -29.610348 0.001359 -1.600000
v -28.889652 0.001359 -2.000000
v -28.889652 1.000000 -2.000000
v -29.610348 0.001359 -2.000000
v -29.610348 1.000000 -2.000000
v -29.610348 0.698978 -1.600000
v -29.610348 0.698978 -2.000000
v -28.889652 0.698978 -2.000000
v -29.610348 1.000000 -1.600000
v -28.889652 0.698978 -0.400000
v -28.889652 1.000000 -0.400000
v -29.610348 0.001359 -0.400000
v -28.889652 0.001359 0.000000
v -28.889652 1.000000 0.000000
v -29.610348 1.000000 0.000000
v -29.610348 0.698978 -0.400000
v -29.610348 0.698978 0.000000
v -28.889652 0.698978 0.000000
v -28.889652 0.001359 -0.400000
v -29.610348 0.001359 0.000000
v -29.610348 1.000000 -0.400000
v -29.543743 0.608000 -0.491999
v -29.543743 0.089738 -0.491999
v -28.889652 0.608000 -0.491999
v -28.889652 0.089738 -0.491999
v -29.543743 0.608000 -1.507999
v -29.543743 0.089738 -1.507999
v -28.889652 0.608000 -1.507999
v -28.889652 0.089738 -1.507999
v -29.331802 0.568678 -0.531290
v -29.329151 0.131744 -0.532118
v -29.146702 0.565062 -0.532961
v -29.144100 0.131744 -0.532118
v -29.331802 0.568678 -1.466928
v -29.329151 0.131744 -1.466101
v -29.146706 0.565062 -1.465258
v -29.144100 0.131744 -1.466101
v -29.190361 0.131744 -1.466101
v -29.282887 0.131744 -1.466101
v -29.192989 0.565571 -1.466101
v -29.285515 0.568214 -1.466101
v -29.192989 0.565571 -0.532118
v -29.285515 0.568214 -0.532118
v -29.190361 0.131744 -0.532118
v -29.282887 0.131744 -0.532118
v -29.543743 0.700000 -0.400000
v -29.543743 -0.002262 -0.400000
v -28.889652 0.700000 -0.400000
v -28.889652 -0.002262 -0.400000
v -29.543743 0.700000 -1.600000
v -29.543743 -0.002262 -1.600000
v -28.889652 0.700000 -1.600000
v -28.889652 -0.002262 -1.600000
v -29.329151 0.661498 -0.440117
v -29.329151 0.039744 -0.440117
v -29.144100 0.656212 -0.440117
v -29.144100 0.039744 -0.440117
v -29.329151 0.661498 -1.558100
v -29.329151 0.039744 -1.558100
v -29.144100 0.656212 -1.558100
v -29.144100 0.039744 -1.558100
v -29.190361 0.039744 -1.558100
v -29.282887 0.039744 -1.558100
v -29.190361 0.657533 -1.558100
v -29.282887 0.660177 -1.558100
v -29.190361 0.657533 -0.440117
v -29.282887 0.660177 -0.440117
v -29.190361 0.039744 -0.440117
v -29.282887 0.039744 -0.440117
v -29.244556 0.042598 -0.485931
v -29.244556 0.627982 -0.485931
v -29.283031 0.042598 -0.485931
v -29.283031 0.627982 -0.485931
v -29.244556 0.042598 -1.514069
v -29.244556 0.627982 -1.514069
v -29.283031 0.042598 -1.514069
v -29.283031 0.627982 -1.514069
v -9.214069 0.042598 -0.144558
v -9.214069 0.627982 -0.144558
v -9.214069 0.042598 -0.183033
v -9.214069 0.627982 -0.183033
v -8.185932 0.042598 -0.144558
v -8.185932 0.627982 -0.144558
v -8.185932 0.042598 -0.183033
v -8.185932 0.627982 -0.183033
v -8.099998 0.001359 0.210346
v -8.099998 0.698978 0.210346
v -8.099998 1.000000 0.210346
v -8.099998 0.001359 -0.510347
v -7.700001 0.001359 0.210346
v -7.700001 1.000000 0.210346
v -7.700001 0.001359 -0.510347
v -7.700001 1.000000 -0.510347
v -8.099998 0.698978 -0.510347
v -7.700001 0.698978 -0.510347
v -7.700001 0.698978 0.210346
v -8.099998 1.000000 -0.510347
v -9.299999 0.698978 0.210346
v -9.299999 1.000000 0.210346
v -9.299999 0.001359 -0.510347
v -9.700001 0.001359 0.210346
v -9.700001 1.000000 0.210346
v -9.700001 1.000000 -0.510347
v -9.299999 0.698978 -0.510347
v -9.700001 0.698978 -0.510347
v -9.700001 0.698978 0.210346
v -9.299999 0.001359 0.210346
v -9.700001 0.001359 -0.510347
v -9.299999 1.000000 -0.510347
v -7.696682 0.678528 -0.511051
v -7.696682 0.970523 -0.564518
v -7.696682 0.895523 -0.572388
v -7.696682 0.997974 -0.511051
v -7.696682 0.997974 -0.553766
v -7.696682 0.793072 -0.575268
v -7.696682 0.678528 -0.575268
v -9.695942 0.678528 -0.575268
v -9.695942 0.793072 -0.575268
v -9.695942 0.997974 -0.553766
v -9.695942 0.997974 -0.511051
v -9.695942 0.895523 -0.572388
v -9.695942 0.970523 -0.564518
v -9.695942 0.678528 -0.511051
v -9.208000 0.608000 -0.443745
v -9.208000 0.089738 -0.443745
v -9.208000 0.608000 0.210346
v -9.208000 0.089738 0.210346
v -8.191999 0.608000 -0.443745
v -8.191999 0.089738 -0.443745
v -8.191999 0.608000 0.210346
v -8.191999 0.089738 0.210346
v -9.168709 0.568678 -0.231802
v -9.167881 0.131744 -0.229151
v -9.167038 0.565062 -0.046705
v -9.167881 0.131744 -0.044100
v -8.233070 0.568678 -0.231802
v -8.233898 0.131744 -0.229151
v -8.234741 0.565062 -0.046705
v -8.233898 0.131744 -0.044100
v -8.233898 0.131744 -0.090363
v -8.233898 0.131744 -0.182888
v -8.233898 0.565571 -0.092991
v -8.233898 0.568214 -0.185516
v -9.167881 0.565571 -0.092991
v -9.167881 0.568214 -0.185516
v -9.167881 0.131744 -0.090363
v -9.167881 0.131744 -0.182888
v -9.299999 0.700000 -0.443745
v -9.299999 -0.002262 -0.443745
v -9.299999 0.700000 0.210346
v -9.299999 -0.002262 0.210346
v -8.099998 0.700000 -0.443745
v -8.099998 -0.002262 -0.443745
v -8.099998 0.700000 0.210346
v -8.099998 -0.002262 0.210346
v -9.259882 0.661498 -0.229151
v -9.259882 0.039744 -0.229151
v -9.259882 0.656212 -0.044100
v -9.259882 0.039744 -0.044100
v -8.141899 0.661498 -0.229151
v -8.141899 0.039744 -0.229151
v -8.141899 0.656212 -0.044100
v -8.141899 0.039744 -0.044100
v -8.141899 0.039744 -0.090363
v -8.141899 0.039744 -0.182888
v -8.141899 0.657533 -0.090363
v -8.141899 0.660177 -0.182888
v -9.259882 0.657533 -0.090363
v -9.259882 0.660177 -0.182888
v -9.259882 0.039744 -0.090363
v -9.259882 0.039744 -0.182888
v -8.185932 0.042598 12.144559
v -8.185932 0.627982 12.144559
v -8.185932 0.042598 12.183034
v -8.185932 0.627982 12.183034
v -9.214069 0.042598 12.144559
v -9.214069 0.627982 12.144559
v -9.214069 0.042598 12.183034
v -9.214069 0.627982 12.183034
v -9.300001 0.001359 11.789655
v -9.300001 0.698978 11.789655
v -9.300001 1.000000 11.789655
v -9.300001 0.001359 12.510348
v -9.700001 0.001359 11.789655
v -9.700001 1.000000 11.789655
v -9.700001 0.001359 12.510348
v -9.700001 1.000000 12.510348
v -9.300001 0.698978 12.510348
v -9.700001 0.698978 12.510348
v -9.700001 0.698978 11.789655
v -9.300001 1.000000 12.510348
v -8.100000 0.698978 11.789655
v -8.100000 1.000000 11.789655
v -8.100000 0.001359 12.510348
v -7.700001 0.001359 11.789655
v -7.700001 1.000000 11.789655
v -7.700001 1.000000 12.510348
v -8.100000 0.698978 12.510348
v -7.700001 0.698978 12.510348
v -7.700001 0.698978 11.789655
v -8.100000 0.001359 11.789655
v -7.700001 0.001359 12.510348
v -8.100000 1.000000 12.510348
v -9.703320 0.678528 12.511052
v -9.703320 0.970523 12.564519
v -9.703320 0.895523 12.572389
v -9.703320 0.997974 12.511052
v -9.703320 0.997974 12.553767
v -9.703320 0.793072 12.575269
v -9.703320 0.678528 12.575269
v -7.704060 0.678528 12.575269
v -7.704060 0.793072 12.575269
v -7.704060 0.997974 12.553767
v -7.704060 0.997974 12.511052
v -7.704060 0.895523 12.572389
v -7.704060 0.970523 12.564519
v -7.704060 0.678528 12.511052
v -8.192001 0.608000 12.443746
v -8.192001 0.089738 12.443746
v -8.192001 0.608000 11.789655
v -8.192001 0.089738 11.789655
v -9.208000 0.608000 12.443746
v -9.208000 0.089738 12.443746
v -9.208000 0.608000 11.789655
v -9.208000 0.089738 11.789655
v -8.231291 0.568678 12.231803
v -8.232119 0.131744 12.229152
v -8.232962 0.565062 12.046704
v -8.232119 0.131744 12.044101
v -9.166929 0.568678 12.231803
v -9.166101 0.131744 12.229152
v -9.165258 0.565062 12.046704
v -9.166101 0.131744 12.044101
v -9.166101 0.131744 12.090364
v -9.166101 0.131744 12.182889
v -9.166101 0.565571 12.092992
v -9.166101 0.568214 12.185515
v -8.232119 0.565571 12.092990
v -8.232119 0.568214 12.185515
v -8.232119 0.131744 12.090364
v -8.232119 0.131744 12.182889
v -8.100000 0.700000 12.443746
v -8.100000 -0.002262 12.443746
v -8.100000 0.700000 11.789655
v -8.100000 -0.002262 11.789655
v -9.300001 0.700000 12.443746
v -9.300001 -0.002262 12.443746
v -9.300001 0.700000 11.789655
v -9.300001 -0.002262 11.789655
v -8.140118 0.661498 12.229152
v -8.140118 0.039744 12.229152
v -8.140118 0.656212 12.044101
v -8.140118 0.039744 12.044101
v -9.258102 0.661498 12.229152
v -9.258102 0.039744 12.229152
v -9.258102 0.656212 12.044101
v -9.258102 0.039744 12.044101
v -9.258102 0.039744 12.090364
v -9.258102 0.039744 12.182889
v -9.258102 0.657533 12.090364
v -9.258102 0.660177 12.182889
v -8.140118 0.657533 12.090364
v -8.140118 0.660177 12.182889
v -8.140118 0.039744 12.090364
v -8.140118 0.039744 12.182889
v -17.700001 0.000000 0.210346
v -17.700001 1.000000 0.210346
v -17.700001 0.000000 -0.510347
v -17.700001 1.000000 -0.510347
v -15.700000 0.000000 0.210346
v -15.700000 1.000000 0.210346
v -15.700000 0.000000 -0.510347
v -15.700000 1.000000 -0.510347
v -15.696681 0.678528 -0.511051
v -15.696681 0.970523 -0.564518
v -15.696681 0.895523 -0.572388
v -15.696681 0.997974 -0.511051
v -15.696681 0.997974 -0.553766
v -15.696681 0.793072 -0.575268
v -15.696681 0.678528 -0.575268
v -17.695940 0.678528 -0.575268
v -17.695940 0.793072 -0.575268
v -17.695940 0.997974 -0.553766
v -17.695940 0.997974 -0.511051
v -17.695940 0.895523 -0.572388
v -17.695940 0.970523 -0.564518
v -17.695940 0.678528 -0.511051
v -11.700001 0.000000 0.210346
v -11.700001 1.000000 0.210346
v -11.700001 0.000000 -0.510347
v -11.700001 1.000000 -0.510347
v -9.700001 0.000000 0.210346
v -9.700001 0.000000 -0.510347
v -9.696682 0.678528 -0.511051
v -9.696682 0.970523 -0.564518
v -9.696682 0.895523 -0.572388
v -9.696682 0.997974 -0.511051
v -9.696682 0.997974 -0.553766
v -9.696682 0.793072 -0.575268
v -9.696682 0.678528 -0.575268
v -11.695942 0.678528 -0.575268
v -11.695942 0.793072 -0.575268
v -11.695942 0.997974 -0.553766
v -11.695942 0.997974 -0.511051
v -11.695942 0.895523 -0.572388
v -11.695942 0.970523 -0.564518
v -11.695942 0.678528 -0.511051
v -15.700000 0.000000 11.789654
v -15.700000 1.000000 11.789654
v -15.700000 0.000000 12.510347
v -15.700000 1.000000 12.510347
v -17.700001 0.000000 11.789654
v -17.700001 1.000000 11.789654
v -17.699997 0.000000 12.510347
v -17.699999 1.000000 12.510348
v -17.703316 0.678528 12.511051
v -17.703316 0.970523 12.564518
v -17.703316 0.895523 12.572388
v -17.703316 0.997974 12.511051
v -17.703316 0.997974 12.553766
v -17.703316 0.793072 12.575268
v -17.703316 0.678528 12.575268
v -15.704059 0.678528 12.575268
v -15.704059 0.793072 12.575268
v -15.704059 0.997974 12.553766
v -15.704059 0.997974 12.511051
v -15.704059 0.895523 12.572388
v -15.704059 0.970523 12.564518
v -15.704059 0.678528 12.511051
v -9.700001 0.000000 11.789655
v -9.700001 0.000000 12.510348
v -11.700001 0.000000 11.789654
v -11.700001 1.000000 11.789654
v -11.700001 0.000000 12.510347
v -11.700001 1.000000 12.510347
v -11.703320 0.678528 12.511051
v -11.703320 0.970523 12.564518
v -11.703320 0.895523 12.572388
v -11.703320 0.997974 12.511051
v -11.703320 0.997974 12.553766
v -11.703320 0.793072 12.575268
v -11.703320 0.678528 12.575268
v -9.704060 0.678528 12.575269
v -9.704060 0.793072 12.575269
v -9.704060 0.997974 12.553767
v -9.704060 0.997974 12.511052
v -9.704060 0.895523 12.572389
v -9.704060 0.970523 12.564519
v -9.704060 0.678528 12.511052
v -21.900002 0.000000 -2.000000
v -21.900002 1.000000 -2.000000
v -21.200001 0.000000 -2.000000
v -21.200001 1.000000 -2.000000
v -21.900002 0.000000 0.199999
v -21.900002 1.000000 0.199999
v -21.200001 0.000000 -0.500000
v -21.200001 1.000000 -0.500000
v -21.203159 0.000000 -0.500000
v -21.203159 1.000000 -0.500000
v -19.703159 0.000000 -0.500000
v -19.703159 1.000000 -0.500000
v -21.903160 0.000000 0.199999
v -21.903160 1.000000 0.199999
v -19.703159 0.000000 0.199999
v -19.703159 1.000000 0.199999
v -21.196537 0.682202 -0.495783
v -21.143070 0.974197 -0.549250
v -21.135201 0.899198 -0.557119
v -21.196537 1.001649 -0.495783
v -21.153820 1.001649 -0.538498
v -21.132320 0.796746 -0.559999
v -21.132320 0.682202 -0.559999
v -21.132318 0.682202 -1.996355
v -21.132318 0.796746 -1.996355
v -21.153820 1.001649 -1.996355
v -21.196537 1.001649 -1.996355
v -21.135201 0.899198 -1.996355
v -21.143070 0.974197 -1.996355
v -21.196537 0.682202 -1.996355
v -19.699783 0.679762 -0.494678
v -19.699783 0.971756 -0.548145
v -19.699783 0.896757 -0.556015
v -19.699783 0.999208 -0.494678
v -19.699783 0.999208 -0.537394
v -19.699783 0.794306 -0.558895
v -19.699783 0.679762 -0.558895
v -21.135199 0.679762 -0.558895
v -21.135199 0.794306 -0.558895
v -21.156700 0.999208 -0.537394
v -21.199417 0.999208 -0.494678
v -21.138081 0.896757 -0.556015
v -21.145950 0.971756 -0.548145
v -21.199417 0.679762 -0.494678
v -7.700001 0.000000 0.199999
v -7.700001 1.000000 0.199999
v -7.700001 0.000000 -0.500000
v -7.700001 1.000000 -0.500000
v -5.500000 0.000000 0.199999
v -5.500000 1.000000 0.199999
v -6.200001 0.000000 -0.500000
v -6.200001 1.000000 -0.500000
v -6.200001 0.000000 -0.496841
v -6.200001 1.000000 -0.496841
v -6.200001 0.000000 -1.996841
v -6.200001 1.000000 -1.996841
v -5.500000 0.000000 0.203157
v -5.500000 1.000000 0.203157
v -5.500000 0.000000 -1.996841
v -5.500000 1.000000 -1.996841
v -6.200020 0.682202 -0.511465
v -6.253487 0.974197 -0.564932
v -6.261356 0.899198 -0.572803
v -6.200020 1.001649 -0.511465
v -6.242737 1.001649 -0.554182
v -6.264238 0.796746 -0.575684
v -6.264238 0.682202 -0.575684
v -7.700592 0.682202 -0.575684
v -7.700592 0.796746 -0.575684
v -7.700592 1.001649 -0.554182
v -7.700592 1.001649 -0.511465
v -7.700592 0.899198 -0.572803
v -7.700592 0.974197 -0.564932
v -7.700592 0.682202 -0.511465
v -6.198915 0.679762 -2.008219
v -6.252382 0.971756 -2.008219
v -6.260254 0.896757 -2.008219
v -6.198915 0.999208 -2.008219
v -6.241632 0.999208 -2.008219
v -6.263134 0.794306 -2.008219
v -6.263134 0.679762 -2.008219
v -6.263134 0.679762 -0.572803
v -6.263134 0.794306 -0.572803
v -6.241632 0.999208 -0.551302
v -6.198915 0.999208 -0.508587
v -6.260254 0.896757 -0.569923
v -6.252382 0.971756 -0.562054
v -6.198915 0.679762 -0.508587
v -19.700001 0.000000 11.799999
v -19.700001 1.000000 11.799999
v -19.700001 0.000000 12.500000
v -19.700001 1.000000 12.500000
v -21.900002 0.000000 11.799999
v -21.900002 1.000000 11.799999
v -21.200001 0.000000 12.500000
v -21.200001 1.000000 12.500000
v -21.200001 0.000000 12.496841
v -21.200001 1.000000 12.496841
v -21.200001 0.000000 13.996842
v -21.200001 1.000000 13.996842
v -21.900002 0.000000 11.796841
v -21.900002 1.000000 11.796841
v -21.900002 0.000000 13.996842
v -21.900002 1.000000 13.996842
v -21.204220 0.682202 12.503464
v -21.150753 0.974197 12.556931
v -21.142883 0.899198 12.564800
v -21.204220 1.001649 12.503464
v -21.161503 1.001649 12.546181
v -21.139999 0.796746 12.567680
v -21.139999 0.682202 12.567680
v -19.703648 0.682202 12.567682
v -19.703648 0.796746 12.567682
v -19.703648 1.001649 12.546181
v -19.703648 1.001649 12.503464
v -19.703648 0.899198 12.564800
v -19.703648 0.974197 12.556931
v -19.703648 0.682202 12.503464
v -21.205322 0.679762 14.000218
v -21.151855 0.971756 14.000218
v -21.143986 0.896757 14.000218
v -21.205322 0.999208 14.000218
v -21.162605 0.999208 14.000218
v -21.141106 0.794306 14.000218
v -21.141106 0.679762 14.000218
v -21.141106 0.679762 12.564802
v -21.141106 0.794306 12.564802
v -21.162605 0.999208 12.543301
v -21.205322 0.999208 12.500584
v -21.143986 0.896757 12.561920
v -21.151855 0.971756 12.554050
v -21.205322 0.679762 12.500584
v -5.500000 0.000000 14.000001
v -5.500000 1.000000 14.000001
v -6.200000 0.000000 14.000001
v -6.200000 1.000000 14.000001
v -5.500000 0.000000 11.800000
v -5.500000 1.000000 11.800000
v -6.200000 0.000000 12.500001
v -6.200000 1.000000 12.500001
v -6.196842 0.000000 12.500001
v -6.196842 1.000000 12.500001
v -7.696842 0.000000 12.500001
v -7.696842 1.000000 12.500001
v -5.496841 0.000000 11.800000
v -5.496841 1.000000 11.800000
v -7.696842 0.000000 11.800000
v -7.696842 1.000000 11.800000
v -6.211465 0.682202 12.500022
v -6.264932 0.974197 12.553489
v -6.272802 0.899198 12.561358
v -6.211465 1.001649 12.500022
v -6.254180 1.001649 12.542737
v -6.275682 0.796746 12.564239
v -6.275682 0.682202 12.564239
v -6.275682 0.682202 14.000594
v -6.275682 0.796746 14.000594
v -6.254180 1.001649 14.000594
v -6.211465 1.001649 14.000594
v -6.272802 0.899198 14.000594
v -6.264932 0.974197 14.000594
v -6.211465 0.682202 14.000594
v -7.708220 0.679762 12.498918
v -7.708220 0.971756 12.552384
v -7.708220 0.896757 12.560254
v -7.708220 0.999208 12.498918
v -7.708220 0.999208 12.541633
v -7.708220 0.794306 12.563134
v -7.708220 0.679762 12.563134
v -6.272804 0.679762 12.563134
v -6.272804 0.794306 12.563134
v -6.251300 0.999208 12.541633
v -6.208585 0.999208 12.498918
v -6.269922 0.896757 12.560254
v -6.262052 0.971756 12.552384
v -6.208585 0.679762 12.498918
v -21.915211 0.000000 -5.502382
v -21.915211 1.000000 -5.502382
v -21.194515 0.000000 -6.205812
v -21.194515 1.000000 -6.205812
v -21.910206 0.000000 -3.999607
v -21.910206 1.000000 -3.999607
v -21.189516 0.000000 -3.999607
v -21.189516 1.000000 -3.999607
v -23.397953 0.000000 -5.502382
v -23.397953 1.000000 -5.502382
v -23.397953 0.000000 -6.205812
v -23.397953 1.000000 -6.205812
v -21.190582 0.678528 -6.200314
v -21.137115 0.970523 -6.253780
v -21.129246 0.895523 -6.261650
v -21.190582 0.997974 -6.200314
v -21.147867 0.997974 -6.243029
v -21.126366 0.793072 -6.264530
v -21.126366 0.678528 -6.264530
v -23.395916 0.678528 -6.264530
v -23.395916 0.793072 -6.264530
v -23.395916 0.997974 -6.243029
v -23.395916 0.997974 -6.200314
v -23.395916 0.895523 -6.261650
v -23.395916 0.970523 -6.253780
v -23.395916 0.678528 -6.200314
v -21.189930 0.678528 -3.999605
v -21.136463 0.970523 -3.999605
v -21.128593 0.895523 -3.999605
v -21.189930 0.997974 -3.999605
v -21.147213 0.997974 -3.999605
v -21.125711 0.793072 -3.999605
v -21.125711 0.678528 -3.999605
v -21.130682 0.678528 -6.263474
v -21.130682 0.793072 -6.263474
v -21.152184 0.997974 -6.241972
v -21.194899 0.997974 -6.199257
v -21.133562 0.895523 -6.260593
v -21.141432 0.970523 -6.252724
v -21.194899 0.678528 -6.199257
v -21.910347 0.000000 -4.000000
v -21.910347 1.000000 -4.000000
v -21.189653 0.000000 -4.000000
v -21.189653 1.000000 -4.000000
v -21.910347 0.000000 -2.000000
v -21.910347 1.000000 -2.000000
v -21.189653 0.000000 -2.000000
v -21.189653 1.000000 -2.000000
v -21.189722 0.678528 -1.996883
v -21.136255 0.970523 -1.996883
v -21.128386 0.895523 -1.996883
v -21.189722 0.997974 -1.996883
v -21.147005 0.997974 -1.996883
v -21.125504 0.793072 -1.996883
v -21.125504 0.678528 -1.996883
v -21.125504 0.678528 -3.996143
v -21.125504 0.793072 -3.996143
v -21.147005 0.997974 -3.996143
v -21.189722 0.997974 -3.996143
v -21.128386 0.895523 -3.996143
v -21.136255 0.970523 -3.996143
v -21.189722 0.678528 -3.996143
v -5.489653 0.000000 -2.000000
v -5.489653 1.000000 -2.000000
v -6.210346 0.000000 -2.000000
v -6.210346 1.000000 -2.000000
v -5.489653 0.000000 -4.000000
v -5.489653 1.000000 -4.000000
v -6.210346 0.000000 -4.000000
v -6.210346 1.000000 -4.000000
v -6.210279 0.678528 -4.003117
v -6.263746 0.970523 -4.003117
v -6.271616 0.895523 -4.003117
v -6.210279 0.997974 -4.003117
v -6.252995 0.997974 -4.003117
v -6.274496 0.793072 -4.003117
v -6.274496 0.678528 -4.003117
v -6.274496 0.678528 -2.003857
v -6.274496 0.793072 -2.003857
v -6.252995 0.997974 -2.003857
v -6.210278 0.997974 -2.003857
v -6.271616 0.895523 -2.003857
v -6.263744 0.970523 -2.003857
v -6.210278 0.678528 -2.003857
v -28.902382 0.000000 -5.484791
v -28.902382 1.000000 -5.484791
v -29.605812 0.000000 -6.205484
v -29.605812 1.000000 -6.205484
v -27.399609 0.000000 -5.489792
v -27.399609 1.000000 -5.489792
v -27.399609 0.000000 -6.210487
v -27.399609 1.000000 -6.210487
v -28.902382 0.000000 -4.002047
v -28.902382 1.000000 -4.002047
v -29.605812 0.000000 -4.002047
v -29.605812 1.000000 -4.002047
v -29.600311 0.678528 -6.209417
v -29.653778 0.970523 -6.262884
v -29.661652 0.895523 -6.270754
v -29.600311 0.997974 -6.209417
v -29.643028 0.997974 -6.252132
v -29.664532 0.793072 -6.273634
v -29.664532 0.678528 -6.273634
v -29.664528 0.678528 -4.004084
v -29.664528 0.793072 -4.004084
v -29.643028 0.997974 -4.004084
v -29.600311 0.997974 -4.004084
v -29.661648 0.895523 -4.004084
v -29.653778 0.970523 -4.004084
v -29.600311 0.678528 -4.004084
v -27.399605 0.678528 -6.210072
v -27.399605 0.970523 -6.263538
v -27.399605 0.895523 -6.271408
v -27.399605 0.997974 -6.210072
v -27.399605 0.997974 -6.252789
v -27.399605 0.793072 -6.274290
v -27.399605 0.678528 -6.274290
v -29.663475 0.678528 -6.269318
v -29.663475 0.793072 -6.269318
v -29.641972 0.997974 -6.247816
v -29.599258 0.997974 -6.205101
v -29.660595 0.895523 -6.266438
v -29.652725 0.970523 -6.258568
v -29.599258 0.678528 -6.205101
v -28.879654 0.000000 -2.000000
v -28.879654 1.000000 -2.000000
v -29.600346 0.000000 -2.000000
v -29.600346 1.000000 -2.000000
v -28.879654 0.000000 -4.000000
v -28.879654 1.000000 -4.000000
v -29.600346 0.000000 -4.000000
v -29.600346 1.000000 -4.000000
v -29.600277 0.678528 -4.003117
v -29.653744 0.970523 -4.003117
v -29.661613 0.895523 -4.003117
v -29.600277 0.997974 -4.003117
v -29.642994 0.997974 -4.003117
v -29.664497 0.793072 -4.003117
v -29.664497 0.678528 -4.003117
v -29.664497 0.678528 -2.003857
v -29.664497 0.793072 -2.003857
v -29.642994 0.997974 -2.003857
v -29.600277 0.997974 -2.003857
v -29.661613 0.895523 -2.003857
v -29.653744 0.970523 -2.003857
v -29.600277 0.678528 -2.003857
v -28.879654 0.000000 2.000000
v -28.879654 1.000000 2.000000
v -29.600346 0.000000 2.000000
v -29.600346 1.000000 2.000000
v -28.879654 0.000000 0.000000
v -28.879654 1.000000 0.000000
v -29.600346 0.000000 0.000000
v -29.600346 1.000000 0.000000
v -29.600277 0.678528 -0.003117
v -29.653744 0.970523 -0.003117
v -29.661613 0.895523 -0.003117
v -29.600277 0.997974 -0.003117
v -29.642994 0.997974 -0.003117
v -29.664497 0.793072 -0.003117
v -29.664497 0.678528 -0.003117
v -29.664497 0.678528 1.996143
v -29.664497 0.793072 1.996143
v -29.642994 0.997974 1.996143
v -29.600277 0.997974 1.996143
v -29.661613 0.895523 1.996143
v -29.653744 0.970523 1.996143
v -29.600277 0.678528 1.996143
v -28.879654 0.000000 4.000000
v -28.879654 1.000000 4.000000
v -29.600346 0.000000 4.000000
v -29.600346 1.000000 4.000000
v -29.600277 0.678528 1.996883
v -29.653744 0.970523 1.996883
v -29.661613 0.895523 1.996883
v -29.600277 0.997974 1.996883
v -29.642994 0.997974 1.996883
v -29.664497 0.793072 1.996883
v -29.664497 0.678528 1.996883
v -29.664497 0.678528 3.996143
v -29.664497 0.793072 3.996143
v -29.642994 0.997974 3.996143
v -29.600277 0.997974 3.996143
v -29.661613 0.895523 3.996143
v -29.653744 0.970523 3.996143
v -29.600277 0.678528 3.996143
v -28.879654 0.000000 10.000001
v -28.879654 1.000000 10.000001
v -29.600346 0.000000 10.000001
v -29.600346 1.000000 10.000001
v -28.879654 0.000000 8.000001
v -28.879654 1.000000 8.000001
v -29.600346 0.000000 8.000001
v -29.600346 1.000000 8.000001
v -29.600277 0.678528 7.996884
v -29.653744 0.970523 7.996884
v -29.661613 0.895523 7.996884
v -29.600277 0.997974 7.996884
v -29.642994 0.997974 7.996884
v -29.664497 0.793072 7.996884
v -29.664497 0.678528 7.996884
v -29.664497 0.678528 9.996144
v -29.664497 0.793072 9.996144
v -29.642994 0.997974 9.996144
v -29.600277 0.997974 9.996144
v -29.661613 0.895523 9.996144
v -29.653744 0.970523 9.996144
v -29.600277 0.678528 9.996144
v -28.879654 0.000000 12.000001
v -28.879654 1.000000 12.000001
v -29.600346 0.000000 12.000001
v -29.600346 1.000000 12.000001
v -29.600277 0.678528 9.996884
v -29.653744 0.970523 9.996884
v -29.661613 0.895523 9.996884
v -29.600277 0.997974 9.996884
v -29.642994 0.997974 9.996884
v -29.664497 0.793072 9.996884
v -29.664497 0.678528 9.996884
v -29.664497 0.678528 11.996144
v -29.664497 0.793072 11.996144
v -29.642994 0.997974 11.996144
v -29.600277 0.997974 11.996144
v -29.661613 0.895523 11.996144
v -29.653744 0.970523 11.996144
v -29.600277 0.678528 11.996144
v -28.879654 0.000000 16.000000
v -28.879654 1.000000 16.000000
v -29.600346 0.000000 16.000000
v -29.600346 1.000000 16.000000
v -28.879654 0.000000 14.000001
v -28.879654 1.000000 14.000001
v -29.600346 0.000000 14.000001
v -29.600346 1.000000 14.000001
v -29.600277 0.678528 13.996884
v -29.653744 0.970523 13.996884
v -29.661613 0.895523 13.996884
v -29.600277 0.997974 13.996884
v -29.642994 0.997974 13.996884
v -29.664497 0.793072 13.996884
v -29.664497 0.678528 13.996884
v -29.664497 0.678528 15.996145
v -29.664497 0.793072 15.996145
v -29.642994 0.997974 15.996145
v -29.600277 0.997974 15.996145
v -29.661613 0.895523 15.996145
v -29.653744 0.970523 15.996145
v -29.600277 0.678528 15.996145
v -28.884792 0.000000 17.502384
v -28.884792 1.000000 17.502384
v -29.605484 0.000000 18.205814
v -29.605484 1.000000 18.205814
v -28.889793 0.000000 15.999609
v -28.889793 1.000000 15.999609
v -29.610485 0.000000 15.999609
v -29.610485 1.000000 15.999609
v -27.402046 0.000000 17.502384
v -27.402046 1.000000 17.502384
v -27.402046 0.000000 18.205814
v -27.402046 1.000000 18.205814
v -29.609417 0.678528 18.200314
v -29.662884 0.970523 18.253780
v -29.670753 0.895523 18.261650
v -29.609417 0.997974 18.200314
v -29.652134 0.997974 18.243031
v -29.673634 0.793072 18.264530
v -29.673634 0.678528 18.264530
v -27.404083 0.678528 18.264530
v -27.404083 0.793072 18.264530
v -27.404083 0.997974 18.243031
v -27.404083 0.997974 18.200314
v -27.404083 0.895523 18.261650
v -27.404083 0.970523 18.253780
v -27.404083 0.678528 18.200314
v -29.610069 0.678528 15.999607
v -29.663536 0.970523 15.999607
v -29.671406 0.895523 15.999607
v -29.610069 0.997974 15.999607
v -29.652786 0.997974 15.999607
v -29.674290 0.793072 15.999607
v -29.674290 0.678528 15.999607
v -29.669319 0.678528 18.263474
v -29.669319 0.793072 18.263474
v -29.647816 0.997974 18.241974
v -29.605103 0.997974 18.199257
v -29.666439 0.895523 18.260593
v -29.658569 0.970523 18.252724
v -29.605103 0.678528 18.199257
v -21.897617 0.000000 17.484789
v -21.897617 1.000000 17.484789
v -21.194187 0.000000 18.205488
v -21.194187 1.000000 18.205488
v -23.400394 0.000000 17.489790
v -23.400394 1.000000 17.489790
v -23.400394 0.000000 18.210485
v -23.400394 1.000000 18.210485
v -21.897617 0.000000 16.002047
v -21.897617 1.000000 16.002047
v -21.194187 0.000000 16.002050
v -21.194187 1.000000 16.002050
v -21.199688 0.678528 18.209421
v -21.146221 0.970523 18.262888
v -21.138351 0.895523 18.270758
v -21.199688 0.997974 18.209421
v -21.156971 0.997974 18.252134
v -21.135471 0.793072 18.273638
v -21.135471 0.678528 18.273638
v -21.135471 0.678528 16.004087
v -21.135471 0.793072 16.004087
v -21.156971 0.997974 16.004087
v -21.199688 0.997974 16.004087
v -21.138351 0.895523 16.004087
v -21.146221 0.970523 16.004087
v -21.199688 0.678528 16.004087
v -23.400394 0.678528 18.210070
v -23.400394 0.970523 18.263536
v -23.400394 0.895523 18.271406
v -23.400394 0.997974 18.210070
v -23.400394 0.997974 18.252787
v -23.400394 0.793072 18.274286
v -23.400394 0.678528 18.274286
v -21.136528 0.678528 18.269320
v -21.136528 0.793072 18.269320
v -21.158028 0.997974 18.247820
v -21.200745 0.997974 18.205103
v -21.139408 0.895523 18.266439
v -21.147278 0.970523 18.258570
v -21.200745 0.678528 18.205103
v -21.910347 0.000000 14.000001
v -21.910347 1.000000 14.000001
v -21.189651 0.000000 14.000001
v -21.189651 1.000000 14.000001
v -21.910347 0.000000 16.000000
v -21.910347 1.000000 16.000000
v -21.189651 0.000000 16.000000
v -21.189651 1.000000 16.000000
v -21.189720 0.678528 16.003119
v -21.136253 0.970523 16.003119
v -21.128384 0.895523 16.003119
v -21.189720 0.997974 16.003119
v -21.147003 0.997974 16.003119
v -21.125504 0.793072 16.003119
v -21.125504 0.678528 16.003119
v -21.125504 0.678528 14.003858
v -21.125504 0.793072 14.003858
v -21.147003 0.997974 14.003858
v -21.189720 0.997974 14.003858
v -21.128384 0.895523 14.003858
v -21.136253 0.970523 14.003858
v -21.189720 0.678528 14.003858
v -5.489654 0.000000 16.000000
v -5.489654 1.000000 16.000000
v -6.210346 0.000000 16.000000
v -6.210346 1.000000 16.000000
v -5.489654 0.000000 14.000001
v -5.489654 1.000000 14.000001
v -6.210346 0.000000 14.000001
v -6.210346 1.000000 14.000001
v -6.210279 0.678528 13.996884
v -6.263746 0.970523 13.996884
v -6.271616 0.895523 13.996884
v -6.210279 0.997974 13.996884
v -6.252994 0.997974 13.996884
v -6.274498 0.793072 13.996884
v -6.274498 0.678528 13.996884
v -6.274496 0.678528 15.996143
v -6.274496 0.793072 15.996143
v -6.252994 0.997974 15.996143
v -6.210279 0.997974 15.996143
v -6.271616 0.895523 15.996143
v -6.263746 0.970523 15.996143
v -6.210279 0.678528 15.996143
v -5.489652 0.000000 -6.000000
v -5.489652 1.000000 -6.000000
v -6.210346 0.000000 -6.000000
v -6.210346 1.000000 -6.000000
v -6.210277 0.678528 -6.003117
v -6.263744 0.970523 -6.003117
v -6.271616 0.895523 -6.003117
v -6.210277 0.997974 -6.003117
v -6.252994 0.997974 -6.003117
v -6.274496 0.793072 -6.003117
v -6.274496 0.678528 -6.003117
v -6.274496 0.678528 -4.003857
v -6.274496 0.793072 -4.003857
v -6.252995 0.997974 -4.003857
v -6.210278 0.997974 -4.003857
v -6.271616 0.895523 -4.003857
v -6.263744 0.970523 -4.003857
v -6.210278 0.678528 -4.003857
v -5.489652 0.000000 -8.000000
v -5.489652 1.000000 -8.000000
v -6.210346 0.000000 -8.000000
v -6.210346 1.000000 -8.000000
v -6.210277 0.678528 -8.003117
v -6.263744 0.970523 -8.003117
v -6.271616 0.895523 -8.003117
v -6.210277 0.997974 -8.003117
v -6.252994 0.997974 -8.003117
v -6.274496 0.793072 -8.003117
v -6.274496 0.678528 -8.003117
v -6.274496 0.678528 -6.003857
v -6.274496 0.793072 -6.003857
v -6.252994 0.997974 -6.003857
v -6.210277 0.997974 -6.003857
v -6.271614 0.895523 -6.003857
v -6.263744 0.970523 -6.003857
v -6.210277 0.678528 -6.003857
v -5.502380 0.000000 -9.484791
v -5.502380 1.000000 -9.484791
v -6.205811 0.000000 -10.205484
v -6.205811 1.000000 -10.205484
v -3.999605 0.000000 -9.489792
v -3.999605 1.000000 -9.489792
v -3.999605 0.000000 -10.210484
v -3.999605 1.000000 -10.210484
v -5.502380 0.000000 -8.002047
v -5.502380 1.000000 -8.002047
v -6.205810 0.000000 -8.002047
v -6.205810 1.000000 -8.002047
v -6.200312 0.678528 -10.209417
v -6.253778 0.970523 -10.262884
v -6.261648 0.895523 -10.270754
v -6.200312 0.997974 -10.209417
v -6.243027 0.997974 -10.252132
v -6.264528 0.793072 -10.273636
v -6.264528 0.678528 -10.273636
v -6.264528 0.678528 -8.004084
v -6.264528 0.793072 -8.004084
v -6.243026 0.997974 -8.004084
v -6.200311 0.997974 -8.004084
v -6.261648 0.895523 -8.004084
v -6.253778 0.970523 -8.004084
v -6.200311 0.678528 -8.004084
v -3.999605 0.678528 -10.210070
v -3.999605 0.970523 -10.263536
v -3.999605 0.895523 -10.271408
v -3.999605 0.997974 -10.210070
v -3.999605 0.997974 -10.252785
v -3.999605 0.793072 -10.274288
v -3.999605 0.678528 -10.274288
v -6.263472 0.678528 -10.269318
v -6.263472 0.793072 -10.269318
v -6.241970 0.997974 -10.247818
v -6.199255 0.997974 -10.205101
v -6.260592 0.895523 -10.266438
v -6.252722 0.970523 -10.258568
v -6.199255 0.678528 -10.205101
v -25.396275 0.694288 -5.480429
v -25.396275 0.694288 -6.101124
v -25.396275 -0.002995 -6.101124
v -25.396275 -0.002995 -5.480429
v -23.896271 0.694288 -5.480429
v -23.896271 0.694288 -6.101124
v -23.896271 -0.002995 -6.101124
v -23.896271 -0.002995 -5.480429
v -24.896271 0.694288 -5.480429
v -24.896271 -0.002995 -5.480429
v -24.896271 0.694288 -6.101124
v -24.896271 -0.002995 -6.101124
v -26.896275 0.694288 -5.480429
v -26.896275 0.694288 -6.101124
v -26.896275 -0.002995 -6.101124
v -26.896275 -0.002995 -5.480429
v -25.896275 0.694288 -5.480429
v -25.896275 -0.002995 -5.480429
v -25.896275 0.694288 -6.101124
v -25.896275 -0.002995 -6.101124
v -26.804272 0.602288 -6.134521
v -26.804272 0.084026 -6.134521
v -26.804272 0.602288 -5.480429
v -26.804272 0.084026 -5.480429
v -23.988274 0.602288 -6.134521
v -23.988274 0.084026 -6.134521
v -23.988274 0.602288 -5.480429
v -23.988274 0.084026 -5.480429
v -26.764984 0.562966 -5.922579
v -26.764156 0.126032 -5.919928
v -26.763313 0.559350 -5.737480
v -26.764156 0.126032 -5.734877
v -24.029343 0.562966 -5.922579
v -24.030170 0.126032 -5.919928
v -24.031013 0.559350 -5.737480
v -24.030170 0.126032 -5.734877
v -24.030170 0.126032 -5.781139
v -24.030170 0.126032 -5.873665
v -24.030170 0.559859 -5.783766
v -24.030170 0.562502 -5.876291
v -26.764156 0.559859 -5.783766
v -26.764156 0.562502 -5.876291
v -26.764156 0.126032 -5.781139
v -26.764156 0.126032 -5.873665
v -26.896275 0.694288 -6.134521
v -26.896275 -0.007974 -6.134521
v -26.896275 -0.007974 -5.480429
v -23.896271 0.694288 -6.134521
v -23.896271 -0.007974 -6.134521
v -23.896271 -0.007974 -5.480429
v -26.856155 0.655787 -5.919928
v -26.856155 0.034032 -5.919928
v -26.856155 0.650500 -5.734877
v -26.856155 0.034032 -5.734877
v -23.938171 0.655787 -5.919928
v -23.938171 0.034032 -5.919928
v -23.938171 0.650500 -5.734877
v -23.938171 0.034032 -5.734877
v -23.938171 0.034032 -5.781139
v -23.938171 0.034032 -5.873665
v -23.938171 0.651821 -5.781139
v -23.938171 0.654465 -5.873665
v -26.856155 0.651821 -5.781139
v -26.856155 0.654465 -5.873665
v -26.856155 0.034032 -5.781139
v -26.856155 0.034032 -5.873665
v -25.786160 0.126032 -5.919928
v -25.008167 0.126032 -5.919928
v -25.008167 0.126032 -5.734877
v -25.786160 0.126032 -5.734877
v -25.786160 0.126032 -5.873665
v -25.008167 0.126032 -5.873665
v -25.786160 0.126032 -5.781139
v -25.008167 0.126032 -5.781139
v -25.816826 0.034032 -5.919928
v -24.977501 0.034032 -5.919928
v -24.977501 0.034032 -5.734877
v -25.816826 0.034032 -5.734877
v -25.816826 0.034032 -5.873665
v -24.977501 0.034032 -5.873665
v -25.816826 0.034032 -5.781139
v -24.977501 0.034032 -5.781139
v -24.838814 0.126032 -5.919928
v -24.838814 0.126032 -5.873665
v -24.838814 0.126032 -5.781139
v -24.834213 0.034032 -5.919928
v -24.834213 0.034032 -5.873665
v -24.834213 0.034032 -5.781139
v -24.838814 0.126032 -5.734877
v -24.834213 0.034032 -5.734877
v -24.955513 0.126032 -5.734877
v -24.960114 0.034032 -5.734877
v -24.955513 0.126032 -5.919928
v -24.955513 0.126032 -5.873665
v -24.955513 0.126032 -5.781139
v -24.960114 0.034032 -5.919928
v -24.960114 0.034032 -5.873665
v -24.960114 0.034032 -5.781139
v -24.955555 0.562966 -5.922579
v -24.955513 0.562502 -5.876291
v -24.955513 0.559859 -5.783766
v -24.960114 0.655787 -5.919928
v -24.960114 0.654465 -5.873665
v -24.960114 0.651821 -5.781139
v -24.955471 0.559350 -5.737480
v -24.960114 0.650500 -5.734877
v -24.838856 0.559350 -5.737480
v -24.834213 0.650500 -5.734877
v -24.838772 0.562966 -5.922579
v -24.838814 0.562502 -5.876291
v -24.838814 0.559859 -5.783766
v -24.834213 0.655787 -5.919928
v -24.834213 0.654465 -5.873665
v -24.834213 0.651821 -5.781139
v -26.763062 0.128270 -5.786478
v -26.763062 0.559005 -5.786478
v -26.763062 0.128270 -5.824951
v -26.763062 0.559005 -5.824951
v -24.955841 0.128270 -5.786478
v -24.955841 0.559005 -5.786478
v -24.955841 0.128270 -5.824951
v -24.955841 0.559005 -5.824951
v -24.840641 0.128270 -5.786478
v -24.840641 0.559005 -5.786478
v -24.840641 0.128270 -5.824951
v -24.840641 0.559005 -5.824951
v -24.033424 0.128270 -5.786478
v -24.033424 0.559005 -5.786478
v -24.033424 0.128270 -5.824951
v -24.033424 0.559005 -5.824951
v -25.997166 0.090126 -5.919928
v -25.997166 0.090126 -5.734877
v -25.997166 0.090126 -5.873665
v -25.997166 0.090126 -5.781139
v -25.997166 -0.001874 -5.919928
v -25.997166 -0.001874 -5.734877
v -25.997166 -0.001874 -5.873665
v -25.997166 -0.001874 -5.781139
v -25.938816 0.090126 -5.919928
v -25.938816 0.090126 -5.873665
v -25.938816 0.090126 -5.781139
v -25.934216 -0.001874 -5.919928
v -25.934216 -0.001874 -5.873665
v -25.934216 -0.001874 -5.781139
v -25.938816 0.090126 -5.734877
v -25.934216 -0.001874 -5.734877
v -26.055515 0.090126 -5.734877
v -26.060112 -0.001874 -5.734877
v -26.055515 0.090126 -5.919928
v -26.055515 0.090126 -5.873665
v -26.055515 0.090126 -5.781139
v -26.060112 -0.001874 -5.919928
v -26.060112 -0.001874 -5.873665
v -26.060112 -0.001874 -5.781139
v -25.997166 0.590425 -5.922579
v -25.997166 0.586809 -5.737480
v -25.997166 0.589961 -5.876291
v -25.997166 0.587318 -5.783766
v -25.997166 0.683245 -5.919928
v -25.997166 0.677959 -5.734877
v -25.997166 0.681924 -5.873665
v -25.997166 0.679280 -5.781139
v -26.055553 0.590425 -5.922579
v -26.055515 0.589961 -5.876291
v -26.055515 0.587318 -5.783766
v -26.060112 0.683245 -5.919928
v -26.060112 0.681924 -5.873665
v -26.060112 0.679280 -5.781139
v -26.055470 0.586809 -5.737480
v -26.060112 0.677959 -5.734877
v -25.938858 0.586809 -5.737480
v -25.934216 0.677959 -5.734877
v -25.938774 0.590425 -5.922579
v -25.938816 0.589961 -5.876291
v -25.938816 0.587318 -5.783766
v -25.934216 0.683245 -5.919928
v -25.934216 0.681924 -5.873665
v -25.934216 0.679280 -5.781139
v -26.055843 0.092364 -5.786478
v -26.055843 0.586464 -5.786478
v -26.055843 0.092364 -5.824951
v -26.055843 0.586464 -5.824951
v -25.940643 0.092364 -5.786478
v -25.940643 0.586464 -5.786478
v -25.940643 0.092364 -5.824951
v -25.940643 0.586464 -5.824951
v -24.897163 0.126032 -5.919928
v -24.897163 0.126032 -5.734877
v -24.897163 0.126032 -5.873665
v -24.897163 0.126032 -5.781139
v -24.897163 0.034032 -5.919928
v -24.897163 0.034032 -5.734877
v -24.897163 0.034032 -5.873665
v -24.897163 0.034032 -5.781139
v -24.897163 0.594132 -5.922579
v -24.897163 0.590516 -5.737480
v -24.897163 0.593669 -5.876291
v -24.897163 0.591025 -5.783766
v -24.897163 0.686953 -5.919928
v -24.897163 0.681666 -5.734877
v -24.897163 0.685631 -5.873665
v -24.897163 0.682988 -5.781139
v -24.955555 0.594132 -5.922579
v -24.955513 0.593669 -5.876291
v -24.955513 0.591025 -5.783766
v -24.960114 0.686953 -5.919928
v -24.960114 0.685631 -5.873665
v -24.960114 0.682988 -5.781139
v -24.955471 0.590516 -5.737480
v -24.960114 0.681666 -5.734877
v -24.838856 0.590516 -5.737480
v -24.834213 0.681666 -5.734877
v -24.838772 0.594132 -5.922579
v -24.838814 0.593669 -5.876291
v -24.838814 0.591025 -5.783766
v -24.834213 0.686953 -5.919928
v -24.834213 0.685631 -5.873665
v -24.834213 0.682988 -5.781139
v -24.955841 0.590172 -5.786478
v -24.955841 0.590172 -5.824951
v -24.840641 0.590172 -5.786478
v -24.840641 0.590172 -5.824951
v -23.392956 0.672816 -6.201828
v -23.392956 0.964811 -6.255295
v -23.392956 0.889811 -6.263165
v -23.392956 0.992262 -6.201828
v -23.392956 0.992262 -6.244545
v -23.392956 0.787360 -6.266045
v -23.392956 0.672816 -6.266045
v -27.392216 0.672816 -6.266045
v -27.392216 0.787360 -6.266045
v -27.392216 0.992262 -6.244545
v -27.392216 0.992262 -6.201828
v -27.392216 0.889811 -6.263165
v -27.392216 0.964811 -6.255295
v -27.392216 0.672816 -6.201828
v -23.896271 -0.004353 -5.480431
v -23.896271 0.693266 -5.480431
v -23.896271 0.994288 -5.480431
v -23.896271 -0.004353 -6.201124
v -23.396271 -0.004353 -5.480431
v -23.396271 0.994288 -5.480431
v -23.396271 -0.004353 -6.201124
v -23.896271 0.693266 -6.201124
v -23.396271 0.693266 -6.201124
v -23.396271 0.693266 -5.480431
v -23.896271 0.994288 -6.201124
v -26.896275 0.693266 -5.480431
v -26.896275 0.994288 -5.480431
v -26.896275 -0.004353 -6.201124
v -27.396275 -0.004353 -5.480431
v -27.396275 0.994288 -5.480431
v -26.896275 0.693266 -6.201124
v -27.396275 0.693266 -6.201124
v -27.396275 0.693266 -5.480431
v -26.896275 -0.004353 -5.480431
v -27.396275 -0.004353 -6.201124
v -26.896275 0.994288 -6.201124
v -27.396275 -0.005712 -5.480431
v -27.396275 -0.005712 -6.201122
v -27.396275 0.994288 -6.201123
v -27.392956 0.672816 -6.201828
v -27.392956 0.964811 -6.255295
v -27.392956 0.889811 -6.263165
v -27.392956 0.992262 -6.201828
v -27.392956 0.992262 -6.244543
v -27.392956 0.787360 -6.266045
v -27.392956 0.672816 -6.266045
v -23.396271 -0.005712 -5.480431
v -23.396271 -0.005712 -6.201122
v -23.396271 0.994288 -6.201123
v -23.392212 0.672816 -6.266045
v -23.392212 0.787360 -6.266045
v -23.392212 0.992262 -6.244543
v -23.392212 0.992262 -6.201828
v -23.392212 0.889811 -6.263165
v -23.392212 0.964811 -6.255295
v -23.392212 0.672816 -6.201828
v -28.868053 0.694288 5.985320
v -29.488747 0.694288 5.985320
v -29.488747 -0.002995 5.985320
v -28.868053 -0.002995 5.985320
v -28.868053 0.694288 4.485320
v -29.488747 0.694288 4.485320
v -29.488747 -0.002995 4.485320
v -28.868053 -0.002995 4.485320
v -28.868053 0.694288 5.485320
v -28.868053 -0.002995 5.485320
v -29.488747 0.694288 5.485320
v -29.488747 -0.002995 5.485320
v -28.868053 0.694288 7.485320
v -29.488747 0.694288 7.485320
v -29.488747 -0.002995 7.485320
v -28.868053 -0.002995 7.485320
v -28.868053 0.694288 6.485320
v -28.868053 -0.002995 6.485320
v -29.488747 0.694288 6.485320
v -29.488747 -0.002995 6.485320
v -29.522144 0.602288 7.393319
v -29.522144 0.084026 7.393319
v -28.868053 0.602288 7.393319
v -28.868053 0.084026 7.393319
v -29.522144 0.602288 4.577319
v -29.522144 0.084026 4.577319
v -28.868053 0.602288 4.577319
v -28.868053 0.084026 4.577319
v -29.310204 0.562966 7.354030
v -29.307552 0.126032 7.353202
v -29.125103 0.559350 7.352359
v -29.122501 0.126032 7.353202
v -29.310204 0.562966 4.618392
v -29.307552 0.126032 4.619220
v -29.125103 0.559350 4.620063
v -29.122501 0.126032 4.619220
v -29.168762 0.126032 4.619220
v -29.261288 0.126032 4.619220
v -29.171391 0.559859 4.619220
v -29.263916 0.562502 4.619220
v -29.171391 0.559859 7.353202
v -29.263916 0.562502 7.353202
v -29.168762 0.126032 7.353202
v -29.261288 0.126032 7.353202
v -29.522144 0.694288 7.485320
v -29.522144 -0.007974 7.485320
v -28.868053 -0.007974 7.485320
v -29.522144 0.694288 4.485320
v -29.522144 -0.007974 4.485320
v -28.868053 -0.007974 4.485320
v -29.307552 0.655787 7.445201
v -29.307552 0.034032 7.445201
v -29.122501 0.650500 7.445201
v -29.122501 0.034032 7.445201
v -29.307552 0.655787 4.527219
v -29.307552 0.034032 4.527219
v -29.122501 0.650500 4.527219
v -29.122501 0.034032 4.527219
v -29.168762 0.034032 4.527219
v -29.261288 0.034032 4.527219
v -29.168762 0.651821 4.527219
v -29.261288 0.654465 4.527219
v -29.168762 0.651821 7.445201
v -29.261288 0.654465 7.445201
v -29.168762 0.034032 7.445201
v -29.261288 0.034032 7.445201
v -29.307552 0.126032 6.375207
v -29.307552 0.126032 5.597213
v -29.122501 0.126032 5.597213
v -29.122501 0.126032 6.375207
v -29.261288 0.126032 6.375207
v -29.261288 0.126032 5.597213
v -29.168762 0.126032 6.375207
v -29.168762 0.126032 5.597213
v -29.307552 0.034032 6.405873
v -29.307552 0.034032 5.566546
v -29.122501 0.034032 5.566546
v -29.122501 0.034032 6.405873
v -29.261288 0.034032 6.405873
v -29.261288 0.034032 5.566546
v -29.168762 0.034032 6.405873
v -29.168762 0.034032 5.566546
v -29.307552 0.126032 5.427861
v -29.261288 0.126032 5.427861
v -29.168762 0.126032 5.427861
v -29.307552 0.034032 5.423261
v -29.261288 0.034032 5.423261
v -29.168762 0.034032 5.423261
v -29.122501 0.126032 5.427861
v -29.122501 0.034032 5.423261
v -29.122501 0.126032 5.544560
v -29.122501 0.034032 5.549161
v -29.307552 0.126032 5.544560
v -29.261288 0.126032 5.544560
v -29.168762 0.126032 5.544560
v -29.307552 0.034032 5.549159
v -29.261288 0.034032 5.549159
v -29.168762 0.034032 5.549159
v -29.310204 0.562966 5.544600
v -29.263916 0.562502 5.544560
v -29.171391 0.559859 5.544560
v -29.307552 0.655787 5.549159
v -29.261288 0.654465 5.549159
v -29.168762 0.651821 5.549159
v -29.125103 0.559350 5.544518
v -29.122501 0.650500 5.549159
v -29.125103 0.559350 5.427903
v -29.122501 0.650500 5.423261
v -29.310204 0.562966 5.427819
v -29.263916 0.562502 5.427861
v -29.171391 0.559859 5.427861
v -29.307552 0.655787 5.423261
v -29.261288 0.654465 5.423261
v -29.168762 0.651821 5.423261
v -29.174103 0.128270 7.352109
v -29.174103 0.559005 7.352109
v -29.212574 0.128270 7.352109
v -29.212574 0.559005 7.352109
v -29.174103 0.128270 5.544890
v -29.174103 0.559005 5.544890
v -29.212574 0.128270 5.544890
v -29.212574 0.559005 5.544890
v -29.174103 0.128270 5.429688
v -29.174103 0.559005 5.429688
v -29.212574 0.128270 5.429688
v -29.212574 0.559005 5.429688
v -29.174103 0.128270 4.622470
v -29.174103 0.559005 4.622470
v -29.212574 0.128270 4.622470
v -29.212574 0.559005 4.622470
v -29.307552 0.090126 6.586211
v -29.122501 0.090126 6.586211
v -29.261288 0.090126 6.586211
v -29.168762 0.090126 6.586211
v -29.307552 -0.001874 6.586211
v -29.122501 -0.001874 6.586211
v -29.261288 -0.001874 6.586211
v -29.168762 -0.001874 6.586211
v -29.307552 0.090126 6.527862
v -29.261288 0.090126 6.527862
v -29.168762 0.090126 6.527862
v -29.307552 -0.001874 6.523261
v -29.261288 -0.001874 6.523261
v -29.168762 -0.001874 6.523261
v -29.122501 0.090126 6.527862
v -29.122501 -0.001874 6.523261
v -29.122501 0.090126 6.644561
v -29.122501 -0.001874 6.649159
v -29.307552 0.090126 6.644561
v -29.261288 0.090126 6.644561
v -29.168762 0.090126 6.644561
v -29.307552 -0.001874 6.649159
v -29.261288 -0.001874 6.649159
v -29.168762 -0.001874 6.649159
v -29.310204 0.590425 6.586211
v -29.125103 0.586809 6.586211
v -29.263916 0.589961 6.586211
v -29.171391 0.587318 6.586211
v -29.307552 0.683245 6.586211
v -29.122501 0.677959 6.586211
v -29.261288 0.681924 6.586211
v -29.168762 0.679280 6.586211
v -29.310204 0.590425 6.644601
v -29.263916 0.589961 6.644561
v -29.171391 0.587318 6.644561
v -29.307552 0.683245 6.649159
v -29.261288 0.681924 6.649159
v -29.168762 0.679280 6.649159
v -29.125103 0.586809 6.644517
v -29.122501 0.677959 6.649159
v -29.125103 0.586809 6.527904
v -29.122501 0.677959 6.523261
v -29.310204 0.590425 6.527820
v -29.263916 0.589961 6.527862
v -29.171391 0.587318 6.527862
v -29.307552 0.683245 6.523261
v -29.261288 0.681924 6.523261
v -29.168762 0.679280 6.523261
v -29.174103 0.092364 6.644891
v -29.174103 0.586464 6.644891
v -29.212574 0.092364 6.644891
v -29.212574 0.586464 6.644891
v -29.174103 0.092364 6.529689
v -29.174103 0.586464 6.529689
v -29.212574 0.092364 6.529689
v -29.212574 0.586464 6.529689
v -29.307552 0.126032 5.486211
v -29.122501 0.126032 5.486211
v -29.261288 0.126032 5.486211
v -29.168762 0.126032 5.486211
v -29.307552 0.034032 5.486211
v -29.122501 0.034032 5.486211
v -29.261288 0.034032 5.486211
v -29.168762 0.034032 5.486211
v -29.310204 0.594132 5.486211
v -29.125103 0.590516 5.486211
v -29.263916 0.593669 5.486211
v -29.171391 0.591025 5.486211
v -29.307552 0.686953 5.486211
v -29.122501 0.681666 5.486211
v -29.261288 0.685631 5.486211
v -29.168762 0.682988 5.486211
v -29.310204 0.594132 5.544600
v -29.263916 0.593669 5.544560
v -29.171391 0.591025 5.544560
v -29.307552 0.686953 5.549159
v -29.261288 0.685631 5.549159
v -29.168762 0.682988 5.549159
v -29.125103 0.590516 5.544518
v -29.122501 0.681666 5.549159
v -29.125103 0.590516 5.427903
v -29.122501 0.681666 5.423261
v -29.310204 0.594132 5.427819
v -29.263916 0.593669 5.427861
v -29.171391 0.591025 5.427861
v -29.307552 0.686953 5.423261
v -29.261288 0.685631 5.423261
v -29.168762 0.682988 5.423261
v -29.174103 0.590172 5.544890
v -29.212574 0.590172 5.544890
v -29.174103 0.590172 5.429688
v -29.212574 0.590172 5.429688
v -29.589451 0.672816 3.982002
v -29.642918 0.964811 3.982002
v -29.650787 0.889811 3.982002
v -29.589451 0.992262 3.982002
v -29.632168 0.992262 3.982002
v -29.653667 0.787360 3.982002
v -29.653667 0.672816 3.982002
v -29.653667 0.672816 7.981261
v -29.653667 0.787360 7.981261
v -29.632168 0.992262 7.981261
v -29.589451 0.992262 7.981261
v -29.650787 0.889811 7.981261
v -29.642918 0.964811 7.981261
v -29.589451 0.672816 7.981261
v -28.868053 -0.004353 4.485320
v -28.868053 0.693266 4.485320
v -28.868053 0.994288 4.485320
v -29.588749 -0.004353 4.485320
v -28.868053 -0.004353 3.985320
v -28.868053 0.994288 3.985320
v -29.588749 -0.004353 3.985320
v -29.588747 0.994288 3.985320
v -29.588749 0.693266 4.485320
v -29.588749 0.693266 3.985320
v -28.868053 0.693266 3.985320
v -29.588749 0.994288 4.485320
v -28.868053 0.693266 7.485320
v -28.868053 0.994288 7.485320
v -29.588749 -0.004353 7.485320
v -28.868053 -0.004353 7.985320
v -28.868053 0.994288 7.985320
v -29.588747 0.994288 7.985320
v -29.588749 0.693266 7.485320
v -29.588749 0.693266 7.985320
v -28.868053 0.693266 7.985320
v -28.868053 -0.004353 7.485320
v -29.588749 -0.004353 7.985320
v -29.588749 0.994288 7.485320
v -28.868053 -0.005712 7.985320
v -29.588745 -0.005712 7.985320
v -29.589451 0.672816 7.982001
v -29.642918 0.964811 7.982001
v -29.650787 0.889811 7.982001
v -29.589451 0.992262 7.982001
v -29.632168 0.992262 7.982001
v -29.653667 0.787360 7.982001
v -29.653667 0.672816 7.982001
v -28.868053 -0.005712 3.985320
v -29.588745 -0.005712 3.985320
v -29.653667 0.672816 3.981261
v -29.653667 0.787360 3.981261
v -29.632168 0.992262 3.981261
v -29.589451 0.992262 3.981261
v -29.650787 0.889811 3.981261
v -29.642918 0.964811 3.981261
v -29.589451 0.672816 3.981261
v -19.214069 0.042598 -0.144558
v -19.214069 0.627982 -0.144558
v -19.214069 0.042598 -0.183033
v -19.214069 0.627982 -0.183033
v -18.185932 0.042598 -0.144558
v -18.185932 0.627982 -0.144558
v -18.185932 0.042598 -0.183033
v -18.185932 0.627982 -0.183033
v -18.100000 0.001359 0.210346
v -18.100000 0.698978 0.210346
v -18.100000 1.000000 0.210346
v -18.100000 0.001359 -0.510347
v -17.700001 0.001359 0.210346
v -17.700001 0.001359 -0.510347
v -18.100000 0.698978 -0.510347
v -17.700001 0.698978 -0.510347
v -17.700001 0.698978 0.210346
v -18.100000 1.000000 -0.510347
v -19.300001 0.698978 0.210346
v -19.300001 1.000000 0.210346
v -19.300001 0.001359 -0.510347
v -19.700001 0.001359 0.210346
v -19.700001 1.000000 0.210346
v -19.700001 1.000000 -0.510347
v -19.300001 0.698978 -0.510347
v -19.700001 0.698978 -0.510347
v -19.700001 0.698978 0.210346
v -19.300001 0.001359 0.210346
v -19.700001 0.001359 -0.510347
v -19.300001 1.000000 -0.510347
v -17.696682 0.678528 -0.511051
v -17.696682 0.970523 -0.564518
v -17.696682 0.895523 -0.572388
v -17.696682 0.997974 -0.511051
v -17.696682 0.997974 -0.553766
v -17.696682 0.793072 -0.575268
v -17.696682 0.678528 -0.575268
v -19.695942 0.678528 -0.575268
v -19.695942 0.793072 -0.575268
v -19.695942 0.997974 -0.553766
v -19.695942 0.997974 -0.511051
v -19.695942 0.895523 -0.572388
v -19.695942 0.970523 -0.564518
v -19.695942 0.678528 -0.511051
v -19.208000 0.608000 -0.443745
v -19.208000 0.089738 -0.443745
v -19.208000 0.608000 0.210346
v -19.208000 0.089738 0.210346
v -18.192001 0.608000 -0.443745
v -18.192001 0.089738 -0.443745
v -18.192001 0.608000 0.210346
v -18.192001 0.089738 0.210346
v -19.168711 0.568678 -0.231802
v -19.167883 0.131744 -0.229151
v -19.167040 0.565062 -0.046705
v -19.167883 0.131744 -0.044100
v -18.233072 0.568678 -0.231802
v -18.233900 0.131744 -0.229151
v -18.234743 0.565062 -0.046705
v -18.233900 0.131744 -0.044100
v -18.233900 0.131744 -0.090363
v -18.233900 0.131744 -0.182888
v -18.233900 0.565571 -0.092991
v -18.233900 0.568214 -0.185516
v -19.167883 0.565571 -0.092991
v -19.167883 0.568214 -0.185516
v -19.167883 0.131744 -0.090363
v -19.167883 0.131744 -0.182888
v -19.300001 0.700000 -0.443745
v -19.300001 -0.002262 -0.443745
v -19.300001 0.700000 0.210346
v -19.300001 -0.002262 0.210346
v -18.100000 0.700000 -0.443745
v -18.100000 -0.002262 -0.443745
v -18.100000 0.700000 0.210346
v -18.100000 -0.002262 0.210346
v -19.259882 0.661498 -0.229151
v -19.259882 0.039744 -0.229151
v -19.259882 0.656212 -0.044100
v -19.259882 0.039744 -0.044100
v -18.141901 0.661498 -0.229151
v -18.141901 0.039744 -0.229151
v -18.141901 0.656212 -0.044100
v -18.141901 0.039744 -0.044100
v -18.141901 0.039744 -0.090363
v -18.141901 0.039744 -0.182888
v -18.141901 0.657533 -0.090363
v -18.141901 0.660177 -0.182888
v -19.259882 0.657533 -0.090363
v -19.259882 0.660177 -0.182888
v -19.259882 0.039744 -0.090363
v -19.259882 0.039744 -0.182888
v -18.185932 0.042598 12.144558
v -18.185932 0.627982 12.144558
v -18.185932 0.042598 12.183033
v -18.185932 0.627982 12.183033
v -19.214069 0.042598 12.144558
v -19.214069 0.627982 12.144558
v -19.214069 0.042598 12.183033
v -19.214069 0.627982 12.183033
v -19.299999 0.001359 11.789654
v -19.299999 0.698978 11.789654
v -19.299999 1.000000 11.789654
v -19.299999 0.001359 12.510347
v -19.700001 0.001359 11.789654
v -19.700001 1.000000 11.789654
v -19.700001 0.001359 12.510347
v -19.700001 1.000000 12.510347
v -19.299999 0.698978 12.510347
v -19.700001 0.698978 12.510347
v -19.700001 0.698978 11.789654
v -19.299999 1.000000 12.510347
v -18.099998 0.698978 11.789654
v -18.099998 1.000000 11.789654
v -18.099998 0.001359 12.510347
v -17.700001 0.001359 11.789654
v -18.099998 0.698978 12.510347
v -17.700001 0.698978 12.510347
v -17.700001 0.698978 11.789654
v -18.099998 0.001359 11.789654
v -17.700001 0.001359 12.510347
v -18.099998 1.000000 12.510347
v -19.703320 0.678528 12.511051
v -19.703320 0.970523 12.564518
v -19.703320 0.895523 12.572388
v -19.703320 0.997974 12.511051
v -19.703320 0.997974 12.553766
v -19.703320 0.793072 12.575268
v -19.703320 0.678528 12.575268
v -17.704060 0.678528 12.575268
v -17.704060 0.793072 12.575268
v -17.704060 0.997974 12.553766
v -17.704060 0.997974 12.511051
v -17.704060 0.895523 12.572388
v -17.704060 0.970523 12.564518
v -17.704060 0.678528 12.511051
v -18.192001 0.608000 12.443745
v -18.192001 0.089738 12.443745
v -18.192001 0.608000 11.789654
v -18.192001 0.089738 11.789654
v -19.208000 0.608000 12.443745
v -19.208000 0.089738 12.443745
v -19.208000 0.608000 11.789654
v -19.208000 0.089738 11.789654
v -18.231289 0.568678 12.231802
v -18.232117 0.131744 12.229151
v -18.232960 0.565062 12.046703
v -18.232117 0.131744 12.044100
v -19.166927 0.568678 12.231802
v -19.166100 0.131744 12.229151
v -19.165257 0.565062 12.046703
v -19.166100 0.131744 12.044100
v -19.166100 0.131744 12.090363
v -19.166100 0.131744 12.182888
v -19.166100 0.565571 12.092991
v -19.166100 0.568214 12.185514
v -18.232117 0.565571 12.092989
v -18.232117 0.568214 12.185514
v -18.232117 0.131744 12.090363
v -18.232117 0.131744 12.182888
v -18.099998 0.700000 12.443745
v -18.099998 -0.002262 12.443745
v -18.099998 0.700000 11.789654
v -18.099998 -0.002262 11.789654
v -19.299999 0.700000 12.443745
v -19.299999 -0.002262 12.443745
v -19.299999 0.700000 11.789654
v -19.299999 -0.002262 11.789654
v -18.140118 0.661498 12.229151
v -18.140118 0.039744 12.229151
v -18.140118 0.656212 12.044100
v -18.140118 0.039744 12.044100
v -19.258099 0.661498 12.229151
v -19.258099 0.039744 12.229151
v -19.258099 0.656212 12.044100
v -19.258099 0.039744 12.044100
v -19.258099 0.039744 12.090363
v -19.258099 0.039744 12.182888
v -19.258099 0.657533 12.090363
v -19.258099 0.660177 12.182888
v -18.140118 0.657533 12.090363
v -18.140118 0.660177 12.182888
v -18.140118 0.039744 12.090363
v -18.140118 0.039744 12.182888
v -29.611050 0.678528 11.996681
v -29.664516 0.970523 11.996681
v -29.672386 0.895523 11.996681
v -29.611050 0.997974 11.996681
v -29.653767 0.997974 11.996681
v -29.675266 0.793072 11.996681
v -29.675266 0.678528 11.996681
v -29.675266 0.678528 13.995941
v -29.675266 0.793072 13.995941
v -29.653767 0.997974 13.995941
v -29.611050 0.997974 13.995941
v -29.672386 0.895523 13.995941
v -29.664516 0.970523 13.995941
v -29.611050 0.678528 13.995941
v -28.889652 0.001359 12.400000
v -28.889652 0.698978 12.400000
v -28.889652 1.000000 12.400000
v -29.610348 0.001359 12.400000
v -28.889652 0.001359 12.000000
v -28.889652 1.000000 12.000000
v -29.610348 0.001359 12.000000
v -29.610348 1.000000 12.000000
v -29.610348 0.698978 12.400000
v -29.610348 0.698978 12.000000
v -28.889652 0.698978 12.000000
v -29.610348 1.000000 12.400000
v -28.889652 0.698978 13.600000
v -28.889652 1.000000 13.600000
v -29.610348 0.001359 13.600000
v -28.889652 0.001359 14.000000
v -28.889652 1.000000 14.000000
v -29.610348 1.000000 14.000000
v -29.610348 0.698978 13.600000
v -29.610348 0.698978 14.000000
v -28.889652 0.698978 14.000000
v -28.889652 0.001359 13.600000
v -29.610348 0.001359 14.000000
v -29.610348 1.000000 13.600000
v -29.543743 0.608000 13.508000
v -29.543743 0.089738 13.508000
v -28.889652 0.608000 13.508000
v -28.889652 0.089738 13.508000
v -29.543743 0.608000 12.492000
v -29.543743 0.089738 12.492000
v -28.889652 0.608000 12.492000
v -28.889652 0.089738 12.492000
v -29.331802 0.568678 13.468710
v -29.329151 0.131744 13.467882
v -29.146702 0.565062 13.467039
v -29.144100 0.131744 13.467882
v -29.331802 0.568678 12.533072
v -29.329151 0.131744 12.533899
v -29.146702 0.565062 12.534742
v -29.144100 0.131744 12.533899
v -29.190361 0.131744 12.533899
v -29.282887 0.131744 12.533899
v -29.192989 0.565571 12.533899
v -29.285515 0.568214 12.533899
v -29.192989 0.565571 13.467882
v -29.285515 0.568214 13.467882
v -29.190361 0.131744 13.467882
v -29.282887 0.131744 13.467882
v -29.543743 0.700000 13.600000
v -29.543743 -0.002262 13.600000
v -28.889652 0.700000 13.600000
v -28.889652 -0.002262 13.600000
v -29.543743 0.700000 12.400000
v -29.543743 -0.002262 12.400000
v -28.889652 0.700000 12.400000
v -28.889652 -0.002262 12.400000
v -29.329151 0.661498 13.559882
v -29.329151 0.039744 13.559882
v -29.144100 0.656212 13.559882
v -29.144100 0.039744 13.559882
v -29.329151 0.661498 12.441899
v -29.329151 0.039744 12.441899
v -29.144100 0.656212 12.441899
v -29.144100 0.039744 12.441899
v -29.190361 0.039744 12.441899
v -29.282887 0.039744 12.441899
v -29.190361 0.657533 12.441899
v -29.282887 0.660177 12.441899
v -29.190361 0.657533 13.559882
v -29.282887 0.660177 13.559882
v -29.190361 0.039744 13.559882
v -29.282887 0.039744 13.559882
v -29.244556 0.042598 13.514069
v -29.244556 0.627982 13.514069
v -29.283031 0.042598 13.514069
v -29.283031 0.627982 13.514069
v -29.244556 0.042598 12.485931
v -29.244556 0.627982 12.485931
v -29.283031 0.042598 12.485931
v -29.283031 0.627982 12.485931
v -13.700000 0.700000 0.210346
v -13.700000 0.700000 -0.410347
v -13.700000 0.002717 -0.410347
v -13.700000 0.002717 0.210346
v -12.200001 0.700000 0.210346
v -12.200001 0.700000 -0.410347
v -12.200001 0.002717 -0.410347
v -12.200001 0.002717 0.210346
v -13.200001 0.700000 0.210346
v -13.200001 0.002717 0.210346
v -13.200001 0.700000 -0.410347
v -13.200001 0.002717 -0.410347
v -15.200000 0.700000 0.210346
v -15.200000 0.700000 -0.410347
v -15.200000 0.002717 -0.410347
v -15.200000 0.002717 0.210346
v -14.200000 0.700000 0.210346
v -14.200000 0.002717 0.210346
v -14.200000 0.700000 -0.410347
v -14.200000 0.002717 -0.410347
v -15.108000 0.608000 -0.443745
v -15.108000 0.089738 -0.443745
v -15.108000 0.608000 0.210346
v -15.108000 0.089738 0.210346
v -12.292000 0.608000 -0.443745
v -12.292000 0.089738 -0.443745
v -12.292000 0.608000 0.210346
v -12.292000 0.089738 0.210346
v -15.068710 0.568678 -0.231802
v -15.067882 0.131744 -0.229151
v -15.067039 0.565062 -0.046705
v -15.067882 0.131744 -0.044100
v -12.333073 0.568678 -0.231802
v -12.333900 0.131744 -0.229151
v -12.334743 0.565062 -0.046705
v -12.333900 0.131744 -0.044100
v -12.333900 0.131744 -0.090363
v -12.333900 0.131744 -0.182888
v -12.333900 0.565571 -0.092991
v -12.333900 0.568214 -0.185516
v -15.067882 0.565571 -0.092991
v -15.067882 0.568214 -0.185516
v -15.067882 0.131744 -0.090363
v -15.067882 0.131744 -0.182888
v -15.200000 0.700000 -0.443745
v -15.200000 -0.002262 -0.443745
v -15.200000 -0.002262 0.210346
v -12.200001 0.700000 -0.443745
v -12.200001 -0.002262 -0.443745
v -12.200001 -0.002262 0.210346
v -15.159882 0.661498 -0.229151
v -15.159882 0.039744 -0.229151
v -15.159882 0.656212 -0.044100
v -15.159882 0.039744 -0.044100
v -12.241899 0.661498 -0.229151
v -12.241899 0.039744 -0.229151
v -12.241899 0.656212 -0.044100
v -12.241899 0.039744 -0.044100
v -12.241899 0.039744 -0.090363
v -12.241899 0.039744 -0.182888
v -12.241899 0.657533 -0.090363
v -12.241899 0.660177 -0.182888
v -15.159882 0.657533 -0.090363
v -15.159882 0.660177 -0.182888
v -15.159882 0.039744 -0.090363
v -15.159882 0.039744 -0.182888
v -14.089888 0.131744 -0.229151
v -13.311893 0.131744 -0.229151
v -13.311893 0.131744 -0.044100
v -14.089888 0.131744 -0.044100
v -14.089888 0.131744 -0.182888
v -13.311893 0.131744 -0.182888
v -14.089888 0.131744 -0.090363
v -13.311893 0.131744 -0.090363
v -14.120554 0.039744 -0.229151
v -13.281227 0.039744 -0.229151
v -13.281227 0.039744 -0.044100
v -14.120554 0.039744 -0.044100
v -14.120554 0.039744 -0.182888
v -13.281227 0.039744 -0.182888
v -14.120554 0.039744 -0.090363
v -13.281227 0.039744 -0.090363
v -13.142540 0.131744 -0.229151
v -13.142540 0.131744 -0.182888
v -13.142540 0.131744 -0.090363
v -13.137941 0.039744 -0.229151
v -13.137941 0.039744 -0.182888
v -13.137941 0.039744 -0.090363
v -13.142540 0.131744 -0.044100
v -13.137941 0.039744 -0.044100
v -13.259240 0.131744 -0.044100
v -13.263841 0.039744 -0.044100
v -13.259240 0.131744 -0.229151
v -13.259240 0.131744 -0.182888
v -13.259240 0.131744 -0.090363
v -13.263840 0.039744 -0.229151
v -13.263840 0.039744 -0.182888
v -13.263840 0.039744 -0.090363
v -13.259281 0.568678 -0.231802
v -13.259240 0.568214 -0.185516
v -13.259240 0.565571 -0.092991
v -13.263840 0.661498 -0.229151
v -13.263840 0.660177 -0.182888
v -13.263840 0.657533 -0.090363
v -13.259198 0.565062 -0.046705
v -13.263840 0.656212 -0.044100
v -13.142582 0.565062 -0.046705
v -13.137941 0.656212 -0.044100
v -13.142500 0.568678 -0.231802
v -13.142540 0.568214 -0.185516
v -13.142540 0.565571 -0.092991
v -13.137941 0.661498 -0.229151
v -13.137941 0.660177 -0.182888
v -13.137941 0.657533 -0.090363
v -15.066790 0.133982 -0.095701
v -15.066790 0.564717 -0.095701
v -15.066790 0.133982 -0.134176
v -15.066790 0.564717 -0.134176
v -13.259570 0.133982 -0.095701
v -13.259570 0.564717 -0.095701
v -13.259570 0.133982 -0.134176
v -13.259570 0.564717 -0.134176
v -13.144369 0.133982 -0.095701
v -13.144369 0.564717 -0.095701
v -13.144369 0.133982 -0.134176
v -13.144369 0.564717 -0.134176
v -12.337151 0.133982 -0.095701
v -12.337151 0.564717 -0.095701
v -12.337151 0.133982 -0.134176
v -12.337151 0.564717 -0.134176
v -14.300891 0.095838 -0.229151
v -14.300891 0.095838 -0.044100
v -14.300891 0.095838 -0.182888
v -14.300891 0.095838 -0.090363
v -14.300891 0.003838 -0.229151
v -14.300891 0.003838 -0.044100
v -14.300891 0.003838 -0.182888
v -14.300891 0.003838 -0.090363
v -14.242541 0.095838 -0.229151
v -14.242541 0.095838 -0.182888
v -14.242541 0.095838 -0.090363
v -14.237941 0.003838 -0.229151
v -14.237941 0.003838 -0.182888
v -14.237941 0.003838 -0.090363
v -14.242541 0.095838 -0.044100
v -14.237941 0.003838 -0.044100
v -14.359241 0.095838 -0.044100
v -14.363840 0.003838 -0.044100
v -14.359241 0.095838 -0.229151
v -14.359241 0.095838 -0.182888
v -14.359241 0.095838 -0.090363
v -14.363840 0.003838 -0.229151
v -14.363840 0.003838 -0.182888
v -14.363840 0.003838 -0.090363
v -14.300891 0.596137 -0.231802
v -14.300891 0.592521 -0.046705
v -14.300891 0.595673 -0.185516
v -14.300891 0.593030 -0.092991
v -14.300891 0.688957 -0.229151
v -14.300891 0.683671 -0.044100
v -14.300891 0.687636 -0.182888
v -14.300891 0.684992 -0.090363
v -14.359282 0.596137 -0.231802
v -14.359241 0.595673 -0.185516
v -14.359241 0.593030 -0.092991
v -14.363840 0.688957 -0.229151
v -14.363840 0.687636 -0.182888
v -14.363840 0.684992 -0.090363
v -14.359198 0.592521 -0.046705
v -14.363840 0.683671 -0.044100
v -14.242583 0.592521 -0.046705
v -14.237941 0.683671 -0.044100
v -14.242499 0.596137 -0.231802
v -14.242541 0.595673 -0.185516
v -14.242541 0.593030 -0.092991
v -14.237941 0.688957 -0.229151
v -14.237941 0.687636 -0.182888
v -14.237941 0.684992 -0.090363
v -14.359571 0.098076 -0.095701
v -14.359571 0.592176 -0.095701
v -14.359571 0.098076 -0.134176
v -14.359571 0.592176 -0.134176
v -14.244370 0.098076 -0.095701
v -14.244370 0.592176 -0.095701
v -14.244370 0.098076 -0.134176
v -14.244370 0.592176 -0.134176
v -13.200891 0.131744 -0.229151
v -13.200891 0.131744 -0.044100
v -13.200891 0.131744 -0.182888
v -13.200891 0.131744 -0.090363
v -13.200891 0.039744 -0.229151
v -13.200891 0.039744 -0.044100
v -13.200891 0.039744 -0.182888
v -13.200891 0.039744 -0.090363
v -13.200891 0.599844 -0.231802
v -13.200891 0.596228 -0.046705
v -13.200891 0.599381 -0.185516
v -13.200891 0.596737 -0.092991
v -13.200891 0.692665 -0.229151
v -13.200891 0.687378 -0.044100
v -13.200891 0.691343 -0.182888
v -13.200891 0.688700 -0.090363
v -13.259281 0.599844 -0.231802
v -13.259240 0.599381 -0.185516
v -13.259240 0.596737 -0.092991
v -13.263840 0.692665 -0.229151
v -13.263840 0.691343 -0.182888
v -13.263840 0.688700 -0.090363
v -13.259198 0.596228 -0.046705
v -13.263840 0.687378 -0.044100
v -13.142582 0.596228 -0.046705
v -13.137941 0.687378 -0.044100
v -13.142500 0.599844 -0.231802
v -13.142540 0.599381 -0.185516
v -13.142540 0.596737 -0.092991
v -13.137941 0.692665 -0.229151
v -13.137941 0.691343 -0.182888
v -13.137941 0.688700 -0.090363
v -13.259570 0.595883 -0.095701
v -13.259570 0.595883 -0.134176
v -13.144369 0.595883 -0.095701
v -13.144369 0.595883 -0.134176
v -11.696682 0.678528 -0.511051
v -11.696682 0.970523 -0.564518
v -11.696682 0.895523 -0.572388
v -11.696682 0.997974 -0.511051
v -11.696682 0.997974 -0.553768
v -11.696682 0.793072 -0.575270
v -11.696682 0.678528 -0.575270
v -15.695941 0.678528 -0.575270
v -15.695941 0.793072 -0.575270
v -15.695941 0.997974 -0.553768
v -15.695941 0.997974 -0.511051
v -15.695941 0.895523 -0.572388
v -15.695941 0.970523 -0.564518
v -15.695941 0.678528 -0.511051
v -12.200001 0.001359 0.210346
v -12.200001 0.698978 0.210346
v -12.200001 1.000000 0.210346
v -12.200001 0.001359 -0.510347
v -11.700001 0.001359 0.210346
v -11.700001 0.001359 -0.510347
v -12.200001 0.698978 -0.510347
v -11.700001 0.698978 -0.510347
v -11.700001 0.698978 0.210346
v -12.200001 1.000000 -0.510347
v -15.200000 0.698978 0.210346
v -15.200000 1.000000 0.210346
v -15.200000 0.001359 -0.510347
v -15.700000 0.001359 0.210346
v -15.200000 0.698978 -0.510347
v -15.700000 0.698978 -0.510347
v -15.700000 0.698978 0.210346
v -15.200000 0.001359 0.210346
v -15.700000 0.001359 -0.510347
v -15.200000 1.000000 -0.510347
v -25.399998 0.700000 17.489653
v -25.399998 0.700000 18.110346
v -25.399998 0.002717 18.110346
v -25.399998 0.002717 17.489653
v -26.899998 0.700000 17.489653
v -26.899998 0.700000 18.110346
v -26.899998 0.002717 18.110346
v -26.899998 0.002717 17.489653
v -25.899998 0.700000 17.489653
v -25.899998 0.002717 17.489653
v -25.899998 0.700000 18.110346
v -25.899998 0.002717 18.110346
v -23.899998 0.700000 17.489653
v -23.899998 0.700000 18.110346
v -23.899998 0.002717 18.110346
v -23.899998 0.002717 17.489653
v -24.899998 0.700000 17.489653
v -24.899998 0.002717 17.489653
v -24.899998 0.700000 18.110346
v -24.899998 0.002717 18.110346
v -23.991997 0.608000 18.143744
v -23.991997 0.089738 18.143744
v -23.991997 0.608000 17.489653
v -23.991997 0.089738 17.489653
v -26.807999 0.608000 18.143744
v -26.807999 0.089738 18.143744
v -26.807999 0.608000 17.489653
v -26.807999 0.089738 17.489653
v -24.031288 0.568678 17.931801
v -24.032116 0.131744 17.929150
v -24.032959 0.565062 17.746704
v -24.032116 0.131744 17.744099
v -26.766926 0.568678 17.931801
v -26.766098 0.131744 17.929150
v -26.765255 0.565062 17.746704
v -26.766098 0.131744 17.744101
v -26.766098 0.131744 17.790363
v -26.766098 0.131744 17.882887
v -26.766098 0.565571 17.792990
v -26.766098 0.568214 17.885515
v -24.032116 0.565571 17.792990
v -24.032116 0.568214 17.885515
v -24.032116 0.131744 17.790361
v -24.032116 0.131744 17.882887
v -23.899998 0.700000 18.143744
v -23.899998 -0.002262 18.143744
v -23.899998 -0.002262 17.489653
v -26.899998 0.700000 18.143744
v -26.899998 -0.002262 18.143744
v -26.899998 -0.002262 17.489653
v -23.940117 0.661498 17.929150
v -23.940117 0.039744 17.929150
v -23.940117 0.656212 17.744099
v -23.940117 0.039744 17.744099
v -26.858101 0.661498 17.929150
v -26.858101 0.039744 17.929150
v -26.858101 0.656212 17.744101
v -26.858101 0.039744 17.744101
v -26.858101 0.039744 17.790363
v -26.858101 0.039744 17.882887
v -26.858101 0.657533 17.790363
v -26.858101 0.660177 17.882887
v -23.940117 0.657533 17.790361
v -23.940117 0.660177 17.882887
v -23.940117 0.039744 17.790361
v -23.940117 0.039744 17.882887
v -25.010109 0.131744 17.929150
v -25.788105 0.131744 17.929150
v -25.788105 0.131744 17.744101
v -25.010109 0.131744 17.744101
v -25.010109 0.131744 17.882887
v -25.788105 0.131744 17.882887
v -25.010109 0.131744 17.790361
v -25.788105 0.131744 17.790363
v -24.979443 0.039744 17.929150
v -25.818771 0.039744 17.929150
v -25.818771 0.039744 17.744101
v -24.979443 0.039744 17.744101
v -24.979443 0.039744 17.882887
v -25.818771 0.039744 17.882887
v -24.979443 0.039744 17.790361
v -25.818771 0.039744 17.790363
v -25.957458 0.131744 17.929150
v -25.957458 0.131744 17.882887
v -25.957458 0.131744 17.790363
v -25.962059 0.039744 17.929150
v -25.962059 0.039744 17.882887
v -25.962059 0.039744 17.790363
v -25.957458 0.131744 17.744101
v -25.962059 0.039744 17.744101
v -25.840759 0.131744 17.744101
v -25.836159 0.039744 17.744101
v -25.840759 0.131744 17.929150
v -25.840759 0.131744 17.882887
v -25.840759 0.131744 17.790363
v -25.836159 0.039744 17.929150
v -25.836159 0.039744 17.882887
v -25.836159 0.039744 17.790363
v -25.840717 0.568678 17.931801
v -25.840759 0.568214 17.885515
v -25.840759 0.565571 17.792990
v -25.836159 0.661498 17.929150
v -25.836159 0.660177 17.882887
v -25.836159 0.657533 17.790363
v -25.840801 0.565062 17.746704
v -25.836159 0.656212 17.744101
v -25.957417 0.565062 17.746704
v -25.962059 0.656212 17.744101
v -25.957500 0.568678 17.931801
v -25.957458 0.568214 17.885515
v -25.957458 0.565571 17.792990
v -25.962059 0.661498 17.929150
v -25.962059 0.660177 17.882887
v -25.962059 0.657533 17.790363
v -24.033207 0.133982 17.795700
v -24.033207 0.564717 17.795700
v -24.033207 0.133982 17.834175
v -24.033207 0.564717 17.834175
v -25.840427 0.133982 17.795700
v -25.840427 0.564717 17.795700
v -25.840427 0.133982 17.834175
v -25.840427 0.564717 17.834175
v -25.955627 0.133982 17.795700
v -25.955627 0.564717 17.795700
v -25.955627 0.133982 17.834175
v -25.955627 0.564717 17.834175
v -26.762848 0.133982 17.795700
v -26.762848 0.564717 17.795700
v -26.762848 0.133982 17.834175
v -26.762848 0.564717 17.834175
v -24.799107 0.095838 17.929150
v -24.799107 0.095838 17.744101
v -24.799107 0.095838 17.882887
v -24.799107 0.095838 17.790361
v -24.799107 0.003838 17.929150
v -24.799107 0.003838 17.744101
v -24.799107 0.003838 17.882887
v -24.799107 0.003838 17.790361
v -24.857456 0.095838 17.929150
v -24.857456 0.095838 17.882887
v -24.857456 0.095838 17.790361
v -24.862057 0.003838 17.929150
v -24.862057 0.003838 17.882887
v -24.862057 0.003838 17.790361
v -24.857456 0.095838 17.744101
v -24.862057 0.003838 17.744101
v -24.740757 0.095838 17.744101
v -24.736156 0.003838 17.744101
v -24.740757 0.095838 17.929150
v -24.740757 0.095838 17.882887
v -24.740757 0.095838 17.790361
v -24.736156 0.003838 17.929150
v -24.736156 0.003838 17.882887
v -24.736156 0.003838 17.790361
v -24.799107 0.596137 17.931801
v -24.799107 0.592521 17.746704
v -24.799107 0.595673 17.885515
v -24.799107 0.593030 17.792990
v -24.799107 0.688957 17.929150
v -24.799107 0.683671 17.744101
v -24.799107 0.687636 17.882887
v -24.799107 0.684992 17.790361
v -24.740715 0.596137 17.931801
v -24.740757 0.595673 17.885515
v -24.740757 0.593030 17.792990
v -24.736156 0.688957 17.929150
v -24.736156 0.687636 17.882887
v -24.736156 0.684992 17.790361
v -24.740799 0.592521 17.746704
v -24.736156 0.683671 17.744101
v -24.857414 0.592521 17.746704
v -24.862057 0.683671 17.744101
v -24.857498 0.596137 17.931801
v -24.857456 0.595673 17.885515
v -24.857456 0.593030 17.792990
v -24.862057 0.688957 17.929150
v -24.862057 0.687636 17.882887
v -24.862057 0.684992 17.790361
v -24.740429 0.098076 17.795700
v -24.740429 0.592176 17.795700
v -24.740429 0.098076 17.834175
v -24.740429 0.592176 17.834175
v -24.855629 0.098076 17.795700
v -24.855629 0.592176 17.795700
v -24.855629 0.098076 17.834175
v -24.855629 0.592176 17.834175
v -25.899109 0.131744 17.929150
v -25.899109 0.131744 17.744101
v -25.899109 0.131744 17.882887
v -25.899109 0.131744 17.790363
v -25.899109 0.039744 17.929150
v -25.899109 0.039744 17.744101
v -25.899109 0.039744 17.882887
v -25.899109 0.039744 17.790363
v -25.899109 0.599844 17.931801
v -25.899109 0.596228 17.746704
v -25.899109 0.599381 17.885515
v -25.899109 0.596737 17.792990
v -25.899109 0.692665 17.929150
v -25.899109 0.687378 17.744101
v -25.899109 0.691343 17.882887
v -25.899109 0.688700 17.790363
v -25.840717 0.599844 17.931801
v -25.840759 0.599381 17.885515
v -25.840759 0.596737 17.792990
v -25.836159 0.692665 17.929150
v -25.836159 0.691343 17.882887
v -25.836159 0.688700 17.790363
v -25.840801 0.596228 17.746704
v -25.836159 0.687378 17.744101
v -25.957417 0.596228 17.746704
v -25.962059 0.687378 17.744101
v -25.957500 0.599844 17.931801
v -25.957458 0.599381 17.885515
v -25.957458 0.596737 17.792990
v -25.962059 0.692665 17.929150
v -25.962059 0.691343 17.882887
v -25.962059 0.688700 17.790363
v -25.840427 0.595883 17.795700
v -25.840427 0.595883 17.834175
v -25.955627 0.595883 17.795700
v -25.955627 0.595883 17.834175
v -26.899998 0.001359 17.489653
v -26.899998 0.698978 17.489653
v -26.899998 1.000000 17.489653
v -26.899998 0.001359 18.210346
v -27.399998 0.001359 17.489653
v -27.399998 1.000000 17.489653
v -27.399998 0.001359 18.210346
v -27.399998 1.000000 18.210346
v -26.899998 0.698978 18.210346
v -27.399998 0.698978 18.210346
v -27.399998 0.698978 17.489653
v -26.899998 1.000000 18.210346
v -23.899998 0.698978 17.489653
v -23.899998 1.000000 17.489653
v -23.899998 0.001359 18.210346
v -23.399998 0.001359 17.489653
v -23.399998 1.000000 17.489653
v -23.399998 1.000000 18.210346
v -23.899998 0.698978 18.210346
v -23.399998 0.698978 18.210346
v -23.399998 0.698978 17.489653
v -23.899998 0.001359 17.489653
v -23.399998 0.001359 18.210346
v -23.899998 1.000000 18.210346
v -27.403316 0.678528 18.211050
v -27.403316 0.970523 18.264517
v -27.403316 0.895523 18.272387
v -27.403316 0.997974 18.211050
v -27.403316 0.997974 18.253767
v -27.403316 0.793072 18.275269
v -27.403316 0.678528 18.275269
v -23.404057 0.678528 18.275267
v -23.404057 0.793072 18.275267
v -23.404057 0.997974 18.253765
v -23.404057 0.997974 18.211050
v -23.404057 0.895523 18.272387
v -23.404057 0.970523 18.264517
v -23.404057 0.678528 18.211050
v -13.700000 0.700000 11.789654
v -13.700000 0.700000 12.410347
v -13.700000 0.002717 12.410347
v -13.700000 0.002717 11.789654
v -15.200000 0.700000 11.789654
v -15.200000 0.700000 12.410347
v -15.200000 0.002717 12.410347
v -15.200000 0.002717 11.789654
v -14.200000 0.700000 11.789654
v -14.200000 0.002717 11.789654
v -14.200000 0.700000 12.410347
v -14.200000 0.002717 12.410347
v -12.200000 0.700000 11.789654
v -12.200000 0.700000 12.410347
v -12.200000 0.002717 12.410347
v -12.200000 0.002717 11.789654
v -13.200000 0.700000 11.789654
v -13.200000 0.002717 11.789654
v -13.200000 0.700000 12.410347
v -13.200000 0.002717 12.410347
v -12.292000 0.608000 12.443745
v -12.292000 0.089738 12.443745
v -12.292000 0.608000 11.789654
v -12.292000 0.089738 11.789654
v -15.108000 0.608000 12.443745
v -15.108000 0.089738 12.443745
v -15.108000 0.608000 11.789654
v -15.108000 0.089738 11.789654
v -12.331289 0.568678 12.231802
v -12.332118 0.131744 12.229151
v -12.332961 0.565062 12.046704
v -12.332118 0.131744 12.044100
v -15.066928 0.568678 12.231802
v -15.066100 0.131744 12.229151
v -15.065257 0.565062 12.046704
v -15.066100 0.131744 12.044101
v -15.066100 0.131744 12.090363
v -15.066100 0.131744 12.182888
v -15.066100 0.565571 12.092991
v -15.066100 0.568214 12.185515
v -12.332118 0.565571 12.092991
v -12.332117 0.568214 12.185515
v -12.332118 0.131744 12.090363
v -12.332118 0.131744 12.182888
v -12.200000 0.700000 12.443745
v -12.200000 -0.002262 12.443745
v -12.200000 -0.002262 11.789654
v -15.200000 0.700000 12.443745
v -15.200000 -0.002262 12.443745
v -15.200000 -0.002262 11.789654
v -12.240118 0.661498 12.229151
v -12.240118 0.039744 12.229151
v -12.240118 0.656212 12.044100
v -12.240118 0.039744 12.044100
v -15.158100 0.661498 12.229151
v -15.158100 0.039744 12.229151
v -15.158100 0.656212 12.044101
v -15.158100 0.039744 12.044101
v -15.158100 0.039744 12.090363
v -15.158100 0.039744 12.182888
v -15.158100 0.657533 12.090363
v -15.158100 0.660177 12.182888
v -12.240118 0.657533 12.090363
v -12.240118 0.660177 12.182888
v -12.240118 0.039744 12.090363
v -12.240118 0.039744 12.182888
v -13.310112 0.131744 12.229151
v -14.088106 0.131744 12.229151
v -14.088106 0.131744 12.044101
v -13.310112 0.131744 12.044100
v -13.310112 0.131744 12.182888
v -14.088106 0.131744 12.182888
v -13.310112 0.131744 12.090363
v -14.088106 0.131744 12.090363
v -13.279446 0.039744 12.229151
v -14.118773 0.039744 12.229151
v -14.118773 0.039744 12.044100
v -13.279446 0.039744 12.044100
v -13.279446 0.039744 12.182888
v -14.118773 0.039744 12.182888
v -13.279446 0.039744 12.090363
v -14.118773 0.039744 12.090363
v -14.257459 0.131744 12.229151
v -14.257459 0.131744 12.182888
v -14.257459 0.131744 12.090363
v -14.262058 0.039744 12.229151
v -14.262058 0.039744 12.182888
v -14.262058 0.039744 12.090363
v -14.257459 0.131744 12.044101
v -14.262058 0.039744 12.044100
v -14.140759 0.131744 12.044101
v -14.136159 0.039744 12.044100
v -14.140759 0.131744 12.229151
v -14.140759 0.131744 12.182888
v -14.140759 0.131744 12.090363
v -14.136160 0.039744 12.229151
v -14.136160 0.039744 12.182888
v -14.136160 0.039744 12.090363
v -14.140718 0.568678 12.231802
v -14.140759 0.568214 12.185515
v -14.140759 0.565571 12.092991
v -14.136159 0.661498 12.229151
v -14.136159 0.660177 12.182888
v -14.136159 0.657533 12.090363
v -14.140801 0.565062 12.046704
v -14.136160 0.656212 12.044100
v -14.257417 0.565062 12.046704
v -14.262058 0.656212 12.044100
v -14.257500 0.568678 12.231802
v -14.257459 0.568214 12.185515
v -14.257459 0.565571 12.092991
v -14.262058 0.661498 12.229151
v -14.262058 0.660177 12.182888
v -14.262058 0.657533 12.090363
v -12.333210 0.133982 12.095701
v -12.333210 0.564717 12.095701
v -12.333210 0.133982 12.134176
v -12.333210 0.564717 12.134176
v -14.140429 0.133982 12.095701
v -14.140429 0.564717 12.095701
v -14.140429 0.133982 12.134176
v -14.140429 0.564717 12.134176
v -14.255630 0.133982 12.095701
v -14.255630 0.564717 12.095701
v -14.255630 0.133982 12.134176
v -14.255630 0.564717 12.134176
v -15.062850 0.133982 12.095701
v -15.062850 0.564717 12.095701
v -15.062850 0.133982 12.134176
v -15.062850 0.564717 12.134176
v -13.099110 0.095838 12.229151
v -13.099109 0.095838 12.044100
v -13.099110 0.095838 12.182888
v -13.099110 0.095838 12.090363
v -13.099110 0.003838 12.229151
v -13.099109 0.003838 12.044100
v -13.099110 0.003838 12.182888
v -13.099110 0.003838 12.090363
v -13.157459 0.095838 12.229151
v -13.157459 0.095838 12.182888
v -13.157459 0.095838 12.090363
v -13.162059 0.003838 12.229151
v -13.162059 0.003838 12.182888
v -13.162059 0.003838 12.090363
v -13.157458 0.095838 12.044100
v -13.162058 0.003838 12.044100
v -13.040760 0.095838 12.044100
v -13.036160 0.003838 12.044100
v -13.040760 0.095838 12.229151
v -13.040760 0.095838 12.182888
v -13.040760 0.095838 12.090363
v -13.036160 0.003838 12.229151
v -13.036160 0.003838 12.182888
v -13.036160 0.003838 12.090363
v -13.099109 0.596137 12.231802
v -13.099109 0.592521 12.046704
v -13.099110 0.595673 12.185515
v -13.099109 0.593030 12.092991
v -13.099109 0.688957 12.229151
v -13.099110 0.683671 12.044100
v -13.099109 0.687636 12.182888
v -13.099109 0.684992 12.090363
v -13.040718 0.596137 12.231802
v -13.040760 0.595673 12.185515
v -13.040760 0.593030 12.092991
v -13.036160 0.688957 12.229151
v -13.036160 0.687636 12.182888
v -13.036160 0.684992 12.090363
v -13.040802 0.592521 12.046704
v -13.036160 0.683671 12.044100
v -13.157416 0.592521 12.046704
v -13.162059 0.683671 12.044100
v -13.157499 0.596137 12.231802
v -13.157459 0.595673 12.185515
v -13.157458 0.593030 12.092991
v -13.162058 0.688957 12.229151
v -13.162058 0.687636 12.182888
v -13.162058 0.684992 12.090363
v -13.040429 0.098076 12.095701
v -13.040429 0.592176 12.095701
v -13.040429 0.098076 12.134176
v -13.040429 0.592176 12.134176
v -13.155630 0.098076 12.095701
v -13.155630 0.592176 12.095701
v -13.155630 0.098076 12.134176
v -13.155630 0.592176 12.134176
v -14.199109 0.131744 12.229151
v -14.199109 0.131744 12.044101
v -14.199109 0.131744 12.182888
v -14.199109 0.131744 12.090363
v -14.199109 0.039744 12.229151
v -14.199109 0.039744 12.044100
v -14.199109 0.039744 12.182888
v -14.199109 0.039744 12.090363
v -14.199109 0.599844 12.231802
v -14.199109 0.596228 12.046704
v -14.199109 0.599381 12.185515
v -14.199109 0.596737 12.092991
v -14.199109 0.692665 12.229151
v -14.199109 0.687378 12.044100
v -14.199109 0.691343 12.182888
v -14.199109 0.688700 12.090363
v -14.140718 0.599844 12.231802
v -14.140759 0.599381 12.185515
v -14.140759 0.596737 12.092991
v -14.136159 0.692665 12.229151
v -14.136159 0.691343 12.182888
v -14.136159 0.688700 12.090363
v -14.140801 0.596228 12.046704
v -14.136160 0.687378 12.044100
v -14.257417 0.596228 12.046704
v -14.262058 0.687378 12.044100
v -14.257500 0.599844 12.231802
v -14.257459 0.599381 12.185515
v -14.257459 0.596737 12.092991
v -14.262058 0.692665 12.229151
v -14.262058 0.691343 12.182888
v -14.262058 0.688700 12.090363
v -14.140429 0.595883 12.095701
v -14.140429 0.595883 12.134176
v -14.255630 0.595883 12.095701
v -14.255630 0.595883 12.134176
v -15.200000 0.001359 11.789654
v -15.200000 0.698978 11.789654
v -15.200000 1.000000 11.789654
v -15.200000 0.001359 12.510347
v -15.700000 0.001359 11.789654
v -15.700000 0.001359 12.510347
v -15.200000 0.698978 12.510347
v -15.700000 0.698978 12.510347
v -15.700000 0.698978 11.789654
v -15.200000 1.000000 12.510347
v -12.200000 0.698978 11.789654
v -12.200000 1.000000 11.789654
v -12.200000 0.001359 12.510347
v -11.700000 0.001359 11.789654
v -12.200000 0.698978 12.510347
v -11.700000 0.698978 12.510347
v -11.700000 0.698978 11.789654
v -12.200000 0.001359 11.789654
v -11.700000 0.001359 12.510347
v -12.200000 1.000000 12.510347
v -15.703319 0.678528 12.511051
v -15.703319 0.970523 12.564518
v -15.703319 0.895523 12.572388
v -15.703319 0.997974 12.511051
v -15.703319 0.997974 12.553766
v -15.703319 0.793072 12.575268
v -15.703319 0.678528 12.575268
v -11.704059 0.678528 12.575268
v -11.704059 0.793072 12.575268
v -11.704059 0.997974 12.553766
v -11.704059 0.997974 12.511051
v -11.704059 0.895523 12.572388
v -11.704059 0.970523 12.564518
v -11.704059 0.678528 12.511051
v -2.000000 0.000000 -9.489653
v -2.000000 1.000000 -9.489653
v -2.000000 0.000000 -10.210346
v -2.000000 1.000000 -10.210346
v 0.000000 0.000000 -9.489653
v 0.000000 1.000000 -9.489653
v 0.000000 0.000000 -10.210346
v 0.000000 1.000000 -10.210346
v 0.003319 0.678528 -10.211050
v 0.003319 0.970523 -10.264517
v 0.003319 0.895523 -10.272388
v 0.003319 0.997974 -10.211050
v 0.003319 0.997974 -10.253765
v 0.003319 0.793072 -10.275269
v 0.003319 0.678528 -10.275269
v -1.995941 0.678528 -10.275269
v -1.995941 0.793072 -10.275269
v -1.995941 0.997974 -10.253765
v -1.995941 0.997974 -10.211050
v -1.995941 0.895523 -10.272388
v -1.995941 0.970523 -10.264517
v -1.995941 0.678528 -10.211050
v -4.000000 0.000000 -9.489653
v -4.000000 1.000000 -9.489653
v -4.000000 0.000000 -10.210346
v -4.000000 1.000000 -10.210346
v -1.996681 0.678528 -10.211050
v -1.996681 0.970523 -10.264517
v -1.996681 0.895523 -10.272388
v -1.996681 0.997974 -10.211050
v -1.996681 0.997974 -10.253765
v -1.996681 0.793072 -10.275269
v -1.996681 0.678528 -10.275269
v -3.995941 0.678528 -10.275269
v -3.995941 0.793072 -10.275269
v -3.995941 0.997974 -10.253765
v -3.995941 0.997974 -10.211050
v -3.995941 0.895523 -10.272388
v -3.995941 0.970523 -10.264517
v -3.995941 0.678528 -10.211050
v -1.998042 -0.002968 17.489943
v -1.998042 0.997032 17.489943
v -1.998042 -0.002968 18.210636
v -1.998042 0.997032 18.210636
v -3.998042 -0.002968 17.489943
v -3.998042 0.997032 17.489943
v -3.998042 -0.002968 18.210636
v -3.998042 0.997032 18.210636
v -4.001361 0.675560 18.211340
v -4.001361 0.967555 18.264807
v -4.001361 0.892555 18.272678
v -4.001361 0.995006 18.211340
v -4.001361 0.995006 18.254055
v -4.001361 0.790104 18.275558
v -4.001361 0.675560 18.275558
v -2.002101 0.675560 18.275558
v -2.002101 0.790104 18.275558
v -2.002101 0.995006 18.254055
v -2.002101 0.995006 18.211340
v -2.002101 0.892555 18.272678
v -2.002101 0.967555 18.264807
v -2.002101 0.675560 18.211340
v 0.001958 -0.002968 17.489943
v 0.001958 0.997032 17.489943
v 0.001958 -0.002968 18.210636
v 0.001958 0.997032 18.210636
v -2.001361 0.675560 18.211340
v -2.001361 0.967555 18.264807
v -2.001361 0.892555 18.272678
v -2.001361 0.995006 18.211340
v -2.001361 0.995006 18.254055
v -2.001361 0.790104 18.275558
v -2.001361 0.675560 18.275558
v -0.002101 0.675560 18.275558
v -0.002101 0.790104 18.275558
v -0.002101 0.995006 18.254055
v -0.002101 0.995006 18.211340
v -0.002101 0.892555 18.272678
v -0.002101 0.967555 18.264807
v -0.002101 0.675560 18.211340
v 0.001563 -0.002968 17.490082
v 0.001563 0.997032 17.490082
v 0.001563 -0.002968 18.210773
v 0.001563 0.997032 18.210773
v 0.001563 0.675560 18.210360
v 0.001563 0.967555 18.263826
v 0.001563 0.892555 18.271698
v 0.001563 0.995006 18.210360
v 0.001563 0.995006 18.253075
v 0.001563 0.790104 18.274578
v 0.001563 0.675560 18.274578
v 5.484792 0.000000 17.502382
v 5.484792 1.000000 17.502382
v 6.205485 0.000000 18.205812
v 6.205485 1.000000 18.205812
v 5.484792 0.000000 15.983607
v 5.484792 1.000000 15.983607
v 6.205485 0.000000 15.983607
v 6.205485 1.000000 15.983607
v 4.002048 0.000000 17.502382
v 4.002048 1.000000 17.502382
v 4.002048 0.000000 18.205812
v 4.002048 1.000000 18.205812
v 6.205102 0.678528 15.995297
v 6.258569 0.970523 15.995297
v 6.266438 0.895523 15.995297
v 6.205102 0.997974 15.995297
v 6.247818 0.997974 15.995297
v 6.269320 0.793072 15.995297
v 6.269320 0.678528 15.995297
v 6.269319 0.678528 18.263474
v 6.269319 0.793072 18.263474
v 6.247818 0.997974 18.241972
v 6.205101 0.997974 18.199257
v 6.266438 0.895523 18.260593
v 6.258568 0.970523 18.252724
v 6.205101 0.678528 18.199257
v 6.209418 0.678528 18.200312
v 6.262885 0.970523 18.253778
v 6.270755 0.895523 18.261650
v 6.209418 0.997974 18.200312
v 6.252134 0.997974 18.243029
v 6.273635 0.793072 18.264530
v 6.273635 0.678528 18.264530
v 4.004085 0.678528 18.264530
v 4.004085 0.793072 18.264530
v 4.004085 0.997974 18.243029
v 4.004085 0.997974 18.200312
v 4.004085 0.895523 18.261650
v 4.004085 0.970523 18.253778
v 4.004085 0.678528 18.200312
v 29.611050 0.678528 -2.003317
v 29.664516 0.970523 -2.003317
v 29.672386 0.895523 -2.003317
v 29.611050 0.997974 -2.003317
v 29.653767 0.997974 -2.003317
v 29.675266 0.793072 -2.003317
v 29.675266 0.678528 -2.003317
v 29.675266 0.678528 -0.004059
v 29.675266 0.793072 -0.004059
v 29.653767 0.997974 -0.004059
v 29.611050 0.997974 -0.004059
v 29.672386 0.895523 -0.004059
v 29.664516 0.970523 -0.004059
v 29.611050 0.678528 -0.004059
v 28.889652 0.001359 -1.600000
v 28.889652 0.698978 -1.600000
v 28.889652 1.000000 -1.600000
v 29.610348 0.001359 -1.600000
v 28.889652 0.001359 -2.000000
v 28.889652 1.000000 -2.000000
v 29.610348 0.001359 -2.000000
v 29.610348 1.000000 -2.000000
v 29.610348 0.698978 -1.600000
v 29.610348 0.698978 -2.000000
v 28.889652 0.698978 -2.000000
v 29.610348 1.000000 -1.600000
v 28.889652 0.698978 -0.400000
v 28.889652 1.000000 -0.400000
v 29.610348 0.001359 -0.400000
v 28.889652 0.001359 0.000000
v 28.889652 1.000000 0.000000
v 29.610348 1.000000 0.000000
v 29.610348 0.698978 -0.400000
v 29.610348 0.698978 0.000000
v 28.889652 0.698978 0.000000
v 28.889652 0.001359 -0.400000
v 29.610348 0.001359 0.000000
v 29.610348 1.000000 -0.400000
v 29.543743 0.608000 -0.491999
v 29.543743 0.089738 -0.491999
v 28.889652 0.608000 -0.491999
v 28.889652 0.089738 -0.491999
v 29.543743 0.608000 -1.507999
v 29.543743 0.089738 -1.507999
v 28.889652 0.608000 -1.507999
v 28.889652 0.089738 -1.507999
v 29.331802 0.568678 -0.531290
v 29.329151 0.131744 -0.532118
v 29.146702 0.565062 -0.532961
v 29.144100 0.131744 -0.532118
v 29.331802 0.568678 -1.466928
v 29.329151 0.131744 -1.466101
v 29.146706 0.565062 -1.465258
v 29.144100 0.131744 -1.466101
v 29.190361 0.131744 -1.466101
v 29.282887 0.131744 -1.466101
v 29.192989 0.565571 -1.466101
v 29.285515 0.568214 -1.466101
v 29.192989 0.565571 -0.532118
v 29.285515 0.568214 -0.532118
v 29.190361 0.131744 -0.532118
v 29.282887 0.131744 -0.532118
v 29.543743 0.700000 -0.400000
v 29.543743 -0.002262 -0.400000
v 28.889652 0.700000 -0.400000
v 28.889652 -0.002262 -0.400000
v 29.543743 0.700000 -1.600000
v 29.543743 -0.002262 -1.600000
v 28.889652 0.700000 -1.600000
v 28.889652 -0.002262 -1.600000
v 29.329151 0.661498 -0.440117
v 29.329151 0.039744 -0.440117
v 29.144100 0.656212 -0.440117
v 29.144100 0.039744 -0.440117
v 29.329151 0.661498 -1.558100
v 29.329151 0.039744 -1.558100
v 29.144100 0.656212 -1.558100
v 29.144100 0.039744 -1.558100
v 29.190361 0.039744 -1.558100
v 29.282887 0.039744 -1.558100
v 29.190361 0.657533 -1.558100
v 29.282887 0.660177 -1.558100
v 29.190361 0.657533 -0.440117
v 29.282887 0.660177 -0.440117
v 29.190361 0.039744 -0.440117
v 29.282887 0.039744 -0.440117
v 29.244556 0.042598 -0.485931
v 29.244556 0.627982 -0.485931
v 29.283031 0.042598 -0.485931
v 29.283031 0.627982 -0.485931
v 29.244556 0.042598 -1.514069
v 29.244556 0.627982 -1.514069
v 29.283031 0.042598 -1.514069
v 29.283031 0.627982 -1.514069
v 9.214069 0.042598 -0.144558
v 9.214069 0.627982 -0.144558
v 9.214069 0.042598 -0.183033
v 9.214069 0.627982 -0.183033
v 8.185932 0.042598 -0.144558
v 8.185932 0.627982 -0.144558
v 8.185932 0.042598 -0.183033
v 8.185932 0.627982 -0.183033
v 8.099998 0.001359 0.210346
v 8.099998 0.698978 0.210346
v 8.099998 1.000000 0.210346
v 8.099998 0.001359 -0.510347
v 7.700001 0.001359 0.210346
v 7.700001 1.000000 0.210346
v 7.700001 0.001359 -0.510347
v 7.700001 1.000000 -0.510347
v 8.099998 0.698978 -0.510347
v 7.700001 0.698978 -0.510347
v 7.700001 0.698978 0.210346
v 8.099998 1.000000 -0.510347
v 9.299999 0.698978 0.210346
v 9.299999 1.000000 0.210346
v 9.299999 0.001359 -0.510347
v 9.700001 0.001359 0.210346
v 9.700001 1.000000 0.210346
v 9.700001 1.000000 -0.510347
v 9.299999 0.698978 -0.510347
v 9.700001 0.698978 -0.510347
v 9.700001 0.698978 0.210346
v 9.299999 0.001359 0.210346
v 9.700001 0.001359 -0.510347
v 9.299999 1.000000 -0.510347
v 7.696682 0.678528 -0.511051
v 7.696682 0.970523 -0.564518
v 7.696682 0.895523 -0.572388
v 7.696682 0.997974 -0.511051
v 7.696682 0.997974 -0.553766
v 7.696682 0.793072 -0.575268
v 7.696682 0.678528 -0.575268
v 9.695942 0.678528 -0.575268
v 9.695942 0.793072 -0.575268
v 9.695942 0.997974 -0.553766
v 9.695942 0.997974 -0.511051
v 9.695942 0.895523 -0.572388
v 9.695942 0.970523 -0.564518
v 9.695942 0.678528 -0.511051
v 9.208000 0.608000 -0.443745
v 9.208000 0.089738 -0.443745
v 9.208000 0.608000 0.210346
v 9.208000 0.089738 0.210346
v 8.191999 0.608000 -0.443745
v 8.191999 0.089738 -0.443745
v 8.191999 0.608000 0.210346
v 8.191999 0.089738 0.210346
v 9.168709 0.568678 -0.231802
v 9.167881 0.131744 -0.229151
v 9.167038 0.565062 -0.046705
v 9.167881 0.131744 -0.044100
v 8.233070 0.568678 -0.231802
v 8.233898 0.131744 -0.229151
v 8.234741 0.565062 -0.046705
v 8.233898 0.131744 -0.044100
v 8.233898 0.131744 -0.090363
v 8.233898 0.131744 -0.182888
v 8.233898 0.565571 -0.092991
v 8.233898 0.568214 -0.185516
v 9.167881 0.565571 -0.092991
v 9.167881 0.568214 -0.185516
v 9.167881 0.131744 -0.090363
v 9.167881 0.131744 -0.182888
v 9.299999 0.700000 -0.443745
v 9.299999 -0.002262 -0.443745
v 9.299999 0.700000 0.210346
v 9.299999 -0.002262 0.210346
v 8.099998 0.700000 -0.443745
v 8.099998 -0.002262 -0.443745
v 8.099998 0.700000 0.210346
v 8.099998 -0.002262 0.210346
v 9.259882 0.661498 -0.229151
v 9.259882 0.039744 -0.229151
v 9.259882 0.656212 -0.044100
v 9.259882 0.039744 -0.044100
v 8.141899 0.661498 -0.229151
v 8.141899 0.039744 -0.229151
v 8.141899 0.656212 -0.044100
v 8.141899 0.039744 -0.044100
v 8.141899 0.039744 -0.090363
v 8.141899 0.039744 -0.182888
v 8.141899 0.657533 -0.090363
v 8.141899 0.660177 -0.182888
v 9.259882 0.657533 -0.090363
v 9.259882 0.660177 -0.182888
v 9.259882 0.039744 -0.090363
v 9.259882 0.039744 -0.182888
v 8.185932 0.042598 12.144559
v 8.185932 0.627982 12.144559
v 8.185932 0.042598 12.183034
v 8.185932 0.627982 12.183034
v 9.214069 0.042598 12.144559
v 9.214069 0.627982 12.144559
v 9.214069 0.042598 12.183034
v 9.214069 0.627982 12.183034
v 9.300001 0.001359 11.789655
v 9.300001 0.698978 11.789655
v 9.300001 1.000000 11.789655
v 9.300001 0.001359 12.510348
v 9.700001 0.001359 11.789655
v 9.700001 1.000000 11.789655
v 9.700001 0.001359 12.510348
v 9.700001 1.000000 12.510348
v 9.300001 0.698978 12.510348
v 9.700001 0.698978 12.510348
v 9.700001 0.698978 11.789655
v 9.300001 1.000000 12.510348
v 8.100000 0.698978 11.789655
v 8.100000 1.000000 11.789655
v 8.100000 0.001359 12.510348
v 7.700001 0.001359 11.789655
v 7.700001 1.000000 11.789655
v 7.700001 1.000000 12.510348
v 8.100000 0.698978 12.510348
v 7.700001 0.698978 12.510348
v 7.700001 0.698978 11.789655
v 8.100000 0.001359 11.789655
v 7.700001 0.001359 12.510348
v 8.100000 1.000000 12.510348
v 9.703320 0.678528 12.511052
v 9.703320 0.970523 12.564519
v 9.703320 0.895523 12.572389
v 9.703320 0.997974 12.511052
v 9.703320 0.997974 12.553767
v 9.703320 0.793072 12.575269
v 9.703320 0.678528 12.575269
v 7.704060 0.678528 12.575269
v 7.704060 0.793072 12.575269
v 7.704060 0.997974 12.553767
v 7.704060 0.997974 12.511052
v 7.704060 0.895523 12.572389
v 7.704060 0.970523 12.564519
v 7.704060 0.678528 12.511052
v 8.192001 0.608000 12.443746
v 8.192001 0.089738 12.443746
v 8.192001 0.608000 11.789655
v 8.192001 0.089738 11.789655
v 9.208000 0.608000 12.443746
v 9.208000 0.089738 12.443746
v 9.208000 0.608000 11.789655
v 9.208000 0.089738 11.789655
v 8.231291 0.568678 12.231803
v 8.232119 0.131744 12.229152
v 8.232962 0.565062 12.046704
v 8.232119 0.131744 12.044101
v 9.166929 0.568678 12.231803
v 9.166101 0.131744 12.229152
v 9.165258 0.565062 12.046704
v 9.166101 0.131744 12.044101
v 9.166101 0.131744 12.090364
v 9.166101 0.131744 12.182889
v 9.166101 0.565571 12.092992
v 9.166101 0.568214 12.185515
v 8.232119 0.565571 12.092990
v 8.232119 0.568214 12.185515
v 8.232119 0.131744 12.090364
v 8.232119 0.131744 12.182889
v 8.100000 0.700000 12.443746
v 8.100000 -0.002262 12.443746
v 8.100000 0.700000 11.789655
v 8.100000 -0.002262 11.789655
v 9.300001 0.700000 12.443746
v 9.300001 -0.002262 12.443746
v 9.300001 0.700000 11.789655
v 9.300001 -0.002262 11.789655
v 8.140118 0.661498 12.229152
v 8.140118 0.039744 12.229152
v 8.140118 0.656212 12.044101
v 8.140118 0.039744 12.044101
v 9.258102 0.661498 12.229152
v 9.258102 0.039744 12.229152
v 9.258102 0.656212 12.044101
v 9.258102 0.039744 12.044101
v 9.258102 0.039744 12.090364
v 9.258102 0.039744 12.182889
v 9.258102 0.657533 12.090364
v 9.258102 0.660177 12.182889
v 8.140118 0.657533 12.090364
v 8.140118 0.660177 12.182889
v 8.140118 0.039744 12.090364
v 8.140118 0.039744 12.182889
v 17.700001 0.000000 0.210346
v 17.700001 1.000000 0.210346
v 17.700001 0.000000 -0.510347
v 17.700001 1.000000 -0.510347
v 15.700000 0.000000 0.210346
v 15.700000 1.000000 0.210346
v 15.700000 0.000000 -0.510347
v 15.700000 1.000000 -0.510347
v 15.696681 0.678528 -0.511051
v 15.696681 0.970523 -0.564518
v 15.696681 0.895523 -0.572388
v 15.696681 0.997974 -0.511051
v 15.696681 0.997974 -0.553766
v 15.696681 0.793072 -0.575268
v 15.696681 0.678528 -0.575268
v 17.695940 0.678528 -0.575268
v 17.695940 0.793072 -0.575268
v 17.695940 0.997974 -0.553766
v 17.695940 0.997974 -0.511051
v 17.695940 0.895523 -0.572388
v 17.695940 0.970523 -0.564518
v 17.695940 0.678528 -0.511051
v 11.700001 0.000000 0.210346
v 11.700001 1.000000 0.210346
v 11.700001 0.000000 -0.510347
v 11.700001 1.000000 -0.510347
v 9.700001 0.000000 0.210346
v 9.700001 0.000000 -0.510347
v 9.696682 0.678528 -0.511051
v 9.696682 0.970523 -0.564518
v 9.696682 0.895523 -0.572388
v 9.696682 0.997974 -0.511051
v 9.696682 0.997974 -0.553766
v 9.696682 0.793072 -0.575268
v 9.696682 0.678528 -0.575268
v 11.695942 0.678528 -0.575268
v 11.695942 0.793072 -0.575268
v 11.695942 0.997974 -0.553766
v 11.695942 0.997974 -0.511051
v 11.695942 0.895523 -0.572388
v 11.695942 0.970523 -0.564518
v 11.695942 0.678528 -0.511051
v 15.700000 0.000000 11.789654
v 15.700000 1.000000 11.789654
v 15.700000 0.000000 12.510347
v 15.700000 1.000000 12.510347
v 17.700001 0.000000 11.789654
v 17.700001 1.000000 11.789654
v 17.699997 0.000000 12.510347
v 17.699999 1.000000 12.510348
v 17.703316 0.678528 12.511051
v 17.703316 0.970523 12.564518
v 17.703316 0.895523 12.572388
v 17.703316 0.997974 12.511051
v 17.703316 0.997974 12.553766
v 17.703316 0.793072 12.575268
v 17.703316 0.678528 12.575268
v 15.704059 0.678528 12.575268
v 15.704059 0.793072 12.575268
v 15.704059 0.997974 12.553766
v 15.704059 0.997974 12.511051
v 15.704059 0.895523 12.572388
v 15.704059 0.970523 12.564518
v 15.704059 0.678528 12.511051
v 9.700001 0.000000 11.789655
v 9.700001 0.000000 12.510348
v 11.700001 0.000000 11.789654
v 11.700001 1.000000 11.789654
v 11.700001 0.000000 12.510347
v 11.700001 1.000000 12.510347
v 11.703320 0.678528 12.511051
v 11.703320 0.970523 12.564518
v 11.703320 0.895523 12.572388
v 11.703320 0.997974 12.511051
v 11.703320 0.997974 12.553766
v 11.703320 0.793072 12.575268
v 11.703320 0.678528 12.575268
v 9.704060 0.678528 12.575269
v 9.704060 0.793072 12.575269
v 9.704060 0.997974 12.553767
v 9.704060 0.997974 12.511052
v 9.704060 0.895523 12.572389
v 9.704060 0.970523 12.564519
v 9.704060 0.678528 12.511052
v 21.900002 0.000000 -2.000000
v 21.900002 1.000000 -2.000000
v 21.200001 0.000000 -2.000000
v 21.200001 1.000000 -2.000000
v 21.900002 0.000000 0.199999
v 21.900002 1.000000 0.199999
v 21.200001 0.000000 -0.500000
v 21.200001 1.000000 -0.500000
v 21.203159 0.000000 -0.500000
v 21.203159 1.000000 -0.500000
v 19.703159 0.000000 -0.500000
v 19.703159 1.000000 -0.500000
v 21.903160 0.000000 0.199999
v 21.903160 1.000000 0.199999
v 19.703159 0.000000 0.199999
v 19.703159 1.000000 0.199999
v 21.196537 0.682202 -0.495783
v 21.143070 0.974197 -0.549250
v 21.135201 0.899198 -0.557119
v 21.196537 1.001649 -0.495783
v 21.153820 1.001649 -0.538498
v 21.132320 0.796746 -0.559999
v 21.132320 0.682202 -0.559999
v 21.132318 0.682202 -1.996355
v 21.132318 0.796746 -1.996355
v 21.153820 1.001649 -1.996355
v 21.196537 1.001649 -1.996355
v 21.135201 0.899198 -1.996355
v 21.143070 0.974197 -1.996355
v 21.196537 0.682202 -1.996355
v 19.699783 0.679762 -0.494678
v 19.699783 0.971756 -0.548145
v 19.699783 0.896757 -0.556015
v 19.699783 0.999208 -0.494678
v 19.699783 0.999208 -0.537394
v 19.699783 0.794306 -0.558895
v 19.699783 0.679762 -0.558895
v 21.135199 0.679762 -0.558895
v 21.135199 0.794306 -0.558895
v 21.156700 0.999208 -0.537394
v 21.199417 0.999208 -0.494678
v 21.138081 0.896757 -0.556015
v 21.145950 0.971756 -0.548145
v 21.199417 0.679762 -0.494678
v 7.700001 0.000000 0.199999
v 7.700001 1.000000 0.199999
v 7.700001 0.000000 -0.500000
v 7.700001 1.000000 -0.500000
v 5.500000 0.000000 0.199999
v 5.500000 1.000000 0.199999
v 6.200001 0.000000 -0.500000
v 6.200001 1.000000 -0.500000
v 6.200001 0.000000 -0.496841
v 6.200001 1.000000 -0.496841
v 6.200001 0.000000 -1.996841
v 6.200001 1.000000 -1.996841
v 5.500000 0.000000 0.203157
v 5.500000 1.000000 0.203157
v 5.500000 0.000000 -1.996841
v 5.500000 1.000000 -1.996841
v 6.200020 0.682202 -0.511465
v 6.253487 0.974197 -0.564932
v 6.261356 0.899198 -0.572803
v 6.200020 1.001649 -0.511465
v 6.242737 1.001649 -0.554182
v 6.264238 0.796746 -0.575684
v 6.264238 0.682202 -0.575684
v 7.700592 0.682202 -0.575684
v 7.700592 0.796746 -0.575684
v 7.700592 1.001649 -0.554182
v 7.700592 1.001649 -0.511465
v 7.700592 0.899198 -0.572803
v 7.700592 0.974197 -0.564932
v 7.700592 0.682202 -0.511465
v 6.198915 0.679762 -2.008219
v 6.252382 0.971756 -2.008219
v 6.260254 0.896757 -2.008219
v 6.198915 0.999208 -2.008219
v 6.241632 0.999208 -2.008219
v 6.263134 0.794306 -2.008219
v 6.263134 0.679762 -2.008219
v 6.263134 0.679762 -0.572803
v 6.263134 0.794306 -0.572803
v 6.241632 0.999208 -0.551302
v 6.198915 0.999208 -0.508587
v 6.260254 0.896757 -0.569923
v 6.252382 0.971756 -0.562054
v 6.198915 0.679762 -0.508587
v 19.700001 0.000000 11.799999
v 19.700001 1.000000 11.799999
v 19.700001 0.000000 12.500000
v 19.700001 1.000000 12.500000
v 21.900002 0.000000 11.799999
v 21.900002 1.000000 11.799999
v 21.200001 0.000000 12.500000
v 21.200001 1.000000 12.500000
v 21.200001 0.000000 12.496841
v 21.200001 1.000000 12.496841
v 21.200001 0.000000 13.996842
v 21.200001 1.000000 13.996842
v 21.900002 0.000000 11.796841
v 21.900002 1.000000 11.796841
v 21.900002 0.000000 13.996842
v 21.900002 1.000000 13.996842
v 21.204220 0.682202 12.503464
v 21.150753 0.974197 12.556931
v 21.142883 0.899198 12.564800
v 21.204220 1.001649 12.503464
v 21.161503 1.001649 12.546181
v 21.139999 0.796746 12.567680
v 21.139999 0.682202 12.567680
v 19.703648 0.682202 12.567682
v 19.703648 0.796746 12.567682
v 19.703648 1.001649 12.546181
v 19.703648 1.001649 12.503464
v 19.703648 0.899198 12.564800
v 19.703648 0.974197 12.556931
v 19.703648 0.682202 12.503464
v 21.205322 0.679762 14.000218
v 21.151855 0.971756 14.000218
v 21.143986 0.896757 14.000218
v 21.205322 0.999208 14.000218
v 21.162605 0.999208 14.000218
v 21.141106 0.794306 14.000218
v 21.141106 0.679762 14.000218
v 21.141106 0.679762 12.564802
v 21.141106 0.794306 12.564802
v 21.162605 0.999208 12.543301
v 21.205322 0.999208 12.500584
v 21.143986 0.896757 12.561920
v 21.151855 0.971756 12.554050
v 21.205322 0.679762 12.500584
v 5.500000 0.000000 14.000001
v 5.500000 1.000000 14.000001
v 6.200000 0.000000 14.000001
v 6.200000 1.000000 14.000001
v 5.500000 0.000000 11.800000
v 5.500000 1.000000 11.800000
v 6.200000 0.000000 12.500001
v 6.200000 1.000000 12.500001
v 6.196842 0.000000 12.500001
v 6.196842 1.000000 12.500001
v 7.696842 0.000000 12.500001
v 7.696842 1.000000 12.500001
v 5.496841 0.000000 11.800000
v 5.496841 1.000000 11.800000
v 7.696842 0.000000 11.800000
v 7.696842 1.000000 11.800000
v 6.211465 0.682202 12.500022
v 6.264932 0.974197 12.553489
v 6.272802 0.899198 12.561358
v 6.211465 1.001649 12.500022
v 6.254180 1.001649 12.542737
v 6.275682 0.796746 12.564239
v 6.275682 0.682202 12.564239
v 6.275682 0.682202 14.000594
v 6.275682 0.796746 14.000594
v 6.254180 1.001649 14.000594
v 6.211465 1.001649 14.000594
v 6.272802 0.899198 14.000594
v 6.264932 0.974197 14.000594
v 6.211465 0.682202 14.000594
v 7.708220 0.679762 12.498918
v 7.708220 0.971756 12.552384
v 7.708220 0.896757 12.560254
v 7.708220 0.999208 12.498918
v 7.708220 0.999208 12.541633
v 7.708220 0.794306 12.563134
v 7.708220 0.679762 12.563134
v 6.272804 0.679762 12.563134
v 6.272804 0.794306 12.563134
v 6.251300 0.999208 12.541633
v 6.208585 0.999208 12.498918
v 6.269922 0.896757 12.560254
v 6.262052 0.971756 12.552384
v 6.208585 0.679762 12.498918
v 21.915211 0.000000 -5.502382
v 21.915211 1.000000 -5.502382
v 21.194515 0.000000 -6.205812
v 21.194515 1.000000 -6.205812
v 21.910206 0.000000 -3.999607
v 21.910206 1.000000 -3.999607
v 21.189516 0.000000 -3.999607
v 21.189516 1.000000 -3.999607
v 23.397953 0.000000 -5.502382
v 23.397953 1.000000 -5.502382
v 23.397953 0.000000 -6.205812
v 23.397953 1.000000 -6.205812
v 21.190582 0.678528 -6.200314
v 21.137115 0.970523 -6.253780
v 21.129246 0.895523 -6.261650
v 21.190582 0.997974 -6.200314
v 21.147867 0.997974 -6.243029
v 21.126366 0.793072 -6.264530
v 21.126366 0.678528 -6.264530
v 23.395916 0.678528 -6.264530
v 23.395916 0.793072 -6.264530
v 23.395916 0.997974 -6.243029
v 23.395916 0.997974 -6.200314
v 23.395916 0.895523 -6.261650
v 23.395916 0.970523 -6.253780
v 23.395916 0.678528 -6.200314
v 21.189930 0.678528 -3.999605
v 21.136463 0.970523 -3.999605
v 21.128593 0.895523 -3.999605
v 21.189930 0.997974 -3.999605
v 21.147213 0.997974 -3.999605
v 21.125711 0.793072 -3.999605
v 21.125711 0.678528 -3.999605
v 21.130682 0.678528 -6.263474
v 21.130682 0.793072 -6.263474
v 21.152184 0.997974 -6.241972
v 21.194899 0.997974 -6.199257
v 21.133562 0.895523 -6.260593
v 21.141432 0.970523 -6.252724
v 21.194899 0.678528 -6.199257
v 21.910347 0.000000 -4.000000
v 21.910347 1.000000 -4.000000
v 21.189653 0.000000 -4.000000
v 21.189653 1.000000 -4.000000
v 21.910347 0.000000 -2.000000
v 21.910347 1.000000 -2.000000
v 21.189653 0.000000 -2.000000
v 21.189653 1.000000 -2.000000
v 21.189722 0.678528 -1.996883
v 21.136255 0.970523 -1.996883
v 21.128386 0.895523 -1.996883
v 21.189722 0.997974 -1.996883
v 21.147005 0.997974 -1.996883
v 21.125504 0.793072 -1.996883
v 21.125504 0.678528 -1.996883
v 21.125504 0.678528 -3.996143
v 21.125504 0.793072 -3.996143
v 21.147005 0.997974 -3.996143
v 21.189722 0.997974 -3.996143
v 21.128386 0.895523 -3.996143
v 21.136255 0.970523 -3.996143
v 21.189722 0.678528 -3.996143
v 5.489653 0.000000 -2.000000
v 5.489653 1.000000 -2.000000
v 6.210346 0.000000 -2.000000
v 6.210346 1.000000 -2.000000
v 5.489653 0.000000 -4.000000
v 5.489653 1.000000 -4.000000
v 6.210346 0.000000 -4.000000
v 6.210346 1.000000 -4.000000
v 6.210279 0.678528 -4.003117
v 6.263746 0.970523 -4.003117
v 6.271616 0.895523 -4.003117
v 6.210279 0.997974 -4.003117
v 6.252995 0.997974 -4.003117
v 6.274496 0.793072 -4.003117
v 6.274496 0.678528 -4.003117
v 6.274496 0.678528 -2.003857
v 6.274496 0.793072 -2.003857
v 6.252995 0.997974 -2.003857
v 6.210278 0.997974 -2.003857
v 6.271616 0.895523 -2.003857
v 6.263744 0.970523 -2.003857
v 6.210278 0.678528 -2.003857
v 28.902382 0.000000 -5.484791
v 28.902382 1.000000 -5.484791
v 29.605812 0.000000 -6.205484
v 29.605812 1.000000 -6.205484
v 27.399609 0.000000 -5.489792
v 27.399609 1.000000 -5.489792
v 27.399609 0.000000 -6.210487
v 27.399609 1.000000 -6.210487
v 28.902382 0.000000 -4.002047
v 28.902382 1.000000 -4.002047
v 29.605812 0.000000 -4.002047
v 29.605812 1.000000 -4.002047
v 29.600311 0.678528 -6.209417
v 29.653778 0.970523 -6.262884
v 29.661652 0.895523 -6.270754
v 29.600311 0.997974 -6.209417
v 29.643028 0.997974 -6.252132
v 29.664532 0.793072 -6.273634
v 29.664532 0.678528 -6.273634
v 29.664528 0.678528 -4.004084
v 29.664528 0.793072 -4.004084
v 29.643028 0.997974 -4.004084
v 29.600311 0.997974 -4.004084
v 29.661648 0.895523 -4.004084
v 29.653778 0.970523 -4.004084
v 29.600311 0.678528 -4.004084
v 27.399605 0.678528 -6.210072
v 27.399605 0.970523 -6.263538
v 27.399605 0.895523 -6.271408
v 27.399605 0.997974 -6.210072
v 27.399605 0.997974 -6.252789
v 27.399605 0.793072 -6.274290
v 27.399605 0.678528 -6.274290
v 29.663475 0.678528 -6.269318
v 29.663475 0.793072 -6.269318
v 29.641972 0.997974 -6.247816
v 29.599258 0.997974 -6.205101
v 29.660595 0.895523 -6.266438
v 29.652725 0.970523 -6.258568
v 29.599258 0.678528 -6.205101
v 28.879654 0.000000 -2.000000
v 28.879654 1.000000 -2.000000
v 29.600346 0.000000 -2.000000
v 29.600346 1.000000 -2.000000
v 28.879654 0.000000 -4.000000
v 28.879654 1.000000 -4.000000
v 29.600346 0.000000 -4.000000
v 29.600346 1.000000 -4.000000
v 29.600277 0.678528 -4.003117
v 29.653744 0.970523 -4.003117
v 29.661613 0.895523 -4.003117
v 29.600277 0.997974 -4.003117
v 29.642994 0.997974 -4.003117
v 29.664497 0.793072 -4.003117
v 29.664497 0.678528 -4.003117
v 29.664497 0.678528 -2.003857
v 29.664497 0.793072 -2.003857
v 29.642994 0.997974 -2.003857
v 29.600277 0.997974 -2.003857
v 29.661613 0.895523 -2.003857
v 29.653744 0.970523 -2.003857
v 29.600277 0.678528 -2.003857
v 28.879654 0.000000 2.000000
v 28.879654 1.000000 2.000000
v 29.600346 0.000000 2.000000
v 29.600346 1.000000 2.000000
v 28.879654 0.000000 0.000000
v 28.879654 1.000000 0.000000
v 29.600346 0.000000 0.000000
v 29.600346 1.000000 0.000000
v 29.600277 0.678528 -0.003117
v 29.653744 0.970523 -0.003117
v 29.661613 0.895523 -0.003117
v 29.600277 0.997974 -0.003117
v 29.642994 0.997974 -0.003117
v 29.664497 0.793072 -0.003117
v 29.664497 0.678528 -0.003117
v 29.664497 0.678528 1.996143
v 29.664497 0.793072 1.996143
v 29.642994 0.997974 1.996143
v 29.600277 0.997974 1.996143
v 29.661613 0.895523 1.996143
v 29.653744 0.970523 1.996143
v 29.600277 0.678528 1.996143
v 28.879654 0.000000 4.000000
v 28.879654 1.000000 4.000000
v 29.600346 0.000000 4.000000
v 29.600346 1.000000 4.000000
v 29.600277 0.678528 1.996883
v 29.653744 0.970523 1.996883
v 29.661613 0.895523 1.996883
v 29.600277 0.997974 1.996883
v 29.642994 0.997974 1.996883
v 29.664497 0.793072 1.996883
v 29.664497 0.678528 1.996883
v 29.664497 0.678528 3.996143
v 29.664497 0.793072 3.996143
v 29.642994 0.997974 3.996143
v 29.600277 0.997974 3.996143
v 29.661613 0.895523 3.996143
v 29.653744 0.970523 3.996143
v 29.600277 0.678528 3.996143
v 28.879654 0.000000 10.000001
v 28.879654 1.000000 10.000001
v 29.600346 0.000000 10.000001
v 29.600346 1.000000 10.000001
v 28.879654 0.000000 8.000001
v 28.879654 1.000000 8.000001
v 29.600346 0.000000 8.000001
v 29.600346 1.000000 8.000001
v 29.600277 0.678528 7.996884
v 29.653744 0.970523 7.996884
v 29.661613 0.895523 7.996884
v 29.600277 0.997974 7.996884
v 29.642994 0.997974 7.996884
v 29.664497 0.793072 7.996884
v 29.664497 0.678528 7.996884
v 29.664497 0.678528 9.996144
v 29.664497 0.793072 9.996144
v 29.642994 0.997974 9.996144
v 29.600277 0.997974 9.996144
v 29.661613 0.895523 9.996144
v 29.653744 0.970523 9.996144
v 29.600277 0.678528 9.996144
v 28.879654 0.000000 12.000001
v 28.879654 1.000000 12.000001
v 29.600346 0.000000 12.000001
v 29.600346 1.000000 12.000001
v 29.600277 0.678528 9.996884
v 29.653744 0.970523 9.996884
v 29.661613 0.895523 9.996884
v 29.600277 0.997974 9.996884
v 29.642994 0.997974 9.996884
v 29.664497 0.793072 9.996884
v 29.664497 0.678528 9.996884
v 29.664497 0.678528 11.996144
v 29.664497 0.793072 11.996144
v 29.642994 0.997974 11.996144
v 29.600277 0.997974 11.996144
v 29.661613 0.895523 11.996144
v 29.653744 0.970523 11.996144
v 29.600277 0.678528 11.996144
v 28.879654 0.000000 16.000000
v 28.879654 1.000000 16.000000
v 29.600346 0.000000 16.000000
v 29.600346 1.000000 16.000000
v 28.879654 0.000000 14.000001
v 28.879654 1.000000 14.000001
v 29.600346 0.000000 14.000001
v 29.600346 1.000000 14.000001
v 29.600277 0.678528 13.996884
v 29.653744 0.970523 13.996884
v 29.661613 0.895523 13.996884
v 29.600277 0.997974 13.996884
v 29.642994 0.997974 13.996884
v 29.664497 0.793072 13.996884
v 29.664497 0.678528 13.996884
v 29.664497 0.678528 15.996145
v 29.664497 0.793072 15.996145
v 29.642994 0.997974 15.996145
v 29.600277 0.997974 15.996145
v 29.661613 0.895523 15.996145
v 29.653744 0.970523 15.996145
v 29.600277 0.678528 15.996145
v 28.884792 0.000000 17.502384
v 28.884792 1.000000 17.502384
v 29.605484 0.000000 18.205814
v 29.605484 1.000000 18.205814
v 28.889793 0.000000 15.999609
v 28.889793 1.000000 15.999609
v 29.610485 0.000000 15.999609
v 29.610485 1.000000 15.999609
v 27.402046 0.000000 17.502384
v 27.402046 1.000000 17.502384
v 27.402046 0.000000 18.205814
v 27.402046 1.000000 18.205814
v 29.609417 0.678528 18.200314
v 29.662884 0.970523 18.253780
v 29.670753 0.895523 18.261650
v 29.609417 0.997974 18.200314
v 29.652134 0.997974 18.243031
v 29.673634 0.793072 18.264530
v 29.673634 0.678528 18.264530
v 27.404083 0.678528 18.264530
v 27.404083 0.793072 18.264530
v 27.404083 0.997974 18.243031
v 27.404083 0.997974 18.200314
v 27.404083 0.895523 18.261650
v 27.404083 0.970523 18.253780
v 27.404083 0.678528 18.200314
v 29.610069 0.678528 15.999607
v 29.663536 0.970523 15.999607
v 29.671406 0.895523 15.999607
v 29.610069 0.997974 15.999607
v 29.652786 0.997974 15.999607
v 29.674290 0.793072 15.999607
v 29.674290 0.678528 15.999607
v 29.669319 0.678528 18.263474
v 29.669319 0.793072 18.263474
v 29.647816 0.997974 18.241974
v 29.605103 0.997974 18.199257
v 29.666439 0.895523 18.260593
v 29.658569 0.970523 18.252724
v 29.605103 0.678528 18.199257
v 21.897617 0.000000 17.484789
v 21.897617 1.000000 17.484789
v 21.194187 0.000000 18.205488
v 21.194187 1.000000 18.205488
v 23.400394 0.000000 17.489790
v 23.400394 1.000000 17.489790
v 23.400394 0.000000 18.210485
v 23.400394 1.000000 18.210485
v 21.897617 0.000000 16.002047
v 21.897617 1.000000 16.002047
v 21.194187 0.000000 16.002050
v 21.194187 1.000000 16.002050
v 21.199688 0.678528 18.209421
v 21.146221 0.970523 18.262888
v 21.138351 0.895523 18.270758
v 21.199688 0.997974 18.209421
v 21.156971 0.997974 18.252134
v 21.135471 0.793072 18.273638
v 21.135471 0.678528 18.273638
v 21.135471 0.678528 16.004087
v 21.135471 0.793072 16.004087
v 21.156971 0.997974 16.004087
v 21.199688 0.997974 16.004087
v 21.138351 0.895523 16.004087
v 21.146221 0.970523 16.004087
v 21.199688 0.678528 16.004087
v 23.400394 0.678528 18.210070
v 23.400394 0.970523 18.263536
v 23.400394 0.895523 18.271406
v 23.400394 0.997974 18.210070
v 23.400394 0.997974 18.252787
v 23.400394 0.793072 18.274286
v 23.400394 0.678528 18.274286
v 21.136528 0.678528 18.269320
v 21.136528 0.793072 18.269320
v 21.158028 0.997974 18.247820
v 21.200745 0.997974 18.205103
v 21.139408 0.895523 18.266439
v 21.147278 0.970523 18.258570
v 21.200745 0.678528 18.205103
v 21.910347 0.000000 14.000001
v 21.910347 1.000000 14.000001
v 21.189651 0.000000 14.000001
v 21.189651 1.000000 14.000001
v 21.910347 0.000000 16.000000
v 21.910347 1.000000 16.000000
v 21.189651 0.000000 16.000000
v 21.189651 1.000000 16.000000
v 21.189720 0.678528 16.003119
v 21.136253 0.970523 16.003119
v 21.128384 0.895523 16.003119
v 21.189720 0.997974 16.003119
v 21.147003 0.997974 16.003119
v 21.125504 0.793072 16.003119
v 21.125504 0.678528 16.003119
v 21.125504 0.678528 14.003858
v 21.125504 0.793072 14.003858
v 21.147003 0.997974 14.003858
v 21.189720 0.997974 14.003858
v 21.128384 0.895523 14.003858
v 21.136253 0.970523 14.003858
v 21.189720 0.678528 14.003858
v 5.489654 0.000000 16.000000
v 5.489654 1.000000 16.000000
v 6.210346 0.000000 16.000000
v 6.210346 1.000000 16.000000
v 5.489654 0.000000 14.000001
v 5.489654 1.000000 14.000001
v 6.210346 0.000000 14.000001
v 6.210346 1.000000 14.000001
v 6.210279 0.678528 13.996884
v 6.263746 0.970523 13.996884
v 6.271616 0.895523 13.996884
v 6.210279 0.997974 13.996884
v 6.252994 0.997974 13.996884
v 6.274498 0.793072 13.996884
v 6.274498 0.678528 13.996884
v 6.274496 0.678528 15.996143
v 6.274496 0.793072 15.996143
v 6.252994 0.997974 15.996143
v 6.210279 0.997974 15.996143
v 6.271616 0.895523 15.996143
v 6.263746 0.970523 15.996143
v 6.210279 0.678528 15.996143
v 5.489652 0.000000 -6.000000
v 5.489652 1.000000 -6.000000
v 6.210346 0.000000 -6.000000
v 6.210346 1.000000 -6.000000
v 6.210277 0.678528 -6.003117
v 6.263744 0.970523 -6.003117
v 6.271616 0.895523 -6.003117
v 6.210277 0.997974 -6.003117
v 6.252994 0.997974 -6.003117
v 6.274496 0.793072 -6.003117
v 6.274496 0.678528 -6.003117
v 6.274496 0.678528 -4.003857
v 6.274496 0.793072 -4.003857
v 6.252995 0.997974 -4.003857
v 6.210278 0.997974 -4.003857
v 6.271616 0.895523 -4.003857
v 6.263744 0.970523 -4.003857
v 6.210278 0.678528 -4.003857
v 5.489652 0.000000 -8.000000
v 5.489652 1.000000 -8.000000
v 6.210346 0.000000 -8.000000
v 6.210346 1.000000 -8.000000
v 6.210277 0.678528 -8.003117
v 6.263744 0.970523 -8.003117
v 6.271616 0.895523 -8.003117
v 6.210277 0.997974 -8.003117
v 6.252994 0.997974 -8.003117
v 6.274496 0.793072 -8.003117
v 6.274496 0.678528 -8.003117
v 6.274496 0.678528 -6.003857
v 6.274496 0.793072 -6.003857
v 6.252994 0.997974 -6.003857
v 6.210277 0.997974 -6.003857
v 6.271614 0.895523 -6.003857
v 6.263744 0.970523 -6.003857
v 6.210277 0.678528 -6.003857
v 5.502380 0.000000 -9.484791
v 5.502380 1.000000 -9.484791
v 6.205811 0.000000 -10.205484
v 6.205811 1.000000 -10.205484
v 3.999605 0.000000 -9.489792
v 3.999605 1.000000 -9.489792
v 3.999605 0.000000 -10.210484
v 3.999605 1.000000 -10.210484
v 5.502380 0.000000 -8.002047
v 5.502380 1.000000 -8.002047
v 6.205810 0.000000 -8.002047
v 6.205810 1.000000 -8.002047
v 6.200312 0.678528 -10.209417
v 6.253778 0.970523 -10.262884
v 6.261648 0.895523 -10.270754
v 6.200312 0.997974 -10.209417
v 6.243027 0.997974 -10.252132
v 6.264528 0.793072 -10.273636
v 6.264528 0.678528 -10.273636
v 6.264528 0.678528 -8.004084
v 6.264528 0.793072 -8.004084
v 6.243026 0.997974 -8.004084
v 6.200311 0.997974 -8.004084
v 6.261648 0.895523 -8.004084
v 6.253778 0.970523 -8.004084
v 6.200311 0.678528 -8.004084
v 3.999605 0.678528 -10.210070
v 3.999605 0.970523 -10.263536
v 3.999605 0.895523 -10.271408
v 3.999605 0.997974 -10.210070
v 3.999605 0.997974 -10.252785
v 3.999605 0.793072 -10.274288
v 3.999605 0.678528 -10.274288
v 6.263472 0.678528 -10.269318
v 6.263472 0.793072 -10.269318
v 6.241970 0.997974 -10.247818
v 6.199255 0.997974 -10.205101
v 6.260592 0.895523 -10.266438
v 6.252722 0.970523 -10.258568
v 6.199255 0.678528 -10.205101
v 25.396275 0.694288 -5.480429
v 25.396275 0.694288 -6.101124
v 25.396275 -0.002995 -6.101124
v 25.396275 -0.002995 -5.480429
v 23.896271 0.694288 -5.480429
v 23.896271 0.694288 -6.101124
v 23.896271 -0.002995 -6.101124
v 23.896271 -0.002995 -5.480429
v 24.896271 0.694288 -5.480429
v 24.896271 -0.002995 -5.480429
v 24.896271 0.694288 -6.101124
v 24.896271 -0.002995 -6.101124
v 26.896275 0.694288 -5.480429
v 26.896275 0.694288 -6.101124
v 26.896275 -0.002995 -6.101124
v 26.896275 -0.002995 -5.480429
v 25.896275 0.694288 -5.480429
v 25.896275 -0.002995 -5.480429
v 25.896275 0.694288 -6.101124
v 25.896275 -0.002995 -6.101124
v 26.804272 0.602288 -6.134521
v 26.804272 0.084026 -6.134521
v 26.804272 0.602288 -5.480429
v 26.804272 0.084026 -5.480429
v 23.988274 0.602288 -6.134521
v 23.988274 0.084026 -6.134521
v 23.988274 0.602288 -5.480429
v 23.988274 0.084026 -5.480429
v 26.764984 0.562966 -5.922579
v 26.764156 0.126032 -5.919928
v 26.763313 0.559350 -5.737480
v 26.764156 0.126032 -5.734877
v 24.029343 0.562966 -5.922579
v 24.030170 0.126032 -5.919928
v 24.031013 0.559350 -5.737480
v 24.030170 0.126032 -5.734877
v 24.030170 0.126032 -5.781139
v 24.030170 0.126032 -5.873665
v 24.030170 0.559859 -5.783766
v 24.030170 0.562502 -5.876291
v 26.764156 0.559859 -5.783766
v 26.764156 0.562502 -5.876291
v 26.764156 0.126032 -5.781139
v 26.764156 0.126032 -5.873665
v 26.896275 0.694288 -6.134521
v 26.896275 -0.007974 -6.134521
v 26.896275 -0.007974 -5.480429
v 23.896271 0.694288 -6.134521
v 23.896271 -0.007974 -6.134521
v 23.896271 -0.007974 -5.480429
v 26.856155 0.655787 -5.919928
v 26.856155 0.034032 -5.919928
v 26.856155 0.650500 -5.734877
v 26.856155 0.034032 -5.734877
v 23.938171 0.655787 -5.919928
v 23.938171 0.034032 -5.919928
v 23.938171 0.650500 -5.734877
v 23.938171 0.034032 -5.734877
v 23.938171 0.034032 -5.781139
v 23.938171 0.034032 -5.873665
v 23.938171 0.651821 -5.781139
v 23.938171 0.654465 -5.873665
v 26.856155 0.651821 -5.781139
v 26.856155 0.654465 -5.873665
v 26.856155 0.034032 -5.781139
v 26.856155 0.034032 -5.873665
v 25.786160 0.126032 -5.919928
v 25.008167 0.126032 -5.919928
v 25.008167 0.126032 -5.734877
v 25.786160 0.126032 -5.734877
v 25.786160 0.126032 -5.873665
v 25.008167 0.126032 -5.873665
v 25.786160 0.126032 -5.781139
v 25.008167 0.126032 -5.781139
v 25.816826 0.034032 -5.919928
v 24.977501 0.034032 -5.919928
v 24.977501 0.034032 -5.734877
v 25.816826 0.034032 -5.734877
v 25.816826 0.034032 -5.873665
v 24.977501 0.034032 -5.873665
v 25.816826 0.034032 -5.781139
v 24.977501 0.034032 -5.781139
v 24.838814 0.126032 -5.919928
v 24.838814 0.126032 -5.873665
v 24.838814 0.126032 -5.781139
v 24.834213 0.034032 -5.919928
v 24.834213 0.034032 -5.873665
v 24.834213 0.034032 -5.781139
v 24.838814 0.126032 -5.734877
v 24.834213 0.034032 -5.734877
v 24.955513 0.126032 -5.734877
v 24.960114 0.034032 -5.734877
v 24.955513 0.126032 -5.919928
v 24.955513 0.126032 -5.873665
v 24.955513 0.126032 -5.781139
v 24.960114 0.034032 -5.919928
v 24.960114 0.034032 -5.873665
v 24.960114 0.034032 -5.781139
v 24.955555 0.562966 -5.922579
v 24.955513 0.562502 -5.876291
v 24.955513 0.559859 -5.783766
v 24.960114 0.655787 -5.919928
v 24.960114 0.654465 -5.873665
v 24.960114 0.651821 -5.781139
v 24.955471 0.559350 -5.737480
v 24.960114 0.650500 -5.734877
v 24.838856 0.559350 -5.737480
v 24.834213 0.650500 -5.734877
v 24.838772 0.562966 -5.922579
v 24.838814 0.562502 -5.876291
v 24.838814 0.559859 -5.783766
v 24.834213 0.655787 -5.919928
v 24.834213 0.654465 -5.873665
v 24.834213 0.651821 -5.781139
v 26.763062 0.128270 -5.786478
v 26.763062 0.559005 -5.786478
v 26.763062 0.128270 -5.824951
v 26.763062 0.559005 -5.824951
v 24.955841 0.128270 -5.786478
v 24.955841 0.559005 -5.786478
v 24.955841 0.128270 -5.824951
v 24.955841 0.559005 -5.824951
v 24.840641 0.128270 -5.786478
v 24.840641 0.559005 -5.786478
v 24.840641 0.128270 -5.824951
v 24.840641 0.559005 -5.824951
v 24.033424 0.128270 -5.786478
v 24.033424 0.559005 -5.786478
v 24.033424 0.128270 -5.824951
v 24.033424 0.559005 -5.824951
v 25.997166 0.090126 -5.919928
v 25.997166 0.090126 -5.734877
v 25.997166 0.090126 -5.873665
v 25.997166 0.090126 -5.781139
v 25.997166 -0.001874 -5.919928
v 25.997166 -0.001874 -5.734877
v 25.997166 -0.001874 -5.873665
v 25.997166 -0.001874 -5.781139
v 25.938816 0.090126 -5.919928
v 25.938816 0.090126 -5.873665
v 25.938816 0.090126 -5.781139
v 25.934216 -0.001874 -5.919928
v 25.934216 -0.001874 -5.873665
v 25.934216 -0.001874 -5.781139
v 25.938816 0.090126 -5.734877
v 25.934216 -0.001874 -5.734877
v 26.055515 0.090126 -5.734877
v 26.060112 -0.001874 -5.734877
v 26.055515 0.090126 -5.919928
v 26.055515 0.090126 -5.873665
v 26.055515 0.090126 -5.781139
v 26.060112 -0.001874 -5.919928
v 26.060112 -0.001874 -5.873665
v 26.060112 -0.001874 -5.781139
v 25.997166 0.590425 -5.922579
v 25.997166 0.586809 -5.737480
v 25.997166 0.589961 -5.876291
v 25.997166 0.587318 -5.783766
v 25.997166 0.683245 -5.919928
v 25.997166 0.677959 -5.734877
v 25.997166 0.681924 -5.873665
v 25.997166 0.679280 -5.781139
v 26.055553 0.590425 -5.922579
v 26.055515 0.589961 -5.876291
v 26.055515 0.587318 -5.783766
v 26.060112 0.683245 -5.919928
v 26.060112 0.681924 -5.873665
v 26.060112 0.679280 -5.781139
v 26.055470 0.586809 -5.737480
v 26.060112 0.677959 -5.734877
v 25.938858 0.586809 -5.737480
v 25.934216 0.677959 -5.734877
v 25.938774 0.590425 -5.922579
v 25.938816 0.589961 -5.876291
v 25.938816 0.587318 -5.783766
v 25.934216 0.683245 -5.919928
v 25.934216 0.681924 -5.873665
v 25.934216 0.679280 -5.781139
v 26.055843 0.092364 -5.786478
v 26.055843 0.586464 -5.786478
v 26.055843 0.092364 -5.824951
v 26.055843 0.586464 -5.824951
v 25.940643 0.092364 -5.786478
v 25.940643 0.586464 -5.786478
v 25.940643 0.092364 -5.824951
v 25.940643 0.586464 -5.824951
v 24.897163 0.126032 -5.919928
v 24.897163 0.126032 -5.734877
v 24.897163 0.126032 -5.873665
v 24.897163 0.126032 -5.781139
v 24.897163 0.034032 -5.919928
v 24.897163 0.034032 -5.734877
v 24.897163 0.034032 -5.873665
v 24.897163 0.034032 -5.781139
v 24.897163 0.594132 -5.922579
v 24.897163 0.590516 -5.737480
v 24.897163 0.593669 -5.876291
v 24.897163 0.591025 -5.783766
v 24.897163 0.686953 -5.919928
v 24.897163 0.681666 -5.734877
v 24.897163 0.685631 -5.873665
v 24.897163 0.682988 -5.781139
v 24.955555 0.594132 -5.922579
v 24.955513 0.593669 -5.876291
v 24.955513 0.591025 -5.783766
v 24.960114 0.686953 -5.919928
v 24.960114 0.685631 -5.873665
v 24.960114 0.682988 -5.781139
v 24.955471 0.590516 -5.737480
v 24.960114 0.681666 -5.734877
v 24.838856 0.590516 -5.737480
v 24.834213 0.681666 -5.734877
v 24.838772 0.594132 -5.922579
v 24.838814 0.593669 -5.876291
v 24.838814 0.591025 -5.783766
v 24.834213 0.686953 -5.919928
v 24.834213 0.685631 -5.873665
v 24.834213 0.682988 -5.781139
v 24.955841 0.590172 -5.786478
v 24.955841 0.590172 -5.824951
v 24.840641 0.590172 -5.786478
v 24.840641 0.590172 -5.824951
v 23.392956 0.672816 -6.201828
v 23.392956 0.964811 -6.255295
v 23.392956 0.889811 -6.263165
v 23.392956 0.992262 -6.201828
v 23.392956 0.992262 -6.244545
v 23.392956 0.787360 -6.266045
v 23.392956 0.672816 -6.266045
v 27.392216 0.672816 -6.266045
v 27.392216 0.787360 -6.266045
v 27.392216 0.992262 -6.244545
v 27.392216 0.992262 -6.201828
v 27.392216 0.889811 -6.263165
v 27.392216 0.964811 -6.255295
v 27.392216 0.672816 -6.201828
v 23.896271 -0.004353 -5.480431
v 23.896271 0.693266 -5.480431
v 23.896271 0.994288 -5.480431
v 23.896271 -0.004353 -6.201124
v 23.396271 -0.004353 -5.480431
v 23.396271 0.994288 -5.480431
v 23.396271 -0.004353 -6.201124
v 23.896271 0.693266 -6.201124
v 23.396271 0.693266 -6.201124
v 23.396271 0.693266 -5.480431
v 23.896271 0.994288 -6.201124
v 26.896275 0.693266 -5.480431
v 26.896275 0.994288 -5.480431
v 26.896275 -0.004353 -6.201124
v 27.396275 -0.004353 -5.480431
v 27.396275 0.994288 -5.480431
v 26.896275 0.693266 -6.201124
v 27.396275 0.693266 -6.201124
v 27.396275 0.693266 -5.480431
v 26.896275 -0.004353 -5.480431
v 27.396275 -0.004353 -6.201124
v 26.896275 0.994288 -6.201124
v 27.396275 -0.005712 -5.480431
v 27.396275 -0.005712 -6.201122
v 27.396275 0.994288 -6.201123
v 27.392956 0.672816 -6.201828
v 27.392956 0.964811 -6.255295
v 27.392956 0.889811 -6.263165
v 27.392956 0.992262 -6.201828
v 27.392956 0.992262 -6.244543
v 27.392956 0.787360 -6.266045
v 27.392956 0.672816 -6.266045
v 23.396271 -0.005712 -5.480431
v 23.396271 -0.005712 -6.201122
v 23.396271 0.994288 -6.201123
v 23.392212 0.672816 -6.266045
v 23.392212 0.787360 -6.266045
v 23.392212 0.992262 -6.244543
v 23.392212 0.992262 -6.201828
v 23.392212 0.889811 -6.263165
v 23.392212 0.964811 -6.255295
v 23.392212 0.672816 -6.201828
v 28.868053 0.694288 5.985320
v 29.488747 0.694288 5.985320
v 29.488747 -0.002995 5.985320
v 28.868053 -0.002995 5.985320
v 28.868053 0.694288 4.485320
v 29.488747 0.694288 4.485320
v 29.488747 -0.002995 4.485320
v 28.868053 -0.002995 4.485320
v 28.868053 0.694288 5.485320
v 28.868053 -0.002995 5.485320
v 29.488747 0.694288 5.485320
v 29.488747 -0.002995 5.485320
v 28.868053 0.694288 7.485320
v 29.488747 0.694288 7.485320
v 29.488747 -0.002995 7.485320
v 28.868053 -0.002995 7.485320
v 28.868053 0.694288 6.485320
v 28.868053 -0.002995 6.485320
v 29.488747 0.694288 6.485320
v 29.488747 -0.002995 6.485320
v 29.522144 0.602288 7.393319
v 29.522144 0.084026 7.393319
v 28.868053 0.602288 7.393319
v 28.868053 0.084026 7.393319
v 29.522144 0.602288 4.577319
v 29.522144 0.084026 4.577319
v 28.868053 0.602288 4.577319
v 28.868053 0.084026 4.577319
v 29.310204 0.562966 7.354030
v 29.307552 0.126032 7.353202
v 29.125103 0.559350 7.352359
v 29.122501 0.126032 7.353202
v 29.310204 0.562966 4.618392
v 29.307552 0.126032 4.619220
v 29.125103 0.559350 4.620063
v 29.122501 0.126032 4.619220
v 29.168762 0.126032 4.619220
v 29.261288 0.126032 4.619220
v 29.171391 0.559859 4.619220
v 29.263916 0.562502 4.619220
v 29.171391 0.559859 7.353202
v 29.263916 0.562502 7.353202
v 29.168762 0.126032 7.353202
v 29.261288 0.126032 7.353202
v 29.522144 0.694288 7.485320
v 29.522144 -0.007974 7.485320
v 28.868053 -0.007974 7.485320
v 29.522144 0.694288 4.485320
v 29.522144 -0.007974 4.485320
v 28.868053 -0.007974 4.485320
v 29.307552 0.655787 7.445201
v 29.307552 0.034032 7.445201
v 29.122501 0.650500 7.445201
v 29.122501 0.034032 7.445201
v 29.307552 0.655787 4.527219
v 29.307552 0.034032 4.527219
v 29.122501 0.650500 4.527219
v 29.122501 0.034032 4.527219
v 29.168762 0.034032 4.527219
v 29.261288 0.034032 4.527219
v 29.168762 0.651821 4.527219
v 29.261288 0.654465 4.527219
v 29.168762 0.651821 7.445201
v 29.261288 0.654465 7.445201
v 29.168762 0.034032 7.445201
v 29.261288 0.034032 7.445201
v 29.307552 0.126032 6.375207
v 29.307552 0.126032 5.597213
v 29.122501 0.126032 5.597213
v 29.122501 0.126032 6.375207
v 29.261288 0.126032 6.375207
v 29.261288 0.126032 5.597213
v 29.168762 0.126032 6.375207
v 29.168762 0.126032 5.597213
v 29.307552 0.034032 6.405873
v 29.307552 0.034032 5.566546
v 29.122501 0.034032 5.566546
v 29.122501 0.034032 6.405873
v 29.261288 0.034032 6.405873
v 29.261288 0.034032 5.566546
v 29.168762 0.034032 6.405873
v 29.168762 0.034032 5.566546
v 29.307552 0.126032 5.427861
v 29.261288 0.126032 5.427861
v 29.168762 0.126032 5.427861
v 29.307552 0.034032 5.423261
v 29.261288 0.034032 5.423261
v 29.168762 0.034032 5.423261
v 29.122501 0.126032 5.427861
v 29.122501 0.034032 5.423261
v 29.122501 0.126032 5.544560
v 29.122501 0.034032 5.549161
v 29.307552 0.126032 5.544560
v 29.261288 0.126032 5.544560
v 29.168762 0.126032 5.544560
v 29.307552 0.034032 5.549159
v 29.261288 0.034032 5.549159
v 29.168762 0.034032 5.549159
v 29.310204 0.562966 5.544600
v 29.263916 0.562502 5.544560
v 29.171391 0.559859 5.544560
v 29.307552 0.655787 5.549159
v 29.261288 0.654465 5.549159
v 29.168762 0.651821 5.549159
v 29.125103 0.559350 5.544518
v 29.122501 0.650500 5.549159
v 29.125103 0.559350 5.427903
v 29.122501 0.650500 5.423261
v 29.310204 0.562966 5.427819
v 29.263916 0.562502 5.427861
v 29.171391 0.559859 5.427861
v 29.307552 0.655787 5.423261
v 29.261288 0.654465 5.423261
v 29.168762 0.651821 5.423261
v 29.174103 0.128270 7.352109
v 29.174103 0.559005 7.352109
v 29.212574 0.128270 7.352109
v 29.212574 0.559005 7.352109
v 29.174103 0.128270 5.544890
v 29.174103 0.559005 5.544890
v 29.212574 0.128270 5.544890
v 29.212574 0.559005 5.544890
v 29.174103 0.128270 5.429688
v 29.174103 0.559005 5.429688
v 29.212574 0.128270 5.429688
v 29.212574 0.559005 5.429688
v 29.174103 0.128270 4.622470
v 29.174103 0.559005 4.622470
v 29.212574 0.128270 4.622470
v 29.212574 0.559005 4.622470
v 29.307552 0.090126 6.586211
v 29.122501 0.090126 6.586211
v 29.261288 0.090126 6.586211
v 29.168762 0.090126 6.586211
v 29.307552 -0.001874 6.586211
v 29.122501 -0.001874 6.586211
v 29.261288 -0.001874 6.586211
v 29.168762 -0.001874 6.586211
v 29.307552 0.090126 6.527862
v 29.261288 0.090126 6.527862
v 29.168762 0.090126 6.527862
v 29.307552 -0.001874 6.523261
v 29.261288 -0.001874 6.523261
v 29.168762 -0.001874 6.523261
v 29.122501 0.090126 6.527862
v 29.122501 -0.001874 6.523261
v 29.122501 0.090126 6.644561
v 29.122501 -0.001874 6.649159
v 29.307552 0.090126 6.644561
v 29.261288 0.090126 6.644561
v 29.168762 0.090126 6.644561
v 29.307552 -0.001874 6.649159
v 29.261288 -0.001874 6.649159
v 29.168762 -0.001874 6.649159
v 29.310204 0.590425 6.586211
v 29.125103 0.586809 6.586211
v 29.263916 0.589961 6.586211
v 29.171391 0.587318 6.586211
v 29.307552 0.683245 6.586211
v 29.122501 0.677959 6.586211
v 29.261288 0.681924 6.586211
v 29.168762 0.679280 6.586211
v 29.310204 0.590425 6.644601
v 29.263916 0.589961 6.644561
v 29.171391 0.587318 6.644561
v 29.307552 0.683245 6.649159
v 29.261288 0.681924 6.649159
v 29.168762 0.679280 6.649159
v 29.125103 0.586809 6.644517
v 29.122501 0.677959 6.649159
v 29.125103 0.586809 6.527904
v 29.122501 0.677959 6.523261
v 29.310204 0.590425 6.527820
v 29.263916 0.589961 6.527862
v 29.171391 0.587318 6.527862
v 29.307552 0.683245 6.523261
v 29.261288 0.681924 6.523261
v 29.168762 0.679280 6.523261
v 29.174103 0.092364 6.644891
v 29.174103 0.586464 6.644891
v 29.212574 0.092364 6.644891
v 29.212574 0.586464 6.644891
v 29.174103 0.092364 6.529689
v 29.174103 0.586464 6.529689
v 29.212574 0.092364 6.529689
v 29.212574 0.586464 6.529689
v 29.307552 0.126032 5.486211
v 29.122501 0.126032 5.486211
v 29.261288 0.126032 5.486211
v 29.168762 0.126032 5.486211
v 29.307552 0.034032 5.486211
v 29.122501 0.034032 5.486211
v 29.261288 0.034032 5.486211
v 29.168762 0.034032 5.486211
v 29.310204 0.594132 5.486211
v 29.125103 0.590516 5.486211
v 29.263916 0.593669 5.486211
v 29.171391 0.591025 5.486211
v 29.307552 0.686953 5.486211
v 29.122501 0.681666 5.486211
v 29.261288 0.685631 5.486211
v 29.168762 0.682988 5.486211
v 29.310204 0.594132 5.544600
v 29.263916 0.593669 5.544560
v 29.171391 0.591025 5.544560
v 29.307552 0.686953 5.549159
v 29.261288 0.685631 5.549159
v 29.168762 0.682988 5.549159
v 29.125103 0.590516 5.544518
v 29.122501 0.681666 5.549159
v 29.125103 0.590516 5.427903
v 29.122501 0.681666 5.423261
v 29.310204 0.594132 5.427819
v 29.263916 0.593669 5.427861
v 29.171391 0.591025 5.427861
v 29.307552 0.686953 5.423261
v 29.261288 0.685631 5.423261
v 29.168762 0.682988 5.423261
v 29.174103 0.590172 5.544890
v 29.212574 0.590172 5.544890
v 29.174103 0.590172 5.429688
v 29.212574 0.590172 5.429688
v 29.589451 0.672816 3.982002
v 29.642918 0.964811 3.982002
v 29.650787 0.889811 3.982002
v 29.589451 0.992262 3.982002
v 29.632168 0.992262 3.982002
v 29.653667 0.787360 3.982002
v 29.653667 0.672816 3.982002
v 29.653667 0.672816 7.981261
v 29.653667 0.787360 7.981261
v 29.632168 0.992262 7.981261
v 29.589451 0.992262 7.981261
v 29.650787 0.889811 7.981261
v 29.642918 0.964811 7.981261
v 29.589451 0.672816 7.981261
v 28.868053 -0.004353 4.485320
v 28.868053 0.693266 4.485320
v 28.868053 0.994288 4.485320
v 29.588749 -0.004353 4.485320
v 28.868053 -0.004353 3.985320
v 28.868053 0.994288 3.985320
v 29.588749 -0.004353 3.985320
v 29.588747 0.994288 3.985320
v 29.588749 0.693266 4.485320
v 29.588749 0.693266 3.985320
v 28.868053 0.693266 3.985320
v 29.588749 0.994288 4.485320
v 28.868053 0.693266 7.485320
v 28.868053 0.994288 7.485320
v 29.588749 -0.004353 7.485320
v 28.868053 -0.004353 7.985320
v 28.868053 0.994288 7.985320
v 29.588749 0.693266 7.485320
v 29.588749 0.693266 7.985320
v 28.868053 0.693266 7.985320
v 28.868053 -0.004353 7.485320
v 29.588749 -0.004353 7.985320
v 29.588749 0.994288 7.485320
v 28.868053 -0.005712 7.985320
v 29.588745 -0.005712 7.985320
v 29.588747 0.994288 7.985320
v 29.589451 0.672816 7.982001
v 29.642918 0.964811 7.982001
v 29.650787 0.889811 7.982001
v 29.589451 0.992262 7.982001
v 29.632168 0.992262 7.982001
v 29.653667 0.787360 7.982001
v 29.653667 0.672816 7.982001
v 28.868053 -0.005712 3.985320
v 29.588745 -0.005712 3.985320
v 29.653667 0.672816 3.981261
v 29.653667 0.787360 3.981261
v 29.632168 0.992262 3.981261
v 29.589451 0.992262 3.981261
v 29.650787 0.889811 3.981261
v 29.642918 0.964811 3.981261
v 29.589451 0.672816 3.981261
v 19.214069 0.042598 -0.144558
v 19.214069 0.627982 -0.144558
v 19.214069 0.042598 -0.183033
v 19.214069 0.627982 -0.183033
v 18.185932 0.042598 -0.144558
v 18.185932 0.627982 -0.144558
v 18.185932 0.042598 -0.183033
v 18.185932 0.627982 -0.183033
v 18.100000 0.001359 0.210346
v 18.100000 0.698978 0.210346
v 18.100000 1.000000 0.210346
v 18.100000 0.001359 -0.510347
v 17.700001 0.001359 0.210346
v 17.700001 0.001359 -0.510347
v 18.100000 0.698978 -0.510347
v 17.700001 0.698978 -0.510347
v 17.700001 0.698978 0.210346
v 18.100000 1.000000 -0.510347
v 19.300001 0.698978 0.210346
v 19.300001 1.000000 0.210346
v 19.300001 0.001359 -0.510347
v 19.700001 0.001359 0.210346
v 19.700001 1.000000 0.210346
v 19.700001 1.000000 -0.510347
v 19.300001 0.698978 -0.510347
v 19.700001 0.698978 -0.510347
v 19.700001 0.698978 0.210346
v 19.300001 0.001359 0.210346
v 19.700001 0.001359 -0.510347
v 19.300001 1.000000 -0.510347
v 17.696682 0.678528 -0.511051
v 17.696682 0.970523 -0.564518
v 17.696682 0.895523 -0.572388
v 17.696682 0.997974 -0.511051
v 17.696682 0.997974 -0.553766
v 17.696682 0.793072 -0.575268
v 17.696682 0.678528 -0.575268
v 19.695942 0.678528 -0.575268
v 19.695942 0.793072 -0.575268
v 19.695942 0.997974 -0.553766
v 19.695942 0.997974 -0.511051
v 19.695942 0.895523 -0.572388
v 19.695942 0.970523 -0.564518
v 19.695942 0.678528 -0.511051
v 19.208000 0.608000 -0.443745
v 19.208000 0.089738 -0.443745
v 19.208000 0.608000 0.210346
v 19.208000 0.089738 0.210346
v 18.192001 0.608000 -0.443745
v 18.192001 0.089738 -0.443745
v 18.192001 0.608000 0.210346
v 18.192001 0.089738 0.210346
v 19.168711 0.568678 -0.231802
v 19.167883 0.131744 -0.229151
v 19.167040 0.565062 -0.046705
v 19.167883 0.131744 -0.044100
v 18.233072 0.568678 -0.231802
v 18.233900 0.131744 -0.229151
v 18.234743 0.565062 -0.046705
v 18.233900 0.131744 -0.044100
v 18.233900 0.131744 -0.090363
v 18.233900 0.131744 -0.182888
v 18.233900 0.565571 -0.092991
v 18.233900 0.568214 -0.185516
v 19.167883 0.565571 -0.092991
v 19.167883 0.568214 -0.185516
v 19.167883 0.131744 -0.090363
v 19.167883 0.131744 -0.182888
v 19.300001 0.700000 -0.443745
v 19.300001 -0.002262 -0.443745
v 19.300001 0.700000 0.210346
v 19.300001 -0.002262 0.210346
v 18.100000 0.700000 -0.443745
v 18.100000 -0.002262 -0.443745
v 18.100000 0.700000 0.210346
v 18.100000 -0.002262 0.210346
v 19.259882 0.661498 -0.229151
v 19.259882 0.039744 -0.229151
v 19.259882 0.656212 -0.044100
v 19.259882 0.039744 -0.044100
v 18.141901 0.661498 -0.229151
v 18.141901 0.039744 -0.229151
v 18.141901 0.656212 -0.044100
v 18.141901 0.039744 -0.044100
v 18.141901 0.039744 -0.090363
v 18.141901 0.039744 -0.182888
v 18.141901 0.657533 -0.090363
v 18.141901 0.660177 -0.182888
v 19.259882 0.657533 -0.090363
v 19.259882 0.660177 -0.182888
v 19.259882 0.039744 -0.090363
v 19.259882 0.039744 -0.182888
v 18.185932 0.042598 12.144558
v 18.185932 0.627982 12.144558
v 18.185932 0.042598 12.183033
v 18.185932 0.627982 12.183033
v 19.214069 0.042598 12.144558
v 19.214069 0.627982 12.144558
v 19.214069 0.042598 12.183033
v 19.214069 0.627982 12.183033
v 19.299999 0.001359 11.789654
v 19.299999 0.698978 11.789654
v 19.299999 1.000000 11.789654
v 19.299999 0.001359 12.510347
v 19.700001 0.001359 11.789654
v 19.700001 1.000000 11.789654
v 19.700001 0.001359 12.510347
v 19.700001 1.000000 12.510347
v 19.299999 0.698978 12.510347
v 19.700001 0.698978 12.510347
v 19.700001 0.698978 11.789654
v 19.299999 1.000000 12.510347
v 18.099998 0.698978 11.789654
v 18.099998 1.000000 11.789654
v 18.099998 0.001359 12.510347
v 17.700001 0.001359 11.789654
v 18.099998 0.698978 12.510347
v 17.700001 0.698978 12.510347
v 17.700001 0.698978 11.789654
v 18.099998 0.001359 11.789654
v 17.700001 0.001359 12.510347
v 18.099998 1.000000 12.510347
v 19.703320 0.678528 12.511051
v 19.703320 0.970523 12.564518
v 19.703320 0.895523 12.572388
v 19.703320 0.997974 12.511051
v 19.703320 0.997974 12.553766
v 19.703320 0.793072 12.575268
v 19.703320 0.678528 12.575268
v 17.704060 0.678528 12.575268
v 17.704060 0.793072 12.575268
v 17.704060 0.997974 12.553766
v 17.704060 0.997974 12.511051
v 17.704060 0.895523 12.572388
v 17.704060 0.970523 12.564518
v 17.704060 0.678528 12.511051
v 18.192001 0.608000 12.443745
v 18.192001 0.089738 12.443745
v 18.192001 0.608000 11.789654
v 18.192001 0.089738 11.789654
v 19.208000 0.608000 12.443745
v 19.208000 0.089738 12.443745
v 19.208000 0.608000 11.789654
v 19.208000 0.089738 11.789654
v 18.231289 0.568678 12.231802
v 18.232117 0.131744 12.229151
v 18.232960 0.565062 12.046703
v 18.232117 0.131744 12.044100
v 19.166927 0.568678 12.231802
v 19.166100 0.131744 12.229151
v 19.165257 0.565062 12.046703
v 19.166100 0.131744 12.044100
v 19.166100 0.131744 12.090363
v 19.166100 0.131744 12.182888
v 19.166100 0.565571 12.092991
v 19.166100 0.568214 12.185514
v 18.232117 0.565571 12.092989
v 18.232117 0.568214 12.185514
v 18.232117 0.131744 12.090363
v 18.232117 0.131744 12.182888
v 18.099998 0.700000 12.443745
v 18.099998 -0.002262 12.443745
v 18.099998 0.700000 11.789654
v 18.099998 -0.002262 11.789654
v 19.299999 0.700000 12.443745
v 19.299999 -0.002262 12.443745
v 19.299999 0.700000 11.789654
v 19.299999 -0.002262 11.789654
v 18.140118 0.661498 12.229151
v 18.140118 0.039744 12.229151
v 18.140118 0.656212 12.044100
v 18.140118 0.039744 12.044100
v 19.258099 0.661498 12.229151
v 19.258099 0.039744 12.229151
v 19.258099 0.656212 12.044100
v 19.258099 0.039744 12.044100
v 19.258099 0.039744 12.090363
v 19.258099 0.039744 12.182888
v 19.258099 0.657533 12.090363
v 19.258099 0.660177 12.182888
v 18.140118 0.657533 12.090363
v 18.140118 0.660177 12.182888
v 18.140118 0.039744 12.090363
v 18.140118 0.039744 12.182888
v 29.611050 0.678528 11.996681
v 29.664516 0.970523 11.996681
v 29.672386 0.895523 11.996681
v 29.611050 0.997974 11.996681
v 29.653767 0.997974 11.996681
v 29.675266 0.793072 11.996681
v 29.675266 0.678528 11.996681
v 29.675266 0.678528 13.995941
v 29.675266 0.793072 13.995941
v 29.653767 0.997974 13.995941
v 29.611050 0.997974 13.995941
v 29.672386 0.895523 13.995941
v 29.664516 0.970523 13.995941
v 29.611050 0.678528 13.995941
v 28.889652 0.001359 12.400000
v 28.889652 0.698978 12.400000
v 28.889652 1.000000 12.400000
v 29.610348 0.001359 12.400000
v 28.889652 0.001359 12.000000
v 28.889652 1.000000 12.000000
v 29.610348 0.001359 12.000000
v 29.610348 1.000000 12.000000
v 29.610348 0.698978 12.400000
v 29.610348 0.698978 12.000000
v 28.889652 0.698978 12.000000
v 29.610348 1.000000 12.400000
v 28.889652 0.698978 13.600000
v 28.889652 1.000000 13.600000
v 29.610348 0.001359 13.600000
v 28.889652 0.001359 14.000000
v 28.889652 1.000000 14.000000
v 29.610348 1.000000 14.000000
v 29.610348 0.698978 13.600000
v 29.610348 0.698978 14.000000
v 28.889652 0.698978 14.000000
v 28.889652 0.001359 13.600000
v 29.610348 0.001359 14.000000
v 29.610348 1.000000 13.600000
v 29.543743 0.608000 13.508000
v 29.543743 0.089738 13.508000
v 28.889652 0.608000 13.508000
v 28.889652 0.089738 13.508000
v 29.543743 0.608000 12.492000
v 29.543743 0.089738 12.492000
v 28.889652 0.608000 12.492000
v 28.889652 0.089738 12.492000
v 29.331802 0.568678 13.468710
v 29.329151 0.131744 13.467882
v 29.146702 0.565062 13.467039
v 29.144100 0.131744 13.467882
v 29.331802 0.568678 12.533072
v 29.329151 0.131744 12.533899
v 29.146702 0.565062 12.534742
v 29.144100 0.131744 12.533899
v 29.190361 0.131744 12.533899
v 29.282887 0.131744 12.533899
v 29.192989 0.565571 12.533899
v 29.285515 0.568214 12.533899
v 29.192989 0.565571 13.467882
v 29.285515 0.568214 13.467882
v 29.190361 0.131744 13.467882
v 29.282887 0.131744 13.467882
v 29.543743 0.700000 13.600000
v 29.543743 -0.002262 13.600000
v 28.889652 0.700000 13.600000
v 28.889652 -0.002262 13.600000
v 29.543743 0.700000 12.400000
v 29.543743 -0.002262 12.400000
v 28.889652 0.700000 12.400000
v 28.889652 -0.002262 12.400000
v 29.329151 0.661498 13.559882
v 29.329151 0.039744 13.559882
v 29.144100 0.656212 13.559882
v 29.144100 0.039744 13.559882
v 29.329151 0.661498 12.441899
v 29.329151 0.039744 12.441899
v 29.144100 0.656212 12.441899
v 29.144100 0.039744 12.441899
v 29.190361 0.039744 12.441899
v 29.282887 0.039744 12.441899
v 29.190361 0.657533 12.441899
v 29.282887 0.660177 12.441899
v 29.190361 0.657533 13.559882
v 29.282887 0.660177 13.559882
v 29.190361 0.039744 13.559882
v 29.282887 0.039744 13.559882
v 29.244556 0.042598 13.514069
v 29.244556 0.627982 13.514069
v 29.283031 0.042598 13.514069
v 29.283031 0.627982 13.514069
v 29.244556 0.042598 12.485931
v 29.244556 0.627982 12.485931
v 29.283031 0.042598 12.485931
v 29.283031 0.627982 12.485931
v 13.700000 0.700000 0.210346
v 13.700000 0.700000 -0.410347
v 13.700000 0.002717 -0.410347
v 13.700000 0.002717 0.210346
v 12.200001 0.700000 0.210346
v 12.200001 0.700000 -0.410347
v 12.200001 0.002717 -0.410347
v 12.200001 0.002717 0.210346
v 13.200001 0.700000 0.210346
v 13.200001 0.002717 0.210346
v 13.200001 0.700000 -0.410347
v 13.200001 0.002717 -0.410347
v 15.200000 0.700000 0.210346
v 15.200000 0.700000 -0.410347
v 15.200000 0.002717 -0.410347
v 15.200000 0.002717 0.210346
v 14.200000 0.700000 0.210346
v 14.200000 0.002717 0.210346
v 14.200000 0.700000 -0.410347
v 14.200000 0.002717 -0.410347
v 15.108000 0.608000 -0.443745
v 15.108000 0.089738 -0.443745
v 15.108000 0.608000 0.210346
v 15.108000 0.089738 0.210346
v 12.292000 0.608000 -0.443745
v 12.292000 0.089738 -0.443745
v 12.292000 0.608000 0.210346
v 12.292000 0.089738 0.210346
v 15.068710 0.568678 -0.231802
v 15.067882 0.131744 -0.229151
v 15.067039 0.565062 -0.046705
v 15.067882 0.131744 -0.044100
v 12.333073 0.568678 -0.231802
v 12.333900 0.131744 -0.229151
v 12.334743 0.565062 -0.046705
v 12.333900 0.131744 -0.044100
v 12.333900 0.131744 -0.090363
v 12.333900 0.131744 -0.182888
v 12.333900 0.565571 -0.092991
v 12.333900 0.568214 -0.185516
v 15.067882 0.565571 -0.092991
v 15.067882 0.568214 -0.185516
v 15.067882 0.131744 -0.090363
v 15.067882 0.131744 -0.182888
v 15.200000 0.700000 -0.443745
v 15.200000 -0.002262 -0.443745
v 15.200000 -0.002262 0.210346
v 12.200001 0.700000 -0.443745
v 12.200001 -0.002262 -0.443745
v 12.200001 -0.002262 0.210346
v 15.159882 0.661498 -0.229151
v 15.159882 0.039744 -0.229151
v 15.159882 0.656212 -0.044100
v 15.159882 0.039744 -0.044100
v 12.241899 0.661498 -0.229151
v 12.241899 0.039744 -0.229151
v 12.241899 0.656212 -0.044100
v 12.241899 0.039744 -0.044100
v 12.241899 0.039744 -0.090363
v 12.241899 0.039744 -0.182888
v 12.241899 0.657533 -0.090363
v 12.241899 0.660177 -0.182888
v 15.159882 0.657533 -0.090363
v 15.159882 0.660177 -0.182888
v 15.159882 0.039744 -0.090363
v 15.159882 0.039744 -0.182888
v 14.089888 0.131744 -0.229151
v 13.311893 0.131744 -0.229151
v 13.311893 0.131744 -0.044100
v 14.089888 0.131744 -0.044100
v 14.089888 0.131744 -0.182888
v 13.311893 0.131744 -0.182888
v 14.089888 0.131744 -0.090363
v 13.311893 0.131744 -0.090363
v 14.120554 0.039744 -0.229151
v 13.281227 0.039744 -0.229151
v 13.281227 0.039744 -0.044100
v 14.120554 0.039744 -0.044100
v 14.120554 0.039744 -0.182888
v 13.281227 0.039744 -0.182888
v 14.120554 0.039744 -0.090363
v 13.281227 0.039744 -0.090363
v 13.142540 0.131744 -0.229151
v 13.142540 0.131744 -0.182888
v 13.142540 0.131744 -0.090363
v 13.137941 0.039744 -0.229151
v 13.137941 0.039744 -0.182888
v 13.137941 0.039744 -0.090363
v 13.142540 0.131744 -0.044100
v 13.137941 0.039744 -0.044100
v 13.259240 0.131744 -0.044100
v 13.263841 0.039744 -0.044100
v 13.259240 0.131744 -0.229151
v 13.259240 0.131744 -0.182888
v 13.259240 0.131744 -0.090363
v 13.263840 0.039744 -0.229151
v 13.263840 0.039744 -0.182888
v 13.263840 0.039744 -0.090363
v 13.259281 0.568678 -0.231802
v 13.259240 0.568214 -0.185516
v 13.259240 0.565571 -0.092991
v 13.263840 0.661498 -0.229151
v 13.263840 0.660177 -0.182888
v 13.263840 0.657533 -0.090363
v 13.259198 0.565062 -0.046705
v 13.263840 0.656212 -0.044100
v 13.142582 0.565062 -0.046705
v 13.137941 0.656212 -0.044100
v 13.142500 0.568678 -0.231802
v 13.142540 0.568214 -0.185516
v 13.142540 0.565571 -0.092991
v 13.137941 0.661498 -0.229151
v 13.137941 0.660177 -0.182888
v 13.137941 0.657533 -0.090363
v 15.066790 0.133982 -0.095701
v 15.066790 0.564717 -0.095701
v 15.066790 0.133982 -0.134176
v 15.066790 0.564717 -0.134176
v 13.259570 0.133982 -0.095701
v 13.259570 0.564717 -0.095701
v 13.259570 0.133982 -0.134176
v 13.259570 0.564717 -0.134176
v 13.144369 0.133982 -0.095701
v 13.144369 0.564717 -0.095701
v 13.144369 0.133982 -0.134176
v 13.144369 0.564717 -0.134176
v 12.337151 0.133982 -0.095701
v 12.337151 0.564717 -0.095701
v 12.337151 0.133982 -0.134176
v 12.337151 0.564717 -0.134176
v 14.300891 0.095838 -0.229151
v 14.300891 0.095838 -0.044100
v 14.300891 0.095838 -0.182888
v 14.300891 0.095838 -0.090363
v 14.300891 0.003838 -0.229151
v 14.300891 0.003838 -0.044100
v 14.300891 0.003838 -0.182888
v 14.300891 0.003838 -0.090363
v 14.242541 0.095838 -0.229151
v 14.242541 0.095838 -0.182888
v 14.242541 0.095838 -0.090363
v 14.237941 0.003838 -0.229151
v 14.237941 0.003838 -0.182888
v 14.237941 0.003838 -0.090363
v 14.242541 0.095838 -0.044100
v 14.237941 0.003838 -0.044100
v 14.359241 0.095838 -0.044100
v 14.363840 0.003838 -0.044100
v 14.359241 0.095838 -0.229151
v 14.359241 0.095838 -0.182888
v 14.359241 0.095838 -0.090363
v 14.363840 0.003838 -0.229151
v 14.363840 0.003838 -0.182888
v 14.363840 0.003838 -0.090363
v 14.300891 0.596137 -0.231802
v 14.300891 0.592521 -0.046705
v 14.300891 0.595673 -0.185516
v 14.300891 0.593030 -0.092991
v 14.300891 0.688957 -0.229151
v 14.300891 0.683671 -0.044100
v 14.300891 0.687636 -0.182888
v 14.300891 0.684992 -0.090363
v 14.359282 0.596137 -0.231802
v 14.359241 0.595673 -0.185516
v 14.359241 0.593030 -0.092991
v 14.363840 0.688957 -0.229151
v 14.363840 0.687636 -0.182888
v 14.363840 0.684992 -0.090363
v 14.359198 0.592521 -0.046705
v 14.363840 0.683671 -0.044100
v 14.242583 0.592521 -0.046705
v 14.237941 0.683671 -0.044100
v 14.242499 0.596137 -0.231802
v 14.242541 0.595673 -0.185516
v 14.242541 0.593030 -0.092991
v 14.237941 0.688957 -0.229151
v 14.237941 0.687636 -0.182888
v 14.237941 0.684992 -0.090363
v 14.359571 0.098076 -0.095701
v 14.359571 0.592176 -0.095701
v 14.359571 0.098076 -0.134176
v 14.359571 0.592176 -0.134176
v 14.244370 0.098076 -0.095701
v 14.244370 0.592176 -0.095701
v 14.244370 0.098076 -0.134176
v 14.244370 0.592176 -0.134176
v 13.200891 0.131744 -0.229151
v 13.200891 0.131744 -0.044100
v 13.200891 0.131744 -0.182888
v 13.200891 0.131744 -0.090363
v 13.200891 0.039744 -0.229151
v 13.200891 0.039744 -0.044100
v 13.200891 0.039744 -0.182888
v 13.200891 0.039744 -0.090363
v 13.200891 0.599844 -0.231802
v 13.200891 0.596228 -0.046705
v 13.200891 0.599381 -0.185516
v 13.200891 0.596737 -0.092991
v 13.200891 0.692665 -0.229151
v 13.200891 0.687378 -0.044100
v 13.200891 0.691343 -0.182888
v 13.200891 0.688700 -0.090363
v 13.259281 0.599844 -0.231802
v 13.259240 0.599381 -0.185516
v 13.259240 0.596737 -0.092991
v 13.263840 0.692665 -0.229151
v 13.263840 0.691343 -0.182888
v 13.263840 0.688700 -0.090363
v 13.259198 0.596228 -0.046705
v 13.263840 0.687378 -0.044100
v 13.142582 0.596228 -0.046705
v 13.137941 0.687378 -0.044100
v 13.142500 0.599844 -0.231802
v 13.142540 0.599381 -0.185516
v 13.142540 0.596737 -0.092991
v 13.137941 0.692665 -0.229151
v 13.137941 0.691343 -0.182888
v 13.137941 0.688700 -0.090363
v 13.259570 0.595883 -0.095701
v 13.259570 0.595883 -0.134176
v 13.144369 0.595883 -0.095701
v 13.144369 0.595883 -0.134176
v 11.696682 0.678528 -0.511051
v 11.696682 0.970523 -0.564518
v 11.696682 0.895523 -0.572388
v 11.696682 0.997974 -0.511051
v 11.696682 0.997974 -0.553768
v 11.696682 0.793072 -0.575270
v 11.696682 0.678528 -0.575270
v 15.695941 0.678528 -0.575270
v 15.695941 0.793072 -0.575270
v 15.695941 0.997974 -0.553768
v 15.695941 0.997974 -0.511051
v 15.695941 0.895523 -0.572388
v 15.695941 0.970523 -0.564518
v 15.695941 0.678528 -0.511051
v 12.200001 0.001359 0.210346
v 12.200001 0.698978 0.210346
v 12.200001 1.000000 0.210346
v 12.200001 0.001359 -0.510347
v 11.700001 0.001359 0.210346
v 11.700001 0.001359 -0.510347
v 12.200001 0.698978 -0.510347
v 11.700001 0.698978 -0.510347
v 11.700001 0.698978 0.210346
v 12.200001 1.000000 -0.510347
v 15.200000 0.698978 0.210346
v 15.200000 1.000000 0.210346
v 15.200000 0.001359 -0.510347
v 15.700000 0.001359 0.210346
v 15.200000 0.698978 -0.510347
v 15.700000 0.698978 -0.510347
v 15.700000 0.698978 0.210346
v 15.200000 0.001359 0.210346
v 15.700000 0.001359 -0.510347
v 15.200000 1.000000 -0.510347
v 25.399998 0.700000 17.489653
v 25.399998 0.700000 18.110346
v 25.399998 0.002717 18.110346
v 25.399998 0.002717 17.489653
v 26.899998 0.700000 17.489653
v 26.899998 0.700000 18.110346
v 26.899998 0.002717 18.110346
v 26.899998 0.002717 17.489653
v 25.899998 0.700000 17.489653
v 25.899998 0.002717 17.489653
v 25.899998 0.700000 18.110346
v 25.899998 0.002717 18.110346
v 23.899998 0.700000 17.489653
v 23.899998 0.700000 18.110346
v 23.899998 0.002717 18.110346
v 23.899998 0.002717 17.489653
v 24.899998 0.700000 17.489653
v 24.899998 0.002717 17.489653
v 24.899998 0.700000 18.110346
v 24.899998 0.002717 18.110346
v 23.991997 0.608000 18.143744
v 23.991997 0.089738 18.143744
v 23.991997 0.608000 17.489653
v 23.991997 0.089738 17.489653
v 26.807999 0.608000 18.143744
v 26.807999 0.089738 18.143744
v 26.807999 0.608000 17.489653
v 26.807999 0.089738 17.489653
v 24.031288 0.568678 17.931801
v 24.032116 0.131744 17.929150
v 24.032959 0.565062 17.746704
v 24.032116 0.131744 17.744099
v 26.766926 0.568678 17.931801
v 26.766098 0.131744 17.929150
v 26.765255 0.565062 17.746704
v 26.766098 0.131744 17.744101
v 26.766098 0.131744 17.790363
v 26.766098 0.131744 17.882887
v 26.766098 0.565571 17.792990
v 26.766098 0.568214 17.885515
v 24.032116 0.565571 17.792990
v 24.032116 0.568214 17.885515
v 24.032116 0.131744 17.790361
v 24.032116 0.131744 17.882887
v 23.899998 0.700000 18.143744
v 23.899998 -0.002262 18.143744
v 23.899998 -0.002262 17.489653
v 26.899998 0.700000 18.143744
v 26.899998 -0.002262 18.143744
v 26.899998 -0.002262 17.489653
v 23.940117 0.661498 17.929150
v 23.940117 0.039744 17.929150
v 23.940117 0.656212 17.744099
v 23.940117 0.039744 17.744099
v 26.858101 0.661498 17.929150
v 26.858101 0.039744 17.929150
v 26.858101 0.656212 17.744101
v 26.858101 0.039744 17.744101
v 26.858101 0.039744 17.790363
v 26.858101 0.039744 17.882887
v 26.858101 0.657533 17.790363
v 26.858101 0.660177 17.882887
v 23.940117 0.657533 17.790361
v 23.940117 0.660177 17.882887
v 23.940117 0.039744 17.790361
v 23.940117 0.039744 17.882887
v 25.010109 0.131744 17.929150
v 25.788105 0.131744 17.929150
v 25.788105 0.131744 17.744101
v 25.010109 0.131744 17.744101
v 25.010109 0.131744 17.882887
v 25.788105 0.131744 17.882887
v 25.010109 0.131744 17.790361
v 25.788105 0.131744 17.790363
v 24.979443 0.039744 17.929150
v 25.818771 0.039744 17.929150
v 25.818771 0.039744 17.744101
v 24.979443 0.039744 17.744101
v 24.979443 0.039744 17.882887
v 25.818771 0.039744 17.882887
v 24.979443 0.039744 17.790361
v 25.818771 0.039744 17.790363
v 25.957458 0.131744 17.929150
v 25.957458 0.131744 17.882887
v 25.957458 0.131744 17.790363
v 25.962059 0.039744 17.929150
v 25.962059 0.039744 17.882887
v 25.962059 0.039744 17.790363
v 25.957458 0.131744 17.744101
v 25.962059 0.039744 17.744101
v 25.840759 0.131744 17.744101
v 25.836159 0.039744 17.744101
v 25.840759 0.131744 17.929150
v 25.840759 0.131744 17.882887
v 25.840759 0.131744 17.790363
v 25.836159 0.039744 17.929150
v 25.836159 0.039744 17.882887
v 25.836159 0.039744 17.790363
v 25.840717 0.568678 17.931801
v 25.840759 0.568214 17.885515
v 25.840759 0.565571 17.792990
v 25.836159 0.661498 17.929150
v 25.836159 0.660177 17.882887
v 25.836159 0.657533 17.790363
v 25.840801 0.565062 17.746704
v 25.836159 0.656212 17.744101
v 25.957417 0.565062 17.746704
v 25.962059 0.656212 17.744101
v 25.957500 0.568678 17.931801
v 25.957458 0.568214 17.885515
v 25.957458 0.565571 17.792990
v 25.962059 0.661498 17.929150
v 25.962059 0.660177 17.882887
v 25.962059 0.657533 17.790363
v 24.033207 0.133982 17.795700
v 24.033207 0.564717 17.795700
v 24.033207 0.133982 17.834175
v 24.033207 0.564717 17.834175
v 25.840427 0.133982 17.795700
v 25.840427 0.564717 17.795700
v 25.840427 0.133982 17.834175
v 25.840427 0.564717 17.834175
v 25.955627 0.133982 17.795700
v 25.955627 0.564717 17.795700
v 25.955627 0.133982 17.834175
v 25.955627 0.564717 17.834175
v 26.762848 0.133982 17.795700
v 26.762848 0.564717 17.795700
v 26.762848 0.133982 17.834175
v 26.762848 0.564717 17.834175
v 24.799107 0.095838 17.929150
v 24.799107 0.095838 17.744101
v 24.799107 0.095838 17.882887
v 24.799107 0.095838 17.790361
v 24.799107 0.003838 17.929150
v 24.799107 0.003838 17.744101
v 24.799107 0.003838 17.882887
v 24.799107 0.003838 17.790361
v 24.857456 0.095838 17.929150
v 24.857456 0.095838 17.882887
v 24.857456 0.095838 17.790361
v 24.862057 0.003838 17.929150
v 24.862057 0.003838 17.882887
v 24.862057 0.003838 17.790361
v 24.857456 0.095838 17.744101
v 24.862057 0.003838 17.744101
v 24.740757 0.095838 17.744101
v 24.736156 0.003838 17.744101
v 24.740757 0.095838 17.929150
v 24.740757 0.095838 17.882887
v 24.740757 0.095838 17.790361
v 24.736156 0.003838 17.929150
v 24.736156 0.003838 17.882887
v 24.736156 0.003838 17.790361
v 24.799107 0.596137 17.931801
v 24.799107 0.592521 17.746704
v 24.799107 0.595673 17.885515
v 24.799107 0.593030 17.792990
v 24.799107 0.688957 17.929150
v 24.799107 0.683671 17.744101
v 24.799107 0.687636 17.882887
v 24.799107 0.684992 17.790361
v 24.740715 0.596137 17.931801
v 24.740757 0.595673 17.885515
v 24.740757 0.593030 17.792990
v 24.736156 0.688957 17.929150
v 24.736156 0.687636 17.882887
v 24.736156 0.684992 17.790361
v 24.740799 0.592521 17.746704
v 24.736156 0.683671 17.744101
v 24.857414 0.592521 17.746704
v 24.862057 0.683671 17.744101
v 24.857498 0.596137 17.931801
v 24.857456 0.595673 17.885515
v 24.857456 0.593030 17.792990
v 24.862057 0.688957 17.929150
v 24.862057 0.687636 17.882887
v 24.862057 0.684992 17.790361
v 24.740429 0.098076 17.795700
v 24.740429 0.592176 17.795700
v 24.740429 0.098076 17.834175
v 24.740429 0.592176 17.834175
v 24.855629 0.098076 17.795700
v 24.855629 0.592176 17.795700
v 24.855629 0.098076 17.834175
v 24.855629 0.592176 17.834175
v 25.899109 0.131744 17.929150
v 25.899109 0.131744 17.744101
v 25.899109 0.131744 17.882887
v 25.899109 0.131744 17.790363
v 25.899109 0.039744 17.929150
v 25.899109 0.039744 17.744101
v 25.899109 0.039744 17.882887
v 25.899109 0.039744 17.790363
v 25.899109 0.599844 17.931801
v 25.899109 0.596228 17.746704
v 25.899109 0.599381 17.885515
v 25.899109 0.596737 17.792990
v 25.899109 0.692665 17.929150
v 25.899109 0.687378 17.744101
v 25.899109 0.691343 17.882887
v 25.899109 0.688700 17.790363
v 25.840717 0.599844 17.931801
v 25.840759 0.599381 17.885515
v 25.840759 0.596737 17.792990
v 25.836159 0.692665 17.929150
v 25.836159 0.691343 17.882887
v 25.836159 0.688700 17.790363
v 25.840801 0.596228 17.746704
v 25.836159 0.687378 17.744101
v 25.957417 0.596228 17.746704
v 25.962059 0.687378 17.744101
v 25.957500 0.599844 17.931801
v 25.957458 0.599381 17.885515
v 25.957458 0.596737 17.792990
v 25.962059 0.692665 17.929150
v 25.962059 0.691343 17.882887
v 25.962059 0.688700 17.790363
v 25.840427 0.595883 17.795700
v 25.840427 0.595883 17.834175
v 25.955627 0.595883 17.795700
v 25.955627 0.595883 17.834175
v 26.899998 0.001359 17.489653
v 26.899998 0.698978 17.489653
v 26.899998 1.000000 17.489653
v 26.899998 0.001359 18.210346
v 27.399998 0.001359 17.489653
v 27.399998 1.000000 17.489653
v 27.399998 0.001359 18.210346
v 27.399998 1.000000 18.210346
v 26.899998 0.698978 18.210346
v 27.399998 0.698978 18.210346
v 27.399998 0.698978 17.489653
v 26.899998 1.000000 18.210346
v 23.899998 0.698978 17.489653
v 23.899998 1.000000 17.489653
v 23.899998 0.001359 18.210346
v 23.399998 0.001359 17.489653
v 23.399998 1.000000 17.489653
v 23.399998 1.000000 18.210346
v 23.899998 0.698978 18.210346
v 23.399998 0.698978 18.210346
v 23.399998 0.698978 17.489653
v 23.899998 0.001359 17.489653
v 23.399998 0.001359 18.210346
v 23.899998 1.000000 18.210346
v 27.403316 0.678528 18.211050
v 27.403316 0.970523 18.264517
v 27.403316 0.895523 18.272387
v 27.403316 0.997974 18.211050
v 27.403316 0.997974 18.253767
v 27.403316 0.793072 18.275269
v 27.403316 0.678528 18.275269
v 23.404057 0.678528 18.275267
v 23.404057 0.793072 18.275267
v 23.404057 0.997974 18.253765
v 23.404057 0.997974 18.211050
v 23.404057 0.895523 18.272387
v 23.404057 0.970523 18.264517
v 23.404057 0.678528 18.211050
v 13.700000 0.700000 11.789654
v 13.700000 0.700000 12.410347
v 13.700000 0.002717 12.410347
v 13.700000 0.002717 11.789654
v 15.200000 0.700000 11.789654
v 15.200000 0.700000 12.410347
v 15.200000 0.002717 12.410347
v 15.200000 0.002717 11.789654
v 14.200000 0.700000 11.789654
v 14.200000 0.002717 11.789654
v 14.200000 0.700000 12.410347
v 14.200000 0.002717 12.410347
v 12.200000 0.700000 11.789654
v 12.200000 0.700000 12.410347
v 12.200000 0.002717 12.410347
v 12.200000 0.002717 11.789654
v 13.200000 0.700000 11.789654
v 13.200000 0.002717 11.789654
v 13.200000 0.700000 12.410347
v 13.200000 0.002717 12.410347
v 12.292000 0.608000 12.443745
v 12.292000 0.089738 12.443745
v 12.292000 0.608000 11.789654
v 12.292000 0.089738 11.789654
v 15.108000 0.608000 12.443745
v 15.108000 0.089738 12.443745
v 15.108000 0.608000 11.789654
v 15.108000 0.089738 11.789654
v 12.331289 0.568678 12.231802
v 12.332118 0.131744 12.229151
v 12.332961 0.565062 12.046704
v 12.332118 0.131744 12.044100
v 15.066928 0.568678 12.231802
v 15.066100 0.131744 12.229151
v 15.065257 0.565062 12.046704
v 15.066100 0.131744 12.044101
v 15.066100 0.131744 12.090363
v 15.066100 0.131744 12.182888
v 15.066100 0.565571 12.092991
v 15.066100 0.568214 12.185515
v 12.332118 0.565571 12.092991
v 12.332117 0.568214 12.185515
v 12.332118 0.131744 12.090363
v 12.332118 0.131744 12.182888
v 12.200000 0.700000 12.443745
v 12.200000 -0.002262 12.443745
v 12.200000 -0.002262 11.789654
v 15.200000 0.700000 12.443745
v 15.200000 -0.002262 12.443745
v 15.200000 -0.002262 11.789654
v 12.240118 0.661498 12.229151
v 12.240118 0.039744 12.229151
v 12.240118 0.656212 12.044100
v 12.240118 0.039744 12.044100
v 15.158100 0.661498 12.229151
v 15.158100 0.039744 12.229151
v 15.158100 0.656212 12.044101
v 15.158100 0.039744 12.044101
v 15.158100 0.039744 12.090363
v 15.158100 0.039744 12.182888
v 15.158100 0.657533 12.090363
v 15.158100 0.660177 12.182888
v 12.240118 0.657533 12.090363
v 12.240118 0.660177 12.182888
v 12.240118 0.039744 12.090363
v 12.240118 0.039744 12.182888
v 13.310112 0.131744 12.229151
v 14.088106 0.131744 12.229151
v 14.088106 0.131744 12.044101
v 13.310112 0.131744 12.044100
v 13.310112 0.131744 12.182888
v 14.088106 0.131744 12.182888
v 13.310112 0.131744 12.090363
v 14.088106 0.131744 12.090363
v 13.279446 0.039744 12.229151
v 14.118773 0.039744 12.229151
v 14.118773 0.039744 12.044100
v 13.279446 0.039744 12.044100
v 13.279446 0.039744 12.182888
v 14.118773 0.039744 12.182888
v 13.279446 0.039744 12.090363
v 14.118773 0.039744 12.090363
v 14.257459 0.131744 12.229151
v 14.257459 0.131744 12.182888
v 14.257459 0.131744 12.090363
v 14.262058 0.039744 12.229151
v 14.262058 0.039744 12.182888
v 14.262058 0.039744 12.090363
v 14.257459 0.131744 12.044101
v 14.262058 0.039744 12.044100
v 14.140759 0.131744 12.044101
v 14.136159 0.039744 12.044100
v 14.140759 0.131744 12.229151
v 14.140759 0.131744 12.182888
v 14.140759 0.131744 12.090363
v 14.136160 0.039744 12.229151
v 14.136160 0.039744 12.182888
v 14.136160 0.039744 12.090363
v 14.140718 0.568678 12.231802
v 14.140759 0.568214 12.185515
v 14.140759 0.565571 12.092991
v 14.136159 0.661498 12.229151
v 14.136159 0.660177 12.182888
v 14.136159 0.657533 12.090363
v 14.140801 0.565062 12.046704
v 14.136160 0.656212 12.044100
v 14.257417 0.565062 12.046704
v 14.262058 0.656212 12.044100
v 14.257500 0.568678 12.231802
v 14.257459 0.568214 12.185515
v 14.257459 0.565571 12.092991
v 14.262058 0.661498 12.229151
v 14.262058 0.660177 12.182888
v 14.262058 0.657533 12.090363
v 12.333210 0.133982 12.095701
v 12.333210 0.564717 12.095701
v 12.333210 0.133982 12.134176
v 12.333210 0.564717 12.134176
v 14.140429 0.133982 12.095701
v 14.140429 0.564717 12.095701
v 14.140429 0.133982 12.134176
v 14.140429 0.564717 12.134176
v 14.255630 0.133982 12.095701
v 14.255630 0.564717 12.095701
v 14.255630 0.133982 12.134176
v 14.255630 0.564717 12.134176
v 15.062850 0.133982 12.095701
v 15.062850 0.564717 12.095701
v 15.062850 0.133982 12.134176
v 15.062850 0.564717 12.134176
v 13.099110 0.095838 12.229151
v 13.099109 0.095838 12.044100
v 13.099110 0.095838 12.182888
v 13.099110 0.095838 12.090363
v 13.099110 0.003838 12.229151
v 13.099109 0.003838 12.044100
v 13.099110 0.003838 12.182888
v 13.099110 0.003838 12.090363
v 13.157459 0.095838 12.229151
v 13.157459 0.095838 12.182888
v 13.157459 0.095838 12.090363
v 13.162059 0.003838 12.229151
v 13.162059 0.003838 12.182888
v 13.162059 0.003838 12.090363
v 13.157458 0.095838 12.044100
v 13.162058 0.003838 12.044100
v 13.040760 0.095838 12.044100
v 13.036160 0.003838 12.044100
v 13.040760 0.095838 12.229151
v 13.040760 0.095838 12.182888
v 13.040760 0.095838 12.090363
v 13.036160 0.003838 12.229151
v 13.036160 0.003838 12.182888
v 13.036160 0.003838 12.090363
v 13.099109 0.596137 12.231802
v 13.099109 0.592521 12.046704
v 13.099110 0.595673 12.185515
v 13.099109 0.593030 12.092991
v 13.099109 0.688957 12.229151
v 13.099110 0.683671 12.044100
v 13.099109 0.687636 12.182888
v 13.099109 0.684992 12.090363
v 13.040718 0.596137 12.231802
v 13.040760 0.595673 12.185515
v 13.040760 0.593030 12.092991
v 13.036160 0.688957 12.229151
v 13.036160 0.687636 12.182888
v 13.036160 0.684992 12.090363
v 13.040802 0.592521 12.046704
v 13.036160 0.683671 12.044100
v 13.157416 0.592521 12.046704
v 13.162059 0.683671 12.044100
v 13.157499 0.596137 12.231802
v 13.157459 0.595673 12.185515
v 13.157458 0.593030 12.092991
v 13.162058 0.688957 12.229151
v 13.162058 0.687636 12.182888
v 13.162058 0.684992 12.090363
v 13.040429 0.098076 12.095701
v 13.040429 0.592176 12.095701
v 13.040429 0.098076 12.134176
v 13.040429 0.592176 12.134176
v 13.155630 0.098076 12.095701
v 13.155630 0.592176 12.095701
v 13.155630 0.098076 12.134176
v 13.155630 0.592176 12.134176
v 14.199109 0.131744 12.229151
v 14.199109 0.131744 12.044101
v 14.199109 0.131744 12.182888
v 14.199109 0.131744 12.090363
v 14.199109 0.039744 12.229151
v 14.199109 0.039744 12.044100
v 14.199109 0.039744 12.182888
v 14.199109 0.039744 12.090363
v 14.199109 0.599844 12.231802
v 14.199109 0.596228 12.046704
v 14.199109 0.599381 12.185515
v 14.199109 0.596737 12.092991
v 14.199109 0.692665 12.229151
v 14.199109 0.687378 12.044100
v 14.199109 0.691343 12.182888
v 14.199109 0.688700 12.090363
v 14.140718 0.599844 12.231802
v 14.140759 0.599381 12.185515
v 14.140759 0.596737 12.092991
v 14.136159 0.692665 12.229151
v 14.136159 0.691343 12.182888
v 14.136159 0.688700 12.090363
v 14.140801 0.596228 12.046704
v 14.136160 0.687378 12.044100
v 14.257417 0.596228 12.046704
v 14.262058 0.687378 12.044100
v 14.257500 0.599844 12.231802
v 14.257459 0.599381 12.185515
v 14.257459 0.596737 12.092991
v 14.262058 0.692665 12.229151
v 14.262058 0.691343 12.182888
v 14.262058 0.688700 12.090363
v 14.140429 0.595883 12.095701
v 14.140429 0.595883 12.134176
v 14.255630 0.595883 12.095701
v 14.255630 0.595883 12.134176
v 15.200000 0.001359 11.789654
v 15.200000 0.698978 11.789654
v 15.200000 1.000000 11.789654
v 15.200000 0.001359 12.510347
v 15.700000 0.001359 11.789654
v 15.700000 0.001359 12.510347
v 15.200000 0.698978 12.510347
v 15.700000 0.698978 12.510347
v 15.700000 0.698978 11.789654
v 15.200000 1.000000 12.510347
v 12.200000 0.698978 11.789654
v 12.200000 1.000000 11.789654
v 12.200000 0.001359 12.510347
v 11.700000 0.001359 11.789654
v 12.200000 0.698978 12.510347
v 11.700000 0.698978 12.510347
v 11.700000 0.698978 11.789654
v 12.200000 0.001359 11.789654
v 11.700000 0.001359 12.510347
v 12.200000 1.000000 12.510347
v 15.703319 0.678528 12.511051
v 15.703319 0.970523 12.564518
v 15.703319 0.895523 12.572388
v 15.703319 0.997974 12.511051
v 15.703319 0.997974 12.553766
v 15.703319 0.793072 12.575268
v 15.703319 0.678528 12.575268
v 11.704059 0.678528 12.575268
v 11.704059 0.793072 12.575268
v 11.704059 0.997974 12.553766
v 11.704059 0.997974 12.511051
v 11.704059 0.895523 12.572388
v 11.704059 0.970523 12.564518
v 11.704059 0.678528 12.511051
v 2.000000 0.000000 -9.489653
v 2.000000 1.000000 -9.489653
v 2.000000 0.000000 -10.210346
v 2.000000 1.000000 -10.210346
v -0.003319 0.678528 -10.211050
v -0.003319 0.970523 -10.264517
v -0.003319 0.895523 -10.272388
v -0.003319 0.997974 -10.211050
v -0.003319 0.997974 -10.253765
v -0.003319 0.793072 -10.275269
v -0.003319 0.678528 -10.275269
v 1.995941 0.678528 -10.275269
v 1.995941 0.793072 -10.275269
v 1.995941 0.997974 -10.253765
v 1.995941 0.997974 -10.211050
v 1.995941 0.895523 -10.272388
v 1.995941 0.970523 -10.264517
v 1.995941 0.678528 -10.211050
v 4.000000 0.000000 -9.489653
v 4.000000 1.000000 -9.489653
v 4.000000 0.000000 -10.210346
v 4.000000 1.000000 -10.210346
v 1.996681 0.678528 -10.211050
v 1.996681 0.970523 -10.264517
v 1.996681 0.895523 -10.272388
v 1.996681 0.997974 -10.211050
v 1.996681 0.997974 -10.253765
v 1.996681 0.793072 -10.275269
v 1.996681 0.678528 -10.275269
v 3.995941 0.678528 -10.275269
v 3.995941 0.793072 -10.275269
v 3.995941 0.997974 -10.253765
v 3.995941 0.997974 -10.211050
v 3.995941 0.895523 -10.272388
v 3.995941 0.970523 -10.264517
v 3.995941 0.678528 -10.211050
v 1.998042 -0.002968 17.489943
v 1.998042 0.997032 17.489943
v 1.998042 -0.002968 18.210636
v 1.998042 0.997032 18.210636
v 3.998042 -0.002968 17.489943
v 3.998042 0.997032 17.489943
v 3.998042 -0.002968 18.210636
v 3.998042 0.997032 18.210636
v 4.001361 0.675560 18.211340
v 4.001361 0.967555 18.264807
v 4.001361 0.892555 18.272678
v 4.001361 0.995006 18.211340
v 4.001361 0.995006 18.254055
v 4.001361 0.790104 18.275558
v 4.001361 0.675560 18.275558
v 2.002101 0.675560 18.275558
v 2.002101 0.790104 18.275558
v 2.002101 0.995006 18.254055
v 2.002101 0.995006 18.211340
v 2.002101 0.892555 18.272678
v 2.002101 0.967555 18.264807
v 2.002101 0.675560 18.211340
v -0.001958 -0.002968 17.489943
v -0.001958 0.997032 17.489943
v -0.001958 -0.002968 18.210636
v -0.001958 0.997032 18.210636
v 2.001361 0.675560 18.211340
v 2.001361 0.967555 18.264807
v 2.001361 0.892555 18.272678
v 2.001361 0.995006 18.211340
v 2.001361 0.995006 18.254055
v 2.001361 0.790104 18.275558
v 2.001361 0.675560 18.275558
v 0.002101 0.675560 18.275558
v 0.002101 0.790104 18.275558
v 0.002101 0.995006 18.254055
v 0.002101 0.995006 18.211340
v 0.002101 0.892555 18.272678
v 0.002101 0.967555 18.264807
v 0.002101 0.675560 18.211340
v -0.001563 -0.002968 17.490082
v -0.001563 0.997032 17.490082
v -0.001563 -0.002968 18.210773
v -0.001563 0.997032 18.210773
v -0.001563 0.675560 18.210360
v -0.001563 0.967555 18.263826
v -0.001563 0.892555 18.271698
v -0.001563 0.995006 18.210360
v -0.001563 0.995006 18.253075
v -0.001563 0.790104 18.274578
v -0.001563 0.675560 18.274578
vn -1.0000 -0.0000 -0.0000
vn -0.0000 -0.0000 -1.0000
vn 1.0000 -0.0000 -0.0000
vn -0.0000 -1.0000 -0.0000
vn -0.0000 -0.0000 1.0000
vn -0.0000 1.0000 -0.0000
vn -0.9945 0.1044 -0.0000
vn -0.9996 0.0281 -0.0000
vn -0.9311 0.3647 -0.0000
vn 0.7071 -0.0000 0.7071
vn -0.0000 0.1044 0.9945
vn -0.0000 0.0281 0.9996
vn -0.7071 -0.0000 -0.7071
vn -0.0000 0.3646 0.9311
vn -0.9312 0.3646 -0.0000
vn -0.0091 -0.0010 1.0000
vn -0.0110 -0.9999 -0.0000
vn -0.0091 -0.0010 -1.0000
vn -0.0089 0.0009 -1.0000
vn -0.0286 -0.9996 -0.0000
vn -0.0100 -0.9999 -0.0000
vn -0.0089 0.0009 1.0000
vn 0.0286 0.9996 -0.0000
vn -0.9996 0.0286 -0.0000
vn 0.9999 0.0025 0.0141
vn -0.9999 -0.0025 0.0145
vn 0.9999 0.0025 -0.0141
vn -0.9999 -0.0025 -0.0145
vn 0.9996 -0.0286 -0.0000
vn -0.0000 0.1044 -0.9945
vn -0.0000 0.0281 -0.9996
vn -0.0000 0.3647 -0.9311
vn -1.0000 -0.0010 -0.0091
vn -0.0000 -0.9999 -0.0110
vn 1.0000 -0.0010 -0.0091
vn 1.0000 0.0009 -0.0089
vn -0.0000 -0.9996 -0.0286
vn -0.0000 -0.9999 -0.0100
vn -1.0000 0.0009 -0.0089
vn -0.0000 0.9996 0.0286
vn -0.0000 0.0286 -0.9996
vn -0.0141 0.0025 0.9999
vn -0.0145 -0.0025 -0.9999
vn 0.0141 0.0025 0.9999
vn 0.0145 -0.0025 -0.9999
vn -0.0000 -0.0286 0.9996
vn -0.0000 0.3647 0.9311
vn 1.0000 -0.0010 0.0091
vn -0.0000 -0.9999 0.0110
vn -1.0000 -0.0010 0.0091
vn -1.0000 0.0009 0.0089
vn -0.0000 -0.9996 0.0286
vn -0.0000 -0.9999 0.0100
vn 1.0000 0.0009 0.0089
vn -0.0000 0.9996 -0.0286
vn -0.0000 0.0285 0.9996
vn 0.0141 0.0025 -0.9999
vn 0.0145 -0.0025 0.9999
vn -0.0141 0.0025 -0.9999
vn -0.0145 -0.0025 0.9999
vn -0.0000 -0.0285 -0.9996
vn 0.9945 0.1044 -0.0000
vn 0.9996 0.0281 -0.0000
vn 0.9312 0.3646 -0.0000
vn 0.7071 -0.0000 -0.7071
vn -0.7071 -0.0000 0.7071
vn -0.0000 0.3646 -0.9312
vn -0.0000 0.3646 0.9312
vn 1.0000 -0.0000 -0.0023
vn -1.0000 -0.0000 0.0033
vn 0.9945 0.1045 -0.0022
vn 0.9996 0.0281 -0.0022
vn 1.0000 -0.0000 -0.0022
vn 0.9310 0.3650 -0.0021
vn -1.0000 -0.0000 0.0023
vn -0.0023 -0.0000 -1.0000
vn 0.0033 -0.0000 1.0000
vn -0.0022 0.1045 -0.9945
vn -0.0022 0.0281 -0.9996
vn -0.0022 -0.0000 -1.0000
vn -0.0021 0.3650 -0.9310
vn 0.0023 -0.0000 1.0000
vn 1.0000 -0.0000 -0.0033
vn -0.9945 0.1045 0.0022
vn -0.9996 0.0282 0.0022
vn -1.0000 -0.0000 0.0022
vn -0.9310 0.3650 0.0021
vn -0.0033 -0.0000 -1.0000
vn 0.0022 0.1045 0.9945
vn 0.0022 0.0281 0.9996
vn 0.0022 -0.0000 1.0000
vn 0.0021 0.3650 0.9310
vn 0.7071 0.7071 -0.0000
vn 0.7071 -0.7071 -0.0000
vn -0.7071 0.7071 -0.0000
vn -0.7071 -0.7071 -0.0000
vn -0.3015 0.3015 -0.9045
vn -0.3015 0.3015 0.9045
vn -0.3015 -0.3015 0.9045
vn -0.3015 -0.3015 -0.9045
vn 0.3015 -0.3015 0.9045
vn 0.3015 -0.3015 -0.9045
vn 0.3015 0.3015 -0.9045
vn 0.3015 0.3015 0.9045
vn -0.7073 0.7069 -0.0032
vn -0.3068 0.3024 0.9024
vn -0.3106 -0.3166 0.8963
vn -0.7109 -0.7031 -0.0171
vn -0.0000 -0.9998 -0.0198
vn -0.0000 -0.7319 0.6815
vn 0.3106 -0.3166 0.8963
vn 0.7109 -0.7031 -0.0171
vn 0.7073 0.7069 -0.0032
vn 0.3068 0.3024 0.9024
vn -0.0000 0.7071 0.7071
vn -0.0000 0.7071 -0.7071
vn 0.2961 0.3006 -0.9066
vn 0.7069 0.7073 -0.0031
vn 0.7031 -0.7109 -0.0169
vn 0.2925 -0.2867 -0.9123
vn -0.0000 -0.9998 -0.0193
vn -0.0000 -0.7051 -0.7091
vn -0.7069 0.7073 -0.0032
vn -0.7031 -0.7109 -0.0169
vn -0.2961 0.3006 -0.9066
vn -0.2925 -0.2867 -0.9123
vn 0.5773 -0.5773 -0.5774
vn 0.5773 0.5773 -0.5774
vn 0.5773 0.5773 0.5774
vn 0.5773 -0.5773 0.5774
vn -0.5773 0.5773 -0.5774
vn -0.5773 0.5773 0.5774
vn -0.5773 -0.5773 -0.5774
vn -0.5773 -0.5773 0.5774
vn 0.7071 0.7068 0.0202
vn 0.5786 0.5646 0.5886
vn 0.5749 -0.5782 0.5789
vn -0.7071 0.7068 0.0202
vn -0.5786 0.5646 0.5886
vn -0.0000 0.6750 0.7378
vn -0.5749 -0.5782 0.5789
vn -0.0000 -0.7071 0.7071
vn -0.0000 -0.7071 -0.7071
vn -0.5799 -0.5764 -0.5757
vn -0.5760 0.5899 -0.5659
vn -0.0000 0.7164 -0.6977
vn 0.5799 -0.5764 -0.5757
vn 0.5760 0.5899 -0.5659
vn -0.0000 -0.0000 -0.0000
vn -0.0000 0.9999 0.0137
vn -0.0000 0.9999 0.0147
vn -0.0000 -0.9999 -0.0138
vn -0.0000 -0.9999 -0.0147
vn -0.5774 -0.5774 0.5774
vn -0.5774 0.5774 0.5774
vn -0.5774 0.5774 -0.5774
vn -0.5774 -0.5774 -0.5774
vn 0.5774 0.5774 -0.5774
vn 0.5774 -0.5774 -0.5774
vn 0.5774 0.5774 0.5774
vn 0.5774 -0.5774 0.5774
vn -0.0000 0.6960 0.7181
vn -0.0000 0.6960 -0.7181
vn 0.5776 -0.5787 -0.5757
vn 0.5771 -0.5760 0.5790
vn -0.0000 -0.7184 0.6956
vn -0.0000 -0.7184 -0.6956
vn -0.5771 -0.5760 0.5790
vn -0.5776 -0.5787 -0.5757
vn -0.0000 -0.7102 0.7040
vn -0.0000 -0.7210 0.6930
vn -0.0000 0.6866 0.7270
vn -0.0000 0.6985 0.7156
vn -0.0000 -0.6818 -0.7316
vn -0.0000 -0.6933 -0.7206
vn -0.0000 0.7270 -0.6866
vn -0.0000 0.7378 -0.6750
vn 0.5756 0.5849 -0.5714
vn 0.5791 0.5697 0.5831
vn -0.5756 0.5849 -0.5714
vn -0.5791 0.5697 0.5831
vn -0.0000 -0.0053 -1.0000
vn -0.0000 0.0053 1.0000
vn 0.5756 0.5848 -0.5716
vn 0.5792 0.5698 0.5830
vn -0.5756 0.5848 -0.5716
vn -0.5792 0.5698 0.5830
vn -0.0000 -0.0056 -1.0000
vn 0.7084 -0.0040 -0.7058
vn -0.7084 -0.0040 -0.7058
vn -0.7058 0.0040 0.7084
vn 0.7058 0.0040 0.7084
vn -0.0000 0.0056 1.0000
vn -0.9045 0.3015 0.3015
vn 0.9045 0.3015 0.3015
vn 0.9045 -0.3015 0.3015
vn -0.9045 -0.3015 0.3015
vn 0.9045 -0.3015 -0.3015
vn -0.9045 -0.3015 -0.3015
vn -0.9045 0.3015 -0.3015
vn 0.9045 0.3015 -0.3015
vn -0.0032 0.7069 0.7073
vn 0.9024 0.3024 0.3068
vn 0.8963 -0.3166 0.3106
vn -0.0171 -0.7031 0.7109
vn -0.0198 -0.9998 -0.0000
vn 0.6815 -0.7318 -0.0000
vn 0.8963 -0.3166 -0.3106
vn -0.0171 -0.7031 -0.7109
vn -0.0032 0.7069 -0.7073
vn 0.9024 0.3024 -0.3068
vn -0.9066 0.3006 -0.2961
vn -0.0031 0.7073 -0.7069
vn -0.0169 -0.7109 -0.7031
vn -0.9123 -0.2867 -0.2925
vn -0.0193 -0.9998 -0.0000
vn -0.7091 -0.7051 -0.0000
vn -0.0031 0.7073 0.7069
vn -0.0169 -0.7109 0.7031
vn -0.9066 0.3006 0.2961
vn -0.9123 -0.2867 0.2925
vn -0.5774 -0.5773 -0.5773
vn -0.5774 0.5773 -0.5773
vn 0.5774 0.5773 -0.5773
vn 0.5774 -0.5773 -0.5773
vn -0.5774 0.5773 0.5773
vn 0.5774 0.5773 0.5773
vn -0.5774 -0.5773 0.5773
vn 0.5774 -0.5773 0.5773
vn 0.0202 0.7068 -0.7071
vn 0.5886 0.5646 -0.5786
vn 0.5789 -0.5782 -0.5749
vn 0.0202 0.7068 0.7071
vn 0.5886 0.5646 0.5786
vn 0.7378 0.6750 -0.0000
vn 0.5789 -0.5782 0.5749
vn -0.5757 -0.5764 0.5799
vn -0.5659 0.5899 0.5760
vn -0.6977 0.7164 -0.0000
vn -0.5757 -0.5764 -0.5799
vn -0.5659 0.5899 -0.5760
vn 0.6815 -0.7319 -0.0000
vn 0.7181 0.6960 -0.0000
vn -0.7181 0.6960 -0.0000
vn -0.5757 -0.5787 -0.5776
vn 0.5790 -0.5760 -0.5771
vn 0.6956 -0.7184 -0.0000
vn -0.6956 -0.7184 -0.0000
vn 0.5790 -0.5760 0.5771
vn -0.5757 -0.5787 0.5776
vn 0.7040 -0.7102 -0.0000
vn 0.6930 -0.7209 -0.0000
vn 0.7270 0.6866 -0.0000
vn 0.7156 0.6985 -0.0000
vn -0.7316 -0.6818 -0.0000
vn -0.7206 -0.6933 -0.0000
vn -0.6866 0.7270 -0.0000
vn -0.6750 0.7378 -0.0000
vn -0.5714 0.5849 -0.5756
vn 0.5831 0.5697 -0.5791
vn -0.5714 0.5849 0.5756
vn 0.5831 0.5697 0.5791
vn -1.0000 -0.0053 -0.0000
vn 1.0000 0.0053 -0.0000
vn -0.5716 0.5848 -0.5756
vn 0.5830 0.5698 -0.5792
vn -0.5716 0.5848 0.5756
vn 0.5830 0.5698 0.5792
vn -1.0000 -0.0056 -0.0000
vn -0.7058 -0.0040 -0.7084
vn -0.7058 -0.0040 0.7084
vn 0.7084 0.0040 0.7058
vn 0.7084 0.0040 -0.7058
vn 1.0000 0.0057 -0.0000
vn -0.0000 0.0286 0.9996
vn 0.9996 -0.0285 -0.0000
vn -0.3106 -0.3167 0.8962
vn -0.0000 -0.7319 0.6814
vn 0.3106 -0.3167 0.8962
vn 0.7069 0.7073 -0.0032
vn -0.0000 0.6750 0.7379
vn -0.0000 0.0057 1.0000
vn 0.7073 0.7069 0.0032
vn 0.3068 0.3024 -0.9024
vn 0.3106 -0.3166 -0.8963
vn 0.7109 -0.7031 0.0171
vn -0.0000 -0.9998 0.0198
vn -0.0000 -0.7319 -0.6814
vn -0.3106 -0.3167 -0.8962
vn -0.7109 -0.7031 0.0171
vn -0.7073 0.7069 0.0032
vn -0.3068 0.3024 -0.9024
vn -0.2961 0.3006 0.9066
vn -0.7069 0.7073 0.0031
vn -0.7031 -0.7109 0.0169
vn -0.2925 -0.2867 0.9123
vn -0.0000 -0.9998 0.0193
vn -0.0000 -0.7051 0.7091
vn 0.7069 0.7073 0.0031
vn 0.7031 -0.7109 0.0169
vn 0.2961 0.3006 0.9066
vn 0.2925 -0.2867 0.9123
vn -0.7071 0.7068 -0.0202
vn -0.5786 0.5646 -0.5886
vn -0.5749 -0.5782 -0.5789
vn 0.7071 0.7068 -0.0202
vn 0.5786 0.5646 -0.5886
vn -0.0000 0.6750 -0.7379
vn 0.5749 -0.5782 -0.5789
vn 0.5799 -0.5764 0.5757
vn 0.5760 0.5899 0.5659
vn -0.0000 0.7164 0.6977
vn -0.5799 -0.5764 0.5757
vn -0.5760 0.5899 0.5659
vn -0.0000 -0.7319 -0.6815
vn -0.0000 0.6750 -0.7378
vn -0.5776 -0.5787 0.5757
vn -0.5771 -0.5760 -0.5790
vn 0.5771 -0.5760 -0.5790
vn 0.5776 -0.5787 0.5757
vn -0.0000 -0.7102 -0.7040
vn -0.0000 -0.7210 -0.6930
vn -0.0000 0.6866 -0.7270
vn -0.0000 0.6985 -0.7156
vn -0.0000 -0.6818 0.7316
vn -0.0000 -0.6933 0.7206
vn -0.0000 0.7270 0.6866
vn -0.0000 0.7378 0.6750
vn -0.5756 0.5849 0.5714
vn -0.5791 0.5697 -0.5831
vn 0.5756 0.5849 0.5714
vn 0.5791 0.5697 -0.5831
vn -0.0000 -0.0053 1.0000
vn -0.0000 0.0053 -1.0000
vn -0.5756 0.5848 0.5716
vn -0.5792 0.5698 -0.5830
vn 0.5756 0.5848 0.5716
vn 0.5792 0.5698 -0.5830
vn -0.0000 -0.0056 1.0000
vn -0.7084 -0.0040 0.7058
vn 0.7084 -0.0040 0.7058
vn 0.7058 0.0040 -0.7084
vn -0.7058 0.0040 -0.7084
vn -0.0000 0.0056 -1.0000
vn -0.5760 0.5899 0.5658
vn -0.0569 -0.9984 -0.0000
vn -0.0609 -0.9981 -0.0000
vn -0.0000 0.0057 -1.0000
vn 0.9311 0.3647 -0.0000
vn 0.0091 -0.0010 1.0000
vn 0.0110 -0.9999 -0.0000
vn 0.0091 -0.0010 -1.0000
vn 0.0089 0.0009 -1.0000
vn 0.0286 -0.9996 -0.0000
vn 0.0100 -0.9999 -0.0000
vn 0.0089 0.0009 1.0000
vn -0.0286 0.9996 -0.0000
vn 0.9996 0.0286 -0.0000
vn -0.9999 0.0025 0.0141
vn 0.9999 -0.0025 0.0145
vn -0.9999 0.0025 -0.0141
vn 0.9999 -0.0025 -0.0145
vn -0.9996 -0.0286 -0.0000
vn -1.0000 0.0009 -0.0090
vn -1.0000 -0.0000 -0.0023
vn 1.0000 -0.0000 0.0033
vn -0.9945 0.1045 -0.0022
vn -0.9996 0.0281 -0.0022
vn -1.0000 -0.0000 -0.0022
vn -0.9310 0.3650 -0.0021
vn 1.0000 -0.0000 0.0023
vn 0.0023 -0.0000 -1.0000
vn -0.0033 -0.0000 1.0000
vn 0.0022 0.1045 -0.9945
vn 0.0022 0.0281 -0.9996
vn 0.0022 -0.0000 -1.0000
vn 0.0021 0.3650 -0.9310
vn -0.0023 -0.0000 1.0000
vn -1.0000 -0.0000 -0.0033
vn 0.9945 0.1045 0.0022
vn 0.9996 0.0282 0.0022
vn 1.0000 -0.0000 0.0022
vn 0.9310 0.3650 0.0021
vn 0.0033 -0.0000 -1.0000
vn -0.0022 0.1045 0.9945
vn -0.0022 0.0281 0.9996
vn -0.0022 -0.0000 1.0000
vn -0.0021 0.3650 0.9310
vn -0.0000 0.9998 0.0220
vn -0.0000 0.9997 0.0232
vn -0.0000 -0.9998 -0.0188
vn -0.0000 -0.9998 -0.0175
vn 0.0032 0.7069 0.7073
vn 0.0171 -0.7031 0.7109
vn -0.8963 -0.3166 0.3106
vn -0.9024 0.3024 0.3068
vn 0.0198 -0.9998 -0.0000
vn 0.0171 -0.7031 -0.7109
vn -0.8963 -0.3166 -0.3106
vn -0.6815 -0.7318 -0.0000
vn 0.0032 0.7069 -0.7073
vn -0.9024 0.3024 -0.3068
vn 0.0031 0.7073 -0.7069
vn 0.9066 0.3006 -0.2961
vn 0.0169 -0.7109 -0.7031
vn 0.9123 -0.2867 -0.2925
vn 0.0193 -0.9998 -0.0000
vn 0.7091 -0.7051 -0.0000
vn 0.0031 0.7073 0.7069
vn 0.0169 -0.7109 0.7031
vn 0.9066 0.3006 0.2961
vn 0.9123 -0.2867 0.2925
vn -0.5789 -0.5782 -0.5749
vn -0.5886 0.5646 -0.5786
vn -0.0202 0.7068 -0.7071
vn -0.7378 0.6750 -0.0000
vn -0.5886 0.5646 0.5785
vn -0.0202 0.7068 0.7071
vn -0.5789 -0.5782 0.5749
vn 0.5757 -0.5764 0.5799
vn 0.5659 0.5899 0.5760
vn 0.6977 0.7164 -0.0000
vn 0.5757 -0.5764 -0.5799
vn 0.5659 0.5899 -0.5760
vn -0.6815 -0.7319 -0.0000
vn 0.5757 -0.5787 -0.5776
vn -0.5790 -0.5760 -0.5771
vn 0.5757 -0.5787 0.5776
vn -0.5790 -0.5760 0.5771
vn -0.7040 -0.7102 -0.0000
vn -0.7156 0.6985 -0.0000
vn -0.7270 0.6866 -0.0000
vn -0.6930 -0.7209 -0.0000
vn 0.7316 -0.6818 -0.0000
vn 0.6750 0.7378 -0.0000
vn 0.6866 0.7270 -0.0000
vn 0.7206 -0.6933 -0.0000
vn 0.5714 0.5849 -0.5756
vn -0.5831 0.5697 -0.5791
vn -0.5831 0.5697 0.5791
vn 0.5714 0.5849 0.5756
vn 1.0000 -0.0053 -0.0000
vn -1.0000 0.0053 -0.0000
vn 0.5716 0.5848 -0.5756
vn -0.5830 0.5698 -0.5792
vn -0.5830 0.5698 0.5792
vn 0.5716 0.5848 0.5756
vn 0.7058 -0.0040 0.7084
vn 1.0000 -0.0056 -0.0000
vn 0.7058 -0.0040 -0.7084
vn -0.7084 0.0040 0.7058
vn -0.7084 0.0040 -0.7058
vn -1.0000 0.0057 -0.0000
vn -0.9996 -0.0285 -0.0000
vn -0.3106 -0.3166 -0.8963
vn 0.3106 -0.3167 -0.8962
vn 0.7069 0.7073 0.0032
vn 0.5760 0.5899 0.5658
vn 0.0994 -0.9951 -0.0000
vn 0.0881 -0.9961 -0.0000
vn -0.0133 0.9999 -0.0000
vt 0.375000 0.250000
vt 0.625000 0.250000
vt 0.625000 0.500000
vt 0.375000 0.500000
vt 0.625000 0.750000
vt 0.375000 0.750000
vt 0.625000 1.000000
vt 0.375000 1.000000
vt 0.125000 0.500000
vt 0.125000 0.750000
vt 0.375000 0.000000
vt 0.625000 0.000000
vt 0.000000 0.000000
vt 0.345366 0.502977
vt 0.329786 0.541853
vt 0.535357 0.449083
vt 0.404448 0.450918
vt 0.324083 0.583706
vt 0.324083 0.750000
vt 0.675917 0.500000
vt 0.375000 0.800917
vt 0.675917 0.750000
vt 0.625000 0.449083
vt 0.625000 0.800917
vt 0.562500 0.437500
vt 0.625000 0.437500
vt 0.562500 0.500000
vt 0.562500 0.750000
vt 0.312500 0.500000
vt 0.312500 0.750000
vt 0.437359 0.437500
vt 0.437359 0.812500
vt 0.437359 0.500000
vt 0.437359 0.750000
vt 0.562500 0.812500
vt 0.625000 0.812500
vt 0.687500 0.500000
vt 0.687500 0.750000
vt 0.437359 0.718750
vt 0.562500 0.718750
vt 0.562500 0.718750
vt 0.437359 0.531250
vt 0.562500 0.531250
vt 0.875000 0.500000
vt 0.875000 0.750000
vt 0.562500 0.875000
vt 0.437670 0.875000
vt 0.437670 0.375000
vt 0.562500 0.375000
vt 0.562500 0.312500
vt 0.562500 0.250000
vt 0.562500 0.000000
vt 0.562500 0.937500
vt 0.437670 0.937500
vt 0.437670 0.000000
vt 0.437670 0.250000
vt 0.437670 0.312500
vt 0.562500 0.812500
vt 0.437359 0.718750
vt 0.437359 0.812500
vt 0.437359 0.718750
vt 0.562500 0.531250
vt 0.562500 0.437500
vt 0.437359 0.437500
vt 0.437359 0.437500
vt 0.437359 0.718750
vt 0.437359 0.437500
vt 0.437359 0.531250
vt 0.437359 0.437500
vt 0.437359 0.812500
vt 0.437359 0.718750
vt 0.562500 0.718750
vt 0.562500 0.437500
vt 0.562500 0.718750
vt 0.562500 0.531250
vt 0.437359 0.812500
vt 0.437359 0.437500
vt 0.562500 0.812500
s 0
usemtl Base_Color
f 3/1/1 4/2/1 8/3/1 7/4/1
f 7/4/2 8/3/2 6/5/2 5/6/2
f 5/6/3 6/5/3 2/7/3 1/8/3
f 3/9/4 7/4/4 5/6/4 1/10/4
f 9/11/3 10/12/3 12/2/3 11/1/3
f 11/1/5 12/2/5 4/3/5 3/4/5
f 1/6/2 2/5/2 10/7/2 9/8/2
f 11/9/4 3/4/4 1/6/4 9/10/4
f 4/13/6 2/13/6 6/5/6 8/3/6
f 10/7/6 2/5/6 4/13/6 12/2/6
f 19/20/2 18/16/2 15/14/2 14/15/2 17/18/2 16/21/2 13/22/2
f 26/22/10 23/19/10 22/18/10 25/15/10 24/17/10 21/16/10 20/20/10
f 33/20/13 32/16/13 29/14/13 28/15/13 31/18/13 30/21/13 27/22/13
f 40/22/3 37/19/3 36/18/3 39/15/3 38/17/3 35/16/3 34/20/3
f 47/20/2 46/16/2 43/14/2 42/15/2 45/18/2 44/21/2 41/22/2
f 54/22/5 51/19/5 50/18/5 53/15/5 52/17/5 49/16/5 48/20/5
f 63/25/1 66/26/1 62/3/1 64/27/1
f 64/27/2 62/3/2 60/5/2 65/28/2
f 58/29/4 61/4/4 59/6/4 55/30/4
f 58/31/6 69/31/6 76/32/6 55/32/6
f 61/33/2 64/27/2 65/28/2 59/34/2
f 58/31/1 63/25/1 64/27/1 61/33/1
f 67/35/3 56/35/3 57/36/3 68/36/3
f 78/37/6 68/38/6 57/38/6 66/37/6
f 59/34/3 65/28/3 56/35/3 55/32/3
f 62/3/6 66/37/6 57/38/6 60/5/6
f 63/25/1 73/25/1 78/26/1 66/26/1
f 65/28/3 60/5/3 57/36/3 56/35/3
f 58/31/5 55/32/5 56/35/5 63/25/5
f 69/31/2 73/25/2 67/35/2 76/32/2
f 73/25/1 74/27/1 72/3/1 78/26/1
f 74/27/5 75/28/5 71/5/5 72/3/5
f 69/29/4 76/30/4 70/6/4 77/4/4
f 77/33/5 70/34/5 75/28/5 74/27/5
f 69/31/1 77/33/1 74/27/1 73/25/1
f 70/34/3 76/32/3 67/35/3 75/28/3
f 72/3/6 71/5/6 68/38/6 78/37/6
f 75/28/3 67/35/3 68/36/3 71/5/3
f 63/25/4 56/35/4 67/35/4 73/25/4
f 102/42/2 100/43/2 99/41/2 101/39/2
f 98/43/20 97/40/20 99/41/20 100/43/20
f 96/42/5 95/39/5 97/40/5 98/43/5
f 96/42/6 102/42/6 101/39/6 95/39/6
f 108/31/2 107/25/2 109/35/2 110/32/2
f 107/25/6 103/25/6 105/35/6 109/35/6
f 104/31/5 106/32/5 105/35/5 103/25/5
f 108/31/4 110/32/4 106/32/4 104/31/4
f 121/40/23 123/41/23 113/35/23 117/35/23
f 119/39/4 118/32/4 114/32/4 125/39/4
f 116/31/4 120/42/4 126/42/4 112/31/4
f 126/42/5 125/39/5 123/41/5 124/43/5
f 112/31/5 126/42/5 124/43/5 111/25/5
f 122/43/23 124/43/23 123/41/23 121/40/23
f 115/25/23 111/25/23 124/43/23 122/43/23
f 120/42/2 122/43/2 121/40/2 119/39/2
f 116/31/2 115/25/2 122/43/2 120/42/2
f 120/42/4 119/39/4 125/39/4 126/42/4
f 127/11/5 128/12/5 130/2/5 129/1/5
f 133/4/2 134/3/2 132/5/2 131/6/2
f 131/6/3 132/5/3 128/7/3 127/8/3
f 129/9/4 133/4/4 131/6/4 127/10/4
f 134/3/6 130/44/6 128/45/6 132/5/6
f 135/11/1 136/12/1 138/2/1 137/1/1
f 141/4/3 142/3/3 140/5/3 139/6/3
f 139/6/5 140/5/5 136/7/5 135/8/5
f 137/9/4 141/4/4 139/6/4 135/10/4
f 142/3/6 138/44/6 136/45/6 140/5/6
f 151/25/2 154/26/2 150/3/2 152/27/2
f 152/27/3 150/3/3 148/5/3 153/28/3
f 146/29/4 149/4/4 147/6/4 143/30/4
f 146/31/6 157/31/6 164/32/6 143/32/6
f 149/33/3 152/27/3 153/28/3 147/34/3
f 146/31/2 151/25/2 152/27/2 149/33/2
f 155/35/5 144/35/5 145/36/5 156/36/5
f 166/37/6 156/38/6 145/38/6 154/37/6
f 147/34/5 153/28/5 144/35/5 143/32/5
f 150/3/6 154/37/6 145/38/6 148/5/6
f 151/25/2 161/25/2 166/26/2 154/26/2
f 153/28/5 148/5/5 145/36/5 144/35/5
f 146/31/1 143/32/1 144/35/1 151/25/1
f 157/31/3 161/25/3 155/35/3 164/32/3
f 161/25/2 162/27/2 160/3/2 166/26/2
f 162/27/1 163/28/1 159/5/1 160/3/1
f 157/29/4 164/30/4 158/6/4 165/4/4
f 165/33/1 158/34/1 163/28/1 162/27/1
f 157/31/2 165/33/2 162/27/2 161/25/2
f 158/34/5 164/32/5 155/35/5 163/28/5
f 160/3/6 159/5/6 156/38/6 166/37/6
f 163/28/5 155/35/5 156/36/5 159/5/5
f 151/25/4 144/35/4 155/35/4 161/25/4
f 173/20/3 172/16/3 169/14/3 168/15/3 171/18/3 170/21/3 167/22/3
f 180/22/1 177/19/1 176/18/1 179/15/1 178/17/1 175/16/1 174/20/1
f 204/42/3 202/43/3 201/41/3 203/39/3
f 200/43/37 199/40/37 201/41/37 202/43/37
f 198/42/1 197/39/1 199/40/1 200/43/1
f 198/42/6 204/42/6 203/39/6 197/39/6
f 210/31/3 209/25/3 211/35/3 212/32/3
f 209/25/6 205/25/6 207/35/6 211/35/6
f 206/31/1 208/32/1 207/35/1 205/25/1
f 210/31/4 212/32/4 208/32/4 206/31/4
f 223/40/40 225/41/40 215/35/40 219/35/40
f 221/39/4 220/32/4 216/32/4 227/39/4
f 218/31/4 222/42/4 228/42/4 214/31/4
f 228/42/1 227/39/1 225/41/1 226/43/1
f 214/31/1 228/42/1 226/43/1 213/25/1
f 224/43/40 226/43/40 225/41/40 223/40/40
f 217/25/40 213/25/40 226/43/40 224/43/40
f 222/42/3 224/43/3 223/40/3 221/39/3
f 218/31/3 217/25/3 224/43/3 222/42/3
f 222/42/4 221/39/4 227/39/4 228/42/4
f 229/11/3 230/12/3 232/2/3 231/1/3
f 235/4/1 236/3/1 234/5/1 233/6/1
f 233/6/2 234/5/2 230/7/2 229/8/2
f 231/9/4 235/4/4 233/6/4 229/10/4
f 236/3/6 232/44/6 230/45/6 234/5/6
f 245/25/5 248/26/5 244/3/5 246/27/5
f 246/27/1 244/3/1 242/5/1 247/28/1
f 240/29/4 243/4/4 241/6/4 237/30/4
f 240/31/6 251/31/6 258/32/6 237/32/6
f 243/33/1 246/27/1 247/28/1 241/34/1
f 240/31/5 245/25/5 246/27/5 243/33/5
f 249/35/2 238/35/2 239/36/2 250/36/2
f 260/37/6 250/38/6 239/38/6 248/37/6
f 241/34/2 247/28/2 238/35/2 237/32/2
f 244/3/6 248/37/6 239/38/6 242/5/6
f 245/25/5 255/25/5 260/26/5 248/26/5
f 247/28/2 242/5/2 239/36/2 238/35/2
f 240/31/3 237/32/3 238/35/3 245/25/3
f 251/31/1 255/25/1 249/35/1 258/32/1
f 255/25/5 256/27/5 254/3/5 260/26/5
f 256/27/3 257/28/3 253/5/3 254/3/3
f 251/29/4 258/30/4 252/6/4 259/4/4
f 259/33/3 252/34/3 257/28/3 256/27/3
f 251/31/5 259/33/5 256/27/5 255/25/5
f 252/34/2 258/32/2 249/35/2 257/28/2
f 254/3/6 253/5/6 250/38/6 260/37/6
f 257/28/2 249/35/2 250/36/2 253/5/2
f 245/25/4 238/35/4 249/35/4 255/25/4
f 267/20/1 266/16/1 263/14/1 262/15/1 265/18/1 264/21/1 261/22/1
f 274/22/3 271/19/3 270/18/3 273/15/3 272/17/3 269/16/3 268/20/3
f 298/42/1 296/43/1 295/41/1 297/39/1
f 294/43/52 293/40/52 295/41/52 296/43/52
f 292/42/3 291/39/3 293/40/3 294/43/3
f 292/42/6 298/42/6 297/39/6 291/39/6
f 304/31/1 303/25/1 305/35/1 306/32/1
f 303/25/6 299/25/6 301/35/6 305/35/6
f 300/31/3 302/32/3 301/35/3 299/25/3
f 304/31/4 306/32/4 302/32/4 300/31/4
f 317/40/55 319/41/55 309/35/55 313/35/55
f 315/39/4 314/32/4 310/32/4 321/39/4
f 312/31/4 316/42/4 322/42/4 308/31/4
f 322/42/3 321/39/3 319/41/3 320/43/3
f 308/31/3 322/42/3 320/43/3 307/25/3
f 318/43/55 320/43/55 319/41/55 317/40/55
f 311/25/55 307/25/55 320/43/55 318/43/55
f 316/42/1 318/43/1 317/40/1 315/39/1
f 312/31/1 311/25/1 318/43/1 316/42/1
f 316/42/4 315/39/4 321/39/4 322/42/4
f 325/1/2 326/2/2 330/3/2 329/4/2
f 327/6/5 328/5/5 324/7/5 323/8/5
f 325/9/4 329/4/4 327/6/4 323/10/4
f 330/3/6 326/44/6 324/45/6 328/5/6
f 347/1/2 348/2/2 160/3/2 350/4/2
f 350/4/3 160/3/3 159/5/3 349/6/3
f 349/6/5 159/5/5 346/7/5 345/8/5
f 347/9/4 350/4/4 349/6/4 345/10/4
f 160/3/6 348/44/6 346/45/6 159/5/6
f 357/20/3 356/16/3 353/14/3 352/15/3 355/18/3 354/21/3 351/22/3
f 367/1/5 368/2/5 372/3/5 371/4/5
f 369/6/2 370/5/2 366/7/2 365/8/2
f 367/9/4 371/4/4 369/6/4 365/10/4
f 372/3/6 368/44/6 366/45/6 370/5/6
f 387/11/3 242/12/3 244/2/3 388/1/3
f 388/1/5 244/2/5 392/3/5 391/4/5
f 389/6/2 390/5/2 242/7/2 387/8/2
f 388/9/4 391/4/4 389/6/4 387/10/4
f 392/3/6 244/44/6 242/45/6 390/5/6
f 406/22/3 403/19/3 402/18/3 405/15/3 404/17/3 401/16/3 400/20/3
f 407/11/2 408/12/2 410/2/2 409/1/2
f 409/1/3 410/2/3 414/3/3 413/4/3
f 413/4/10 414/3/10 412/5/10 411/6/10
f 411/6/1 412/5/1 408/7/1 407/8/1
f 409/9/4 413/4/4 411/6/4 407/10/4
f 414/3/6 410/44/6 408/45/6 412/5/6
f 415/11/2 416/12/2 418/2/2 417/1/2
f 421/4/5 422/3/5 420/5/5 419/6/5
f 419/6/13 420/5/13 416/7/13 415/8/13
f 417/9/4 421/4/4 419/6/4 415/10/4
f 422/3/6 418/44/6 416/45/6 420/5/6
f 429/20/10 428/16/10 425/14/10 424/15/10 427/18/10 426/21/10 423/22/10
f 436/22/2 433/19/2 432/18/2 435/15/2 434/17/2 431/16/2 430/20/2
f 450/22/13 447/19/13 446/18/13 449/15/13 448/17/13 445/16/13 444/20/13
f 451/11/1 452/12/1 454/2/1 453/1/1
f 453/1/2 454/2/2 458/3/2 457/4/2
f 457/4/65 458/3/65 456/5/65 455/6/65
f 455/6/5 456/5/5 452/7/5 451/8/5
f 453/9/4 457/4/4 455/6/4 451/10/4
f 458/3/6 454/44/6 452/45/6 456/5/6
f 459/11/1 460/12/1 462/2/1 461/1/1
f 461/1/2 462/2/2 466/3/2 465/4/2
f 465/4/3 466/3/3 464/5/3 463/6/3
f 463/6/66 464/5/66 460/7/66 459/8/66
f 461/9/4 465/4/4 463/6/4 459/10/4
f 466/3/6 462/44/6 460/45/6 464/5/6
f 473/20/65 472/16/65 469/14/65 468/15/65 471/18/65 470/21/65 467/22/65
f 480/22/1 477/19/1 476/18/1 479/15/1 478/17/1 475/16/1 474/20/1
f 487/20/2 486/16/2 483/14/2 482/15/2 485/18/2 484/21/2 481/22/2
f 494/22/66 491/19/66 490/18/66 493/15/66 492/17/66 489/16/66 488/20/66
f 497/1/5 498/2/5 502/3/5 501/4/5
f 501/4/66 502/3/66 500/5/66 499/6/66
f 499/6/2 500/5/2 496/7/2 495/8/2
f 497/9/4 501/4/4 499/6/4 495/10/4
f 502/3/6 498/44/6 496/45/6 500/5/6
f 503/11/3 504/12/3 506/2/3 505/1/3
f 505/1/5 506/2/5 510/3/5 509/4/5
f 509/4/1 510/3/1 508/5/1 507/6/1
f 507/6/65 508/5/65 504/7/65 503/8/65
f 505/9/4 509/4/4 507/6/4 503/10/4
f 510/3/6 506/44/6 504/45/6 508/5/6
f 517/20/66 516/16/66 513/14/66 512/15/66 515/18/66 514/21/66 511/22/66
f 531/20/5 530/16/5 527/14/5 526/15/5 529/18/5 528/21/5 525/22/5
f 538/22/65 535/19/65 534/18/65 537/15/65 536/17/65 533/16/65 532/20/65
f 539/11/5 540/12/5 542/2/5 541/1/5
f 541/1/1 542/2/1 546/3/1 545/4/1
f 545/4/13 546/3/13 544/5/13 543/6/13
f 543/6/3 544/5/3 540/7/3 539/8/3
f 541/9/4 545/4/4 543/6/4 539/10/4
f 546/3/6 542/44/6 540/45/6 544/5/6
f 547/11/5 548/12/5 550/2/5 549/1/5
f 549/1/1 550/2/1 554/3/1 553/4/1
f 553/4/2 554/3/2 552/5/2 551/6/2
f 551/6/10 552/5/10 548/7/10 547/8/10
f 549/9/4 553/4/4 551/6/4 547/10/4
f 554/3/6 550/44/6 548/45/6 552/5/6
f 561/20/13 560/16/13 557/14/13 556/15/13 559/18/13 558/21/13 555/22/13
f 568/22/5 565/19/5 564/18/5 567/15/5 566/17/5 563/16/5 562/20/5
f 575/20/1 574/16/1 571/14/1 570/15/1 573/18/1 572/21/1 569/22/1
f 582/22/10 579/19/10 578/18/10 581/15/10 580/17/10 577/16/10 576/20/10
f 585/1/69 586/2/69 590/3/69 589/4/69
f 589/4/5 590/3/5 588/5/5 587/6/5
f 587/6/70 588/5/70 584/7/70 583/8/70
f 585/9/4 589/4/4 587/6/4 583/10/4
f 593/1/2 594/2/2 586/3/2 585/4/2
f 583/6/5 584/5/5 592/7/5 591/8/5
f 593/9/4 585/4/4 583/6/4 591/10/4
f 586/13/6 584/13/6 588/5/6 590/3/6
f 592/7/6 584/5/6 586/13/6 594/2/6
f 601/20/10 600/16/10 597/14/10 596/15/10 599/18/10 598/21/10 595/22/10
f 615/20/5 614/16/5 611/14/5 610/15/5 613/18/5 612/21/5 609/22/5
f 622/22/13 619/19/13 618/18/13 621/15/13 620/17/13 617/16/13 616/20/13
f 623/11/2 624/12/2 626/2/2 625/1/2
f 625/1/3 626/2/3 630/3/3 629/4/3
f 629/4/5 630/3/5 628/5/5 627/6/5
f 627/6/1 628/5/1 624/7/1 623/8/1
f 625/9/4 629/4/4 627/6/4 623/10/4
f 630/3/6 626/44/6 624/45/6 628/5/6
f 637/20/5 636/16/5 633/14/5 632/15/5 635/18/5 634/21/5 631/22/5
f 644/22/2 641/19/2 640/18/2 643/15/2 642/17/2 639/16/2 638/20/2
f 645/11/5 646/12/5 648/2/5 647/1/5
f 647/1/1 648/2/1 652/3/1 651/4/1
f 651/4/2 652/3/2 650/5/2 649/6/2
f 649/6/3 650/5/3 646/7/3 645/8/3
f 647/9/4 651/4/4 649/6/4 645/10/4
f 652/3/6 648/44/6 646/45/6 650/5/6
f 659/20/2 658/16/2 655/14/2 654/15/2 657/18/2 656/21/2 653/22/2
f 666/22/5 663/19/5 662/18/5 665/15/5 664/17/5 661/16/5 660/20/5
f 669/1/76 670/2/76 674/3/76 673/4/76
f 671/6/77 672/5/77 668/7/77 667/8/77
f 669/9/4 673/4/4 671/6/4 667/10/4
f 675/11/5 676/12/5 678/2/5 677/1/5
f 677/1/1 678/2/1 670/3/1 669/4/1
f 667/6/3 668/5/3 676/7/3 675/8/3
f 677/9/4 669/4/4 667/6/4 675/10/4
f 670/13/6 668/13/6 672/5/6 674/3/6
f 676/7/6 668/5/6 670/13/6 678/2/6
f 685/20/65 684/16/65 681/14/65 680/15/65 683/18/65 682/21/65 679/22/65
f 692/22/5 689/19/5 688/18/5 691/15/5 690/17/5 687/16/5 686/20/5
f 706/22/66 703/19/66 702/18/66 705/15/66 704/17/66 701/16/66 700/20/66
f 709/1/1 710/2/1 714/3/1 713/4/1
f 713/4/2 714/3/2 712/5/2 711/6/2
f 711/6/3 712/5/3 708/7/3 707/8/3
f 709/9/4 713/4/4 711/6/4 707/10/4
f 714/3/6 710/44/6 708/45/6 712/5/6
f 721/20/2 720/16/2 717/14/2 716/15/2 719/18/2 718/21/2 715/22/2
f 729/11/5 730/12/5 732/2/5 731/1/5
f 731/1/1 732/2/1 736/3/1 735/4/1
f 733/6/3 734/5/3 730/7/3 729/8/3
f 731/9/4 735/4/4 733/6/4 729/10/4
f 736/3/6 732/44/6 730/45/6 734/5/6
f 750/22/5 747/19/5 746/18/5 749/15/5 748/17/5 745/16/5 744/20/5
f 753/1/1 754/2/1 732/3/1 731/4/1
f 729/6/3 730/5/3 752/7/3 751/8/3
f 753/9/4 731/4/4 729/6/4 751/10/4
f 732/3/6 754/44/6 752/45/6 730/5/6
f 761/20/2 760/16/2 757/14/2 756/15/2 759/18/2 758/21/2 755/22/2
f 769/11/5 770/12/5 772/2/5 771/1/5
f 771/1/1 772/2/1 776/3/1 775/4/1
f 773/6/3 774/5/3 770/7/3 769/8/3
f 771/9/4 775/4/4 773/6/4 769/10/4
f 776/3/6 772/44/6 770/45/6 774/5/6
f 790/22/5 787/19/5 786/18/5 789/15/5 788/17/5 785/16/5 784/20/5
f 793/1/1 794/2/1 772/3/1 771/4/1
f 769/6/3 770/5/3 792/7/3 791/8/3
f 793/9/4 771/4/4 769/6/4 791/10/4
f 772/3/6 794/44/6 792/45/6 770/5/6
f 801/20/2 800/16/2 797/14/2 796/15/2 799/18/2 798/21/2 795/22/2
f 809/11/5 810/12/5 812/2/5 811/1/5
f 811/1/1 812/2/1 816/3/1 815/4/1
f 813/6/3 814/5/3 810/7/3 809/8/3
f 811/9/4 815/4/4 813/6/4 809/10/4
f 816/3/6 812/44/6 810/45/6 814/5/6
f 830/22/5 827/19/5 826/18/5 829/15/5 828/17/5 825/16/5 824/20/5
f 833/1/75 834/2/75 838/3/75 837/4/75
f 837/4/2 838/3/2 836/5/2 835/6/2
f 835/6/83 836/5/83 832/7/83 831/8/83
f 833/9/4 837/4/4 835/6/4 831/10/4
f 841/1/5 842/2/5 834/3/5 833/4/5
f 831/6/2 832/5/2 840/7/2 839/8/2
f 841/9/4 833/4/4 831/6/4 839/10/4
f 834/13/6 832/13/6 836/5/6 838/3/6
f 840/7/6 832/5/6 834/13/6 842/2/6
f 849/20/13 848/16/13 845/14/13 844/15/13 847/18/13 846/21/13 843/22/13
f 863/20/2 862/16/2 859/14/2 858/15/2 861/18/2 860/21/2 857/22/2
f 870/22/10 867/19/10 866/18/10 869/15/10 868/17/10 865/16/10 864/20/10
f 873/1/82 874/2/82 878/3/82 877/4/82
f 875/6/88 876/5/88 872/7/88 871/8/88
f 873/9/4 877/4/4 875/6/4 871/10/4
f 879/11/2 880/12/2 882/2/2 881/1/2
f 881/1/3 882/2/3 874/3/3 873/4/3
f 871/6/1 872/5/1 880/7/1 879/8/1
f 881/9/4 873/4/4 871/6/4 879/10/4
f 874/13/6 872/13/6 876/5/6 878/3/6
f 880/7/6 872/5/6 874/13/6 882/2/6
f 889/20/66 888/16/66 885/14/66 884/15/66 887/18/66 886/21/66 883/22/66
f 896/22/2 893/19/2 892/18/2 895/15/2 894/17/2 891/16/2 890/20/2
f 910/22/65 907/19/65 906/18/65 909/15/65 908/17/65 905/16/65 904/20/65
f 911/11/2 912/12/2 914/2/2 913/1/2
f 913/1/3 914/2/3 918/3/3 917/4/3
f 917/4/5 918/3/5 916/5/5 915/6/5
f 915/6/1 916/5/1 912/7/1 911/8/1
f 913/9/4 917/4/4 915/6/4 911/10/4
f 918/3/6 914/44/6 912/45/6 916/5/6
f 925/20/5 924/16/5 921/14/5 920/15/5 923/18/5 922/21/5 919/22/5
f 932/22/2 929/19/2 928/18/2 931/15/2 930/17/2 927/16/2 926/20/2
f 933/11/5 934/12/5 936/2/5 935/1/5
f 935/1/1 936/2/1 940/3/1 939/4/1
f 939/4/2 940/3/2 938/5/2 937/6/2
f 937/6/3 938/5/3 934/7/3 933/8/3
f 935/9/4 939/4/4 937/6/4 933/10/4
f 940/3/6 936/44/6 934/45/6 938/5/6
f 947/20/2 946/16/2 943/14/2 942/15/2 945/18/2 944/21/2 941/22/2
f 954/22/5 951/19/5 950/18/5 953/15/5 952/17/5 949/16/5 948/20/5
f 651/1/1 652/2/1 958/3/1 957/4/1
f 957/4/2 958/3/2 956/5/2 955/6/2
f 955/6/3 956/5/3 650/7/3 649/8/3
f 651/9/4 957/4/4 955/6/4 649/10/4
f 958/3/6 652/44/6 650/45/6 956/5/6
f 965/20/2 964/16/2 961/14/2 960/15/2 963/18/2 962/21/2 959/22/2
f 972/22/5 969/19/5 968/18/5 971/15/5 970/17/5 967/16/5 966/20/5
f 957/1/1 958/2/1 976/3/1 975/4/1
f 975/4/2 976/3/2 974/5/2 973/6/2
f 973/6/3 974/5/3 956/7/3 955/8/3
f 957/9/4 975/4/4 973/6/4 955/10/4
f 976/3/6 958/44/6 956/45/6 974/5/6
f 983/20/2 982/16/2 979/14/2 978/15/2 981/18/2 980/21/2 977/22/2
f 990/22/5 987/19/5 986/18/5 989/15/5 988/17/5 985/16/5 984/20/5
f 993/1/76 994/2/76 998/3/76 997/4/76
f 995/6/77 996/5/77 992/7/77 991/8/77
f 993/9/4 997/4/4 995/6/4 991/10/4
f 999/11/5 1000/12/5 1002/2/5 1001/1/5
f 1001/1/1 1002/2/1 994/3/1 993/4/1
f 991/6/3 992/5/3 1000/7/3 999/8/3
f 1001/9/4 993/4/4 991/6/4 999/10/4
f 994/13/6 992/13/6 996/5/6 998/3/6
f 1000/7/6 992/5/6 994/13/6 1002/2/6
f 1009/20/65 1008/16/65 1005/14/65 1004/15/65 1007/18/65 1006/21/65 1003/22/65
f 1016/22/5 1013/19/5 1012/18/5 1015/15/5 1014/17/5 1011/16/5 1010/20/5
f 1030/22/66 1027/19/66 1026/18/66 1029/15/66 1028/17/66 1025/16/66 1024/20/66
s 1
f 1035/46/93 1038/47/94 1037/48/94 1036/49/93
f 1036/49/93 1041/50/6 1032/51/6 1031/52/6 1039/53/6 1035/46/93
f 1037/48/94 1038/47/94 1040/54/4 1034/55/4 1033/56/4 1042/57/4
f 1043/46/95 1044/49/95 1045/48/96 1046/47/96
f 1044/49/95 1043/46/95 1047/53/6 1031/52/6 1032/51/6 1049/50/6
f 1045/48/96 1050/57/4 1033/56/4 1034/55/4 1048/54/4 1046/47/96
f 1055/25/100 1057/35/99 1053/35/101 1051/25/102
f 1056/31/97 1052/31/103 1054/32/104 1058/32/98
f 1131/41/109 1135/58/110 1061/35/111 1071/41/112
f 1103/59/6 1073/39/113 1062/32/114 1100/60/115
f 1097/31/116 1060/31/117 1074/42/118 1101/42/6
f 1074/42/118 1072/43/119 1071/41/112 1073/39/113
f 1130/43/121 1131/41/109 1071/41/112 1072/43/119
f 1129/25/122 1130/43/121 1072/43/119 1059/25/120
f 1068/42/123 1067/39/105 1069/40/108 1070/43/124
f 1101/42/6 1074/42/118 1073/39/113 1103/59/6
f 1079/31/127 1078/25/128 1035/35/129 1080/32/130
f 1078/25/128 1075/25/131 1043/35/132 1035/35/129
f 1076/31/133 1077/32/134 1043/35/132 1075/25/131
f 1079/31/127 1080/32/130 1077/32/134 1076/31/133
f 1134/41/40 1093/41/138 1083/35/139 1136/35/140
f 1111/61/4 1108/32/142 1084/32/141 1095/39/96
f 1105/31/143 1109/42/4 1096/42/96 1082/31/144
f 1096/42/96 1095/39/96 1093/41/138 1094/43/138
f 1082/31/144 1096/42/96 1094/43/138 1081/25/145
f 1133/62/40 1094/43/138 1093/41/138 1134/41/40
f 1132/63/146 1081/25/145 1094/43/138 1133/62/40
f 1090/42/94 1092/43/135 1091/40/135 1089/39/94
f 1086/31/147 1085/25/148 1092/43/135 1090/42/94
f 1109/42/4 1111/61/4 1095/39/96 1096/42/96
f 1055/25/100 1051/25/102 1075/25/131 1078/25/128
f 1052/31/103 1056/31/97 1079/31/127 1076/31/133
f 1058/32/98 1054/32/104 1077/32/134 1080/32/130
f 1053/35/101 1057/35/99 1035/35/129 1043/35/132
f 1129/25/122 1059/25/120 1081/25/145 1132/63/146
f 1098/64/149 1064/31/125 1086/31/147 1106/65/149
f 1100/60/115 1062/32/114 1084/32/141 1108/32/142
f 1137/58/110 1065/35/107 1087/35/136 1138/35/140
f 1066/32/106 1099/32/149 1107/32/149 1088/32/137
f 1121/60/115 1100/60/115 1108/32/142 1122/32/142
f 1060/31/117 1097/31/116 1105/31/143 1082/31/144
f 1113/64/150 1098/64/149 1106/65/149 1116/31/151
f 1090/42/94 1089/39/94 1112/39/149 1110/42/149
f 1127/42/4 1128/66/4 1111/61/4 1109/42/4
f 1086/31/147 1090/42/94 1110/42/149 1106/65/149
f 1126/67/143 1127/42/4 1109/42/4 1105/31/143
f 1089/39/94 1088/32/137 1107/32/149 1112/39/149
f 1128/66/4 1122/32/142 1108/32/142 1111/61/4
f 1068/42/123 1102/68/149 1104/39/149 1067/39/105
f 1124/42/6 1101/42/6 1103/59/6 1125/39/6
f 1064/31/125 1098/64/149 1102/68/149 1068/42/123
f 1123/69/116 1097/31/116 1101/42/6 1124/42/6
f 1067/39/105 1104/39/149 1099/32/149 1066/32/106
f 1125/39/6 1103/59/6 1100/60/115 1121/60/115
f 1099/32/149 1119/70/152 1120/32/153 1107/32/149
f 1110/42/149 1112/39/149 1118/39/149 1117/42/149
f 1106/65/149 1110/42/149 1117/42/149 1116/31/151
f 1112/39/149 1107/32/149 1120/32/153 1118/39/149
f 1102/68/149 1114/42/4 1115/71/4 1104/39/149
f 1098/64/149 1113/64/150 1114/42/4 1102/68/149
f 1104/39/149 1115/71/4 1119/70/152 1099/32/149
f 1097/31/116 1123/69/116 1126/67/143 1105/31/143
f 1061/35/111 1135/58/110 1136/35/140 1083/35/139
f 1069/40/108 1065/35/107 1137/58/110 1141/72/109
f 1070/43/124 1069/40/108 1141/72/109 1140/43/121
f 1063/25/126 1070/43/124 1140/43/121 1139/73/122
f 1091/40/135 1144/74/40 1138/35/140 1087/35/136
f 1092/43/135 1143/75/40 1144/74/40 1091/40/135
f 1085/25/148 1142/25/146 1143/75/40 1092/43/135
f 1063/25/126 1139/73/122 1142/25/146 1085/25/148
f 1145/11/154 1146/12/155 1148/2/156 1147/1/157
f 1149/6/142 1150/5/115 1146/7/155 1145/8/154
f 1147/9/157 1151/4/143 1149/6/142 1145/10/154
f 1152/3/116 1148/44/156 1146/45/155 1150/5/115
f 1159/4/159 1160/3/158 1158/5/160 1157/6/161
f 1155/9/143 1159/4/159 1157/6/161 1153/10/142
f 1160/3/158 1156/44/116 1154/45/115 1158/5/160
f 1171/71/6 1164/39/6 1162/76/115 1175/70/162
f 1169/64/163 1161/77/116 1163/42/6 1170/42/6
f 1170/42/164 1171/71/165 1164/39/4 1163/42/4
f 1174/39/4 1176/32/166 1166/32/142 1168/39/4
f 1172/31/167 1173/42/4 1167/42/4 1165/31/143
f 1173/42/4 1174/39/4 1168/39/4 1167/42/4
f 1179/69/163 1161/77/116 1165/31/143 1182/67/167
f 1175/70/162 1162/76/115 1166/32/142 1176/32/166
f 1161/77/116 1169/64/163 1172/31/167 1165/31/143
f 1164/39/6 1181/39/6 1177/60/162 1162/76/115
f 1161/77/116 1179/69/163 1180/42/6 1163/42/6
f 1163/42/4 1164/39/4 1181/39/168 1180/42/169
f 1168/39/4 1166/32/142 1178/32/166 1184/66/4
f 1165/31/143 1167/42/4 1183/42/4 1182/67/167
f 1167/42/4 1168/39/4 1184/66/4 1183/42/4
f 1162/76/115 1177/60/162 1178/32/166 1166/32/142
f 1199/58/170 1186/78/171 1190/35/172 1200/35/173
f 1203/73/174 1185/25/175 1189/25/176 1206/25/177
f 1206/25/177 1189/25/176 1191/43/40 1207/75/40
f 1207/75/40 1191/43/40 1192/41/40 1208/74/40
f 1208/74/40 1192/41/40 1190/35/172 1202/35/173
f 1203/73/174 1204/43/38 1187/43/38 1185/25/175
f 1204/43/178 1187/43/40 1188/72/40 1205/72/179
f 1205/72/34 1201/58/170 1186/78/171 1188/72/34
f 1185/25/175 1193/25/174 1196/63/177 1189/25/176
f 1189/25/176 1196/63/177 1197/62/40 1191/43/40
f 1191/43/40 1197/62/40 1198/41/40 1192/41/40
f 1192/41/40 1198/41/40 1200/35/173 1190/35/172
f 1185/25/175 1187/43/38 1194/43/38 1193/25/174
f 1187/43/40 1194/43/180 1195/41/181 1188/72/40
f 1188/72/34 1186/78/171 1199/58/170 1195/41/34
f 1186/78/171 1201/58/170 1202/35/173 1190/35/172
f 1194/13/180 1187/13/182 1204/13/178 1170/13/164 1163/13/182 1180/13/169
f 1180/13/169 1181/13/168 1195/13/181 1194/13/180
f 1170/13/164 1204/13/178 1205/13/179 1171/13/165
f 1195/13/181 1181/13/168 1164/13/183 1171/13/165 1205/13/179 1188/13/183
f 1211/4/3 1212/3/3 1210/5/3 1209/6/3
f 1213/11/1 1214/12/1 1216/2/1 1215/1/1
f 1115/71/4 1220/39/6 1218/76/115 1119/70/152
f 1113/64/150 1217/77/116 1219/42/6 1114/42/4
f 1114/42/4 1115/71/4 1220/39/4 1219/42/4
f 1118/39/149 1120/32/153 1222/32/142 1224/39/4
f 1116/31/151 1117/42/149 1223/42/4 1221/31/143
f 1117/42/149 1118/39/149 1224/39/4 1223/42/4
f 1123/69/116 1217/77/116 1221/31/143 1126/67/143
f 1119/70/152 1218/76/115 1222/32/142 1120/32/153
f 1217/77/116 1113/64/150 1116/31/151 1221/31/143
f 1220/39/6 1125/39/6 1121/60/115 1218/76/115
f 1217/77/116 1123/69/116 1124/42/6 1219/42/6
f 1219/42/4 1220/39/4 1125/39/4 1124/42/4
f 1224/39/4 1222/32/142 1122/32/142 1128/66/4
f 1221/31/143 1223/42/4 1127/42/4 1126/67/143
f 1223/42/4 1224/39/4 1128/66/4 1127/42/4
f 1218/76/115 1121/60/115 1122/32/142 1222/32/142
f 1239/58/170 1226/78/171 1230/35/172 1240/35/173
f 1243/73/174 1225/25/175 1229/25/176 1246/25/177
f 1246/25/177 1229/25/176 1231/43/40 1247/75/40
f 1247/75/40 1231/43/40 1232/41/40 1248/74/40
f 1248/74/40 1232/41/40 1230/35/172 1242/35/173
f 1243/73/174 1244/43/38 1227/43/38 1225/25/175
f 1244/43/184 1227/43/40 1228/72/40 1245/72/185
f 1245/72/34 1241/58/170 1226/78/171 1228/72/34
f 1225/25/175 1233/25/174 1236/63/177 1229/25/176
f 1229/25/176 1236/63/177 1237/62/40 1231/43/40
f 1231/43/40 1237/62/40 1238/41/40 1232/41/40
f 1232/41/40 1238/41/40 1240/35/173 1230/35/172
f 1225/25/175 1227/43/38 1234/43/38 1233/25/174
f 1227/43/40 1234/43/186 1235/41/187 1228/72/40
f 1228/72/34 1226/78/171 1239/58/170 1235/41/34
f 1226/78/171 1241/58/170 1242/35/173 1230/35/172
f 1234/13/186 1227/13/188 1244/13/184 1114/13/189 1219/13/188 1124/13/190
f 1124/13/190 1125/13/191 1235/13/187 1234/13/186
f 1114/13/189 1244/13/184 1245/13/185 1115/13/192
f 1235/13/187 1125/13/191 1220/13/193 1115/13/192 1245/13/185 1228/13/193
f 1151/4/1 1149/6/1 1249/5/1 1250/3/1
f 1153/11/3 1155/1/3 1252/2/3 1251/12/3
s 0
f 1259/20/3 1258/16/3 1255/14/3 1254/15/3 1257/18/3 1256/21/3 1253/22/3
f 1266/22/1 1263/19/1 1262/18/1 1265/15/1 1264/17/1 1261/16/1 1260/20/1
f 1274/25/2 1277/26/2 1301/3/2 1275/27/2
f 1275/27/3 1301/3/3 1272/5/3 1276/28/3
f 1270/29/4 1273/4/4 1271/6/4 1267/30/4
f 1270/31/6 1280/31/6 1286/32/6 1267/32/6
f 1273/33/3 1275/27/3 1276/28/3 1271/34/3
f 1270/31/2 1274/25/2 1275/27/2 1273/33/2
f 1278/35/5 1268/35/5 1269/36/5 1279/36/5
f 1288/37/6 1279/38/6 1269/38/6 1277/37/6
f 1271/34/5 1276/28/5 1268/35/5 1267/32/5
f 1301/3/6 1277/37/6 1269/38/6 1272/5/6
f 1274/25/2 1283/25/2 1288/26/2 1277/26/2
f 1276/28/5 1272/5/5 1269/36/5 1268/35/5
f 1270/31/1 1267/32/1 1268/35/1 1274/25/1
f 1280/31/3 1283/25/3 1278/35/3 1286/32/3
f 1283/25/2 1284/27/2 1291/3/2 1288/26/2
f 1284/27/1 1285/28/1 1282/5/1 1291/3/1
f 1280/29/4 1286/30/4 1281/6/4 1287/4/4
f 1287/33/1 1281/34/1 1285/28/1 1284/27/1
f 1280/31/2 1287/33/2 1284/27/2 1283/25/2
f 1281/34/5 1286/32/5 1278/35/5 1285/28/5
f 1291/3/6 1282/5/6 1279/38/6 1288/37/6
f 1285/28/5 1278/35/5 1279/36/5 1282/5/5
f 1274/25/4 1268/35/4 1278/35/4 1283/25/4
f 1290/4/3 1291/3/3 1282/5/3 1289/6/3
f 1298/20/3 1297/16/3 1294/14/3 1293/15/3 1296/18/3 1295/21/3 1292/22/3
f 1299/11/1 1272/12/1 1301/2/1 1300/1/1
f 1308/22/1 1305/19/1 1304/18/1 1307/15/1 1306/17/1 1303/16/1 1302/20/1
s 1
f 1313/46/116 1316/47/143 1315/48/143 1314/49/116
f 1314/49/116 1319/50/6 1310/51/6 1309/52/6 1317/53/6 1313/46/116
f 1315/48/143 1316/47/143 1318/54/4 1312/55/4 1311/56/4 1320/57/4
f 1321/46/115 1322/49/115 1323/48/142 1324/47/142
f 1322/49/115 1321/46/115 1325/53/6 1309/52/6 1310/51/6 1327/50/6
f 1323/48/142 1328/57/4 1311/56/4 1312/55/4 1326/54/4 1324/47/142
f 1333/25/197 1335/35/196 1331/35/198 1329/25/199
f 1334/31/194 1330/31/200 1332/32/201 1336/32/195
f 1409/41/206 1413/58/207 1339/35/208 1349/41/209
f 1381/59/6 1351/39/210 1340/32/211 1378/60/93
f 1375/31/95 1338/31/212 1352/42/213 1379/42/6
f 1352/42/213 1350/43/214 1349/41/209 1351/39/210
f 1408/43/216 1409/41/206 1349/41/209 1350/43/214
f 1407/25/217 1408/43/216 1350/43/214 1337/25/215
f 1346/42/218 1345/39/202 1347/40/205 1348/43/219
f 1379/42/6 1352/42/213 1351/39/210 1381/59/6
f 1357/31/222 1356/25/223 1313/35/224 1358/32/225
f 1356/25/223 1353/25/226 1321/35/227 1313/35/224
f 1354/31/228 1355/32/229 1321/35/227 1353/25/226
f 1357/31/222 1358/32/225 1355/32/229 1354/31/228
f 1412/41/23 1371/41/233 1361/35/234 1414/35/235
f 1389/61/4 1386/32/94 1362/32/236 1373/39/142
f 1383/31/96 1387/42/4 1374/42/142 1360/31/237
f 1374/42/142 1373/39/142 1371/41/233 1372/43/233
f 1360/31/237 1374/42/142 1372/43/233 1359/25/238
f 1411/62/23 1372/43/233 1371/41/233 1412/41/23
f 1410/63/239 1359/25/238 1372/43/233 1411/62/23
f 1368/42/143 1370/43/230 1369/40/230 1367/39/143
f 1364/31/240 1363/25/241 1370/43/230 1368/42/143
f 1387/42/4 1389/61/4 1373/39/142 1374/42/142
f 1333/25/197 1329/25/199 1353/25/226 1356/25/223
f 1330/31/200 1334/31/194 1357/31/222 1354/31/228
f 1336/32/195 1332/32/201 1355/32/229 1358/32/225
f 1331/35/198 1335/35/196 1313/35/224 1321/35/227
f 1407/25/217 1337/25/215 1359/25/238 1410/63/239
f 1376/64/4 1342/31/220 1364/31/240 1384/65/149
f 1378/60/93 1340/32/211 1362/32/236 1386/32/94
f 1415/58/242 1343/35/204 1365/35/231 1416/35/235
f 1344/32/203 1377/32/149 1385/32/149 1366/32/232
f 1399/60/93 1378/60/93 1386/32/94 1400/32/94
f 1338/31/212 1375/31/95 1383/31/96 1360/31/237
f 1391/64/149 1376/64/4 1384/65/149 1394/31/149
f 1368/42/143 1367/39/143 1390/39/149 1388/42/149
f 1405/42/4 1406/66/4 1389/61/4 1387/42/4
f 1364/31/240 1368/42/143 1388/42/149 1384/65/149
f 1404/67/96 1405/42/4 1387/42/4 1383/31/96
f 1367/39/143 1366/32/232 1385/32/149 1390/39/149
f 1406/66/4 1400/32/94 1386/32/94 1389/61/4
f 1346/42/218 1380/68/4 1382/39/149 1345/39/202
f 1402/42/6 1379/42/6 1381/59/6 1403/39/6
f 1342/31/220 1376/64/4 1380/68/4 1346/42/218
f 1401/69/95 1375/31/95 1379/42/6 1402/42/6
f 1345/39/202 1382/39/149 1377/32/149 1344/32/203
f 1403/39/6 1381/59/6 1378/60/93 1399/60/93
f 1377/32/149 1397/70/149 1398/32/149 1385/32/149
f 1388/42/149 1390/39/149 1396/39/149 1395/42/149
f 1384/65/149 1388/42/149 1395/42/149 1394/31/149
f 1390/39/149 1385/32/149 1398/32/149 1396/39/149
f 1380/68/4 1392/42/4 1393/71/4 1382/39/149
f 1376/64/4 1391/64/149 1392/42/4 1380/68/4
f 1382/39/149 1393/71/4 1397/70/149 1377/32/149
f 1375/31/95 1401/69/95 1404/67/96 1383/31/96
f 1339/35/208 1413/58/207 1414/35/235 1361/35/234
f 1347/40/205 1343/35/204 1415/58/242 1419/72/206
f 1348/43/219 1347/40/205 1419/72/206 1418/43/216
f 1341/25/221 1348/43/219 1418/43/216 1417/73/217
f 1369/40/230 1422/74/23 1416/35/235 1365/35/231
f 1370/43/230 1421/75/23 1422/74/23 1369/40/230
f 1363/25/241 1420/25/239 1421/75/23 1370/43/230
f 1341/25/221 1417/73/217 1420/25/239 1363/25/241
f 1423/11/161 1424/12/160 1426/2/155 1425/1/154
f 1427/6/94 1428/5/93 1424/7/160 1423/8/161
f 1425/9/154 1429/4/96 1427/6/94 1423/10/161
f 1430/3/95 1426/44/155 1424/45/160 1428/5/93
f 1437/4/157 1438/3/156 1436/5/158 1435/6/159
f 1433/9/96 1437/4/157 1435/6/159 1431/10/94
f 1438/3/156 1434/44/95 1432/45/93 1436/5/158
f 1449/71/6 1442/39/6 1440/76/93 1453/70/243
f 1447/64/244 1439/77/95 1441/42/6 1448/42/6
f 1448/42/245 1449/71/246 1442/39/4 1441/42/4
f 1452/39/4 1454/32/247 1444/32/94 1446/39/4
f 1450/31/248 1451/42/4 1445/42/4 1443/31/96
f 1451/42/4 1452/39/4 1446/39/4 1445/42/4
f 1457/69/244 1439/77/95 1443/31/96 1460/67/248
f 1453/70/243 1440/76/93 1444/32/94 1454/32/247
f 1439/77/95 1447/64/244 1450/31/248 1443/31/96
f 1442/39/6 1459/39/6 1455/60/243 1440/76/93
f 1439/77/95 1457/69/244 1458/42/6 1441/42/6
f 1441/42/4 1442/39/4 1459/39/249 1458/42/250
f 1446/39/4 1444/32/94 1456/32/247 1462/66/4
f 1443/31/96 1445/42/4 1461/42/4 1460/67/248
f 1445/42/4 1446/39/4 1462/66/4 1461/42/4
f 1440/76/93 1455/60/243 1456/32/247 1444/32/94
f 1477/58/251 1464/78/252 1468/35/253 1478/35/254
f 1481/73/255 1463/25/256 1467/25/257 1484/25/258
f 1484/25/258 1467/25/257 1469/43/23 1485/75/23
f 1485/75/23 1469/43/23 1470/41/23 1486/74/23
f 1486/74/23 1470/41/23 1468/35/253 1480/35/254
f 1481/73/255 1482/43/21 1465/43/21 1463/25/256
f 1482/43/259 1465/43/23 1466/72/23 1483/72/260
f 1483/72/17 1479/58/251 1464/78/252 1466/72/17
f 1463/25/256 1471/25/255 1474/63/258 1467/25/257
f 1467/25/257 1474/63/258 1475/62/23 1469/43/23
f 1469/43/23 1475/62/23 1476/41/23 1470/41/23
f 1470/41/23 1476/41/23 1478/35/254 1468/35/253
f 1463/25/256 1465/43/21 1472/43/21 1471/25/255
f 1465/43/23 1472/43/261 1473/41/262 1466/72/23
f 1466/72/17 1464/78/252 1477/58/251 1473/41/17
f 1464/78/252 1479/58/251 1480/35/254 1468/35/253
f 1472/13/261 1465/13/263 1482/13/259 1448/13/245 1441/13/263 1458/13/250
f 1458/13/250 1459/13/249 1473/13/262 1472/13/261
f 1448/13/245 1482/13/259 1483/13/260 1449/13/246
f 1473/13/262 1459/13/249 1442/13/264 1449/13/246 1483/13/260 1466/13/264
f 1489/4/2 1490/3/2 1488/5/2 1487/6/2
f 1491/11/5 1492/12/5 1494/2/5 1493/1/5
f 1393/71/4 1498/39/6 1496/76/93 1397/70/149
f 1391/64/149 1495/77/95 1497/42/6 1392/42/4
f 1392/42/4 1393/71/4 1498/39/4 1497/42/4
f 1396/39/149 1398/32/149 1500/32/94 1502/39/4
f 1394/31/149 1395/42/149 1501/42/4 1499/31/96
f 1395/42/149 1396/39/149 1502/39/4 1501/42/4
f 1401/69/95 1495/77/95 1499/31/96 1404/67/96
f 1397/70/149 1496/76/93 1500/32/94 1398/32/149
f 1495/77/95 1391/64/149 1394/31/149 1499/31/96
f 1498/39/6 1403/39/6 1399/60/93 1496/76/93
f 1495/77/95 1401/69/95 1402/42/6 1497/42/6
f 1497/42/4 1498/39/4 1403/39/4 1402/42/4
f 1502/39/4 1500/32/94 1400/32/94 1406/66/4
f 1499/31/96 1501/42/4 1405/42/4 1404/67/96
f 1501/42/4 1502/39/4 1406/66/4 1405/42/4
f 1496/76/93 1399/60/93 1400/32/94 1500/32/94
f 1517/58/251 1504/78/252 1508/35/253 1518/35/254
f 1521/73/255 1503/25/256 1507/25/257 1524/25/258
f 1524/25/258 1507/25/257 1509/43/23 1525/75/23
f 1525/75/23 1509/43/23 1510/41/23 1526/74/23
f 1526/74/23 1510/41/23 1508/35/253 1520/35/254
f 1521/73/255 1522/43/21 1505/43/21 1503/25/256
f 1522/43/265 1505/43/23 1506/72/23 1523/72/266
f 1523/72/17 1519/58/251 1504/78/252 1506/72/17
f 1503/25/256 1511/25/255 1514/63/258 1507/25/257
f 1507/25/257 1514/63/258 1515/62/23 1509/43/23
f 1509/43/23 1515/62/23 1516/41/23 1510/41/23
f 1510/41/23 1516/41/23 1518/35/254 1508/35/253
f 1503/25/256 1505/43/21 1512/43/21 1511/25/255
f 1505/43/23 1512/43/267 1513/41/268 1506/72/23
f 1506/72/17 1504/78/252 1517/58/251 1513/41/17
f 1504/78/252 1519/58/251 1520/35/254 1508/35/253
f 1512/13/267 1505/13/269 1522/13/265 1392/13/270 1497/13/269 1402/13/271
f 1402/13/271 1403/13/272 1513/13/268 1512/13/267
f 1392/13/270 1522/13/265 1523/13/266 1393/13/273
f 1513/13/268 1403/13/272 1498/13/274 1393/13/273 1523/13/266 1506/13/274
f 1429/4/5 1427/6/5 1527/5/5 1528/3/5
f 1431/11/2 1433/1/2 1530/2/2 1529/12/2
s 0
f 1537/20/2 1536/16/2 1533/14/2 1532/15/2 1535/18/2 1534/21/2 1531/22/2
f 1544/22/5 1541/19/5 1540/18/5 1543/15/5 1542/17/5 1539/16/5 1538/20/5
f 1553/25/1 1556/26/1 1552/3/1 1554/27/1
f 1554/27/2 1552/3/2 1550/5/2 1555/28/2
f 1548/29/4 1551/4/4 1549/6/4 1545/30/4
f 1548/31/6 1559/31/6 1566/32/6 1545/32/6
f 1551/33/2 1554/27/2 1555/28/2 1549/34/2
f 1548/31/1 1553/25/1 1554/27/1 1551/33/1
f 1557/35/3 1546/35/3 1547/36/3 1558/36/3
f 1568/37/6 1558/38/6 1547/38/6 1556/37/6
f 1549/34/3 1555/28/3 1546/35/3 1545/32/3
f 1552/3/6 1556/37/6 1547/38/6 1550/5/6
f 1553/25/1 1563/25/1 1568/26/1 1556/26/1
f 1555/28/3 1550/5/3 1547/36/3 1546/35/3
f 1548/31/5 1545/32/5 1546/35/5 1553/25/5
f 1559/31/2 1563/25/2 1557/35/2 1566/32/2
f 1563/25/1 1564/27/1 1562/3/1 1568/26/1
f 1564/27/5 1565/28/5 1561/5/5 1562/3/5
f 1559/29/4 1566/30/4 1560/6/4 1567/4/4
f 1567/33/5 1560/34/5 1565/28/5 1564/27/5
f 1559/31/1 1567/33/1 1564/27/1 1563/25/1
f 1560/34/3 1566/32/3 1557/35/3 1565/28/3
f 1562/3/6 1561/5/6 1558/38/6 1568/37/6
f 1565/28/3 1557/35/3 1558/36/3 1561/5/3
f 1553/25/4 1546/35/4 1557/35/4 1563/25/4
f 1570/4/2 1562/3/2 1561/5/2 1569/6/2
f 1577/20/2 1576/16/2 1573/14/2 1572/15/2 1575/18/2 1574/21/2 1571/22/2
f 1578/11/5 1550/12/5 1552/2/5 1579/1/5
f 1586/22/5 1583/19/5 1582/18/5 1585/15/5 1584/17/5 1581/16/5 1580/20/5
f 1587/11/1 1588/12/1 1590/2/1 1589/1/1
f 1593/4/3 1594/3/3 1592/5/3 1591/6/3
f 1591/6/5 1592/5/5 1588/7/5 1587/8/5
f 1589/9/4 1593/4/4 1591/6/4 1587/10/4
f 1594/3/6 1590/44/6 1588/45/6 1592/5/6
f 1601/25/2 1604/26/2 326/3/2 1602/27/2
f 1602/27/3 326/3/3 324/5/3 1603/28/3
f 1598/29/4 1600/4/4 1599/6/4 1595/30/4
f 1598/31/6 1607/31/6 1614/32/6 1595/32/6
f 1600/33/3 1602/27/3 1603/28/3 1599/34/3
f 1598/31/2 1601/25/2 1602/27/2 1600/33/2
f 1605/35/5 1596/35/5 1597/36/5 1606/36/5
f 1616/37/6 1606/38/6 1597/38/6 1604/37/6
f 1599/34/5 1603/28/5 1596/35/5 1595/32/5
f 326/3/6 1604/37/6 1597/38/6 324/5/6
f 1601/25/2 1611/25/2 1616/26/2 1604/26/2
f 1603/28/5 324/5/5 1597/36/5 1596/35/5
f 1598/31/1 1595/32/1 1596/35/1 1601/25/1
f 1607/31/3 1611/25/3 1605/35/3 1614/32/3
f 1611/25/2 1612/27/2 1610/3/2 1616/26/2
f 1612/27/1 1613/28/1 1609/5/1 1610/3/1
f 1607/29/4 1614/30/4 1608/6/4 1615/4/4
f 1615/33/1 1608/34/1 1613/28/1 1612/27/1
f 1607/31/2 1615/33/2 1612/27/2 1611/25/2
f 1608/34/5 1614/32/5 1605/35/5 1613/28/5
f 1610/3/6 1609/5/6 1606/38/6 1616/37/6
f 1613/28/5 1605/35/5 1606/36/5 1609/5/5
f 1601/25/4 1596/35/4 1605/35/4 1611/25/4
f 1623/20/3 1622/16/3 1619/14/3 1618/15/3 1621/18/3 1620/21/3 1617/22/3
f 1630/22/1 1627/19/1 1626/18/1 1629/15/1 1628/17/1 1625/16/1 1624/20/1
f 1654/42/3 1652/43/3 1651/41/3 1653/39/3
f 1650/43/37 1649/40/37 1651/41/37 1652/43/37
f 1648/42/1 1647/39/1 1649/40/1 1650/43/1
f 1648/42/6 1654/42/6 1653/39/6 1647/39/6
f 1660/31/3 1659/25/3 1661/35/3 1662/32/3
f 1659/25/6 1655/25/6 1657/35/6 1661/35/6
f 1656/31/1 1658/32/1 1657/35/1 1655/25/1
f 1660/31/4 1662/32/4 1658/32/4 1656/31/4
f 1673/40/40 1675/41/40 1665/35/40 1669/35/40
f 1671/39/4 1670/32/4 1666/32/4 1677/39/4
f 1668/31/4 1672/42/4 1678/42/4 1664/31/4
f 1678/42/1 1677/39/1 1675/41/1 1676/43/1
f 1664/31/1 1678/42/1 1676/43/1 1663/25/1
f 1674/43/40 1676/43/40 1675/41/40 1673/40/40
f 1667/25/40 1663/25/40 1676/43/40 1674/43/40
f 1672/42/3 1674/43/3 1673/40/3 1671/39/3
f 1668/31/3 1667/25/3 1674/43/3 1672/42/3
f 1672/42/4 1671/39/4 1677/39/4 1678/42/4
f 1679/11/3 1680/12/3 1682/2/3 1681/1/3
f 1685/4/1 1686/3/1 1684/5/1 1683/6/1
f 1683/6/2 1684/5/2 1680/7/2 1679/8/2
f 1681/9/4 1685/4/4 1683/6/4 1679/10/4
f 1686/3/6 1682/44/6 1680/45/6 1684/5/6
f 1695/25/5 1698/26/5 1694/3/5 1696/27/5
f 1696/27/1 1694/3/1 1692/5/1 1697/28/1
f 1690/29/4 1693/4/4 1691/6/4 1687/30/4
f 1690/31/6 1701/31/6 1706/32/6 1687/32/6
f 1693/33/1 1696/27/1 1697/28/1 1691/34/1
f 1690/31/5 1695/25/5 1696/27/5 1693/33/5
f 1699/35/2 1688/35/2 1689/36/2 1700/36/2
f 1708/37/6 1700/38/6 1689/38/6 1698/37/6
f 1691/34/2 1697/28/2 1688/35/2 1687/32/2
f 1694/3/6 1698/37/6 1689/38/6 1692/5/6
f 1695/25/5 1703/25/5 1708/26/5 1698/26/5
f 1697/28/2 1692/5/2 1689/36/2 1688/35/2
f 1690/31/3 1687/32/3 1688/35/3 1695/25/3
f 1701/31/1 1703/25/1 1699/35/1 1706/32/1
f 1703/25/5 1704/27/5 372/3/5 1708/26/5
f 1704/27/3 1705/28/3 370/5/3 372/3/3
f 1701/29/4 1706/30/4 1702/6/4 1707/4/4
f 1707/33/3 1702/34/3 1705/28/3 1704/27/3
f 1701/31/5 1707/33/5 1704/27/5 1703/25/5
f 1702/34/2 1706/32/2 1699/35/2 1705/28/2
f 372/3/6 370/5/6 1700/38/6 1708/37/6
f 1705/28/2 1699/35/2 1700/36/2 370/5/2
f 1695/25/4 1688/35/4 1699/35/4 1703/25/4
f 1715/20/1 1714/16/1 1711/14/1 1710/15/1 1713/18/1 1712/21/1 1709/22/1
f 1722/22/3 1719/19/3 1718/18/3 1721/15/3 1720/17/3 1717/16/3 1716/20/3
f 1746/42/1 1744/43/1 1743/41/1 1745/39/1
f 1742/43/52 1741/40/52 1743/41/52 1744/43/52
f 1740/42/3 1739/39/3 1741/40/3 1742/43/3
f 1740/42/6 1746/42/6 1745/39/6 1739/39/6
f 1752/31/1 1751/25/1 1753/35/1 1754/32/1
f 1751/25/6 1747/25/6 1749/35/6 1753/35/6
f 1748/31/3 1750/32/3 1749/35/3 1747/25/3
f 1752/31/4 1754/32/4 1750/32/4 1748/31/4
f 1765/40/55 1767/41/55 1757/35/55 1761/35/55
f 1763/39/4 1762/32/4 1758/32/4 1769/39/4
f 1760/31/4 1764/42/4 1770/42/4 1756/31/4
f 1770/42/3 1769/39/3 1767/41/3 1768/43/3
f 1756/31/3 1770/42/3 1768/43/3 1755/25/3
f 1766/43/55 1768/43/55 1767/41/55 1765/40/55
f 1759/25/55 1755/25/55 1768/43/55 1766/43/55
f 1764/42/1 1766/43/1 1765/40/1 1763/39/1
f 1760/31/1 1759/25/1 1766/43/1 1764/42/1
f 1764/42/4 1763/39/4 1769/39/4 1770/42/4
f 323/11/1 324/12/1 326/2/1 325/1/1
f 344/22/1 341/19/1 340/18/1 343/15/1 342/17/1 339/16/1 338/20/1
f 371/4/1 372/3/1 370/5/1 369/6/1
f 379/20/1 378/16/1 375/14/1 374/15/1 377/18/1 376/21/1 373/22/1
f 417/1/3 418/2/3 422/3/3 421/4/3
f 443/20/3 442/16/3 439/14/3 438/15/3 441/18/3 440/21/3 437/22/3
f 495/11/3 496/12/3 498/2/3 497/1/3
f 524/22/3 521/19/3 520/18/3 523/15/3 522/17/3 519/16/3 518/20/3
f 1777/20/2 1776/16/2 1773/14/2 1772/15/2 1775/18/2 1774/21/2 1771/22/2
f 1784/22/5 1781/19/5 1780/18/5 1783/15/5 1782/17/5 1779/16/5 1778/20/5
f 1793/25/1 1796/26/1 1792/3/1 1794/27/1
f 1794/27/2 1792/3/2 1790/5/2 1795/28/2
f 1788/29/4 1791/4/4 1789/6/4 1785/30/4
f 1788/31/6 1799/31/6 1806/32/6 1785/32/6
f 1791/33/2 1794/27/2 1795/28/2 1789/34/2
f 1788/31/1 1793/25/1 1794/27/1 1791/33/1
f 1797/35/3 1786/35/3 1787/36/3 1798/36/3
f 1808/37/6 1798/38/6 1787/38/6 1796/37/6
f 1789/34/3 1795/28/3 1786/35/3 1785/32/3
f 1792/3/6 1796/37/6 1787/38/6 1790/5/6
f 1793/25/1 1803/25/1 1808/26/1 1796/26/1
f 1795/28/3 1790/5/3 1787/36/3 1786/35/3
f 1788/31/5 1785/32/5 1786/35/5 1793/25/5
f 1799/31/2 1803/25/2 1797/35/2 1806/32/2
f 1803/25/1 1804/27/1 1802/3/1 1808/26/1
f 1804/27/5 1805/28/5 1801/5/5 1802/3/5
f 1799/29/4 1806/30/4 1800/6/4 1807/4/4
f 1807/33/5 1800/34/5 1805/28/5 1804/27/5
f 1799/31/1 1807/33/1 1804/27/1 1803/25/1
f 1800/34/3 1806/32/3 1797/35/3 1805/28/3
f 1802/3/6 1801/5/6 1798/38/6 1808/37/6
f 1805/28/3 1797/35/3 1798/36/3 1801/5/3
f 1793/25/4 1786/35/4 1797/35/4 1803/25/4
f 1832/42/2 1830/43/2 1829/41/2 1831/39/2
f 1828/43/20 1827/40/20 1829/41/20 1830/43/20
f 1826/42/5 1825/39/5 1827/40/5 1828/43/5
f 1826/42/6 1832/42/6 1831/39/6 1825/39/6
f 1838/31/2 1837/25/2 1839/35/2 1840/32/2
f 1837/25/6 1833/25/6 1835/35/6 1839/35/6
f 1834/31/5 1836/32/5 1835/35/5 1833/25/5
f 1838/31/4 1840/32/4 1836/32/4 1834/31/4
f 1851/40/23 1853/41/23 1843/35/23 1847/35/23
f 1849/39/4 1848/32/4 1844/32/4 1855/39/4
f 1846/31/4 1850/42/4 1856/42/4 1842/31/4
f 1856/42/5 1855/39/5 1853/41/5 1854/43/5
f 1842/31/5 1856/42/5 1854/43/5 1841/25/5
f 1852/43/23 1854/43/23 1853/41/23 1851/40/23
f 1845/25/23 1841/25/23 1854/43/23 1852/43/23
f 1850/42/2 1852/43/2 1851/40/2 1849/39/2
f 1846/31/2 1845/25/2 1852/43/2 1850/42/2
f 1850/42/4 1849/39/4 1855/39/4 1856/42/4
f 1857/11/5 1858/12/5 1860/2/5 1859/1/5
f 1863/4/2 1864/3/2 1862/5/2 1861/6/2
f 1861/6/3 1862/5/3 1858/7/3 1857/8/3
f 1859/9/4 1863/4/4 1861/6/4 1857/10/4
f 1864/3/6 1860/44/6 1858/45/6 1862/5/6
s 1
f 1869/46/93 1872/47/94 1871/48/94 1870/49/93
f 1870/49/93 1875/50/6 1866/51/6 1865/52/6 1873/53/6 1869/46/93
f 1871/48/94 1872/47/94 1874/54/4 1868/55/4 1867/56/4 1876/57/4
f 1877/46/95 1878/49/95 1879/48/96 1880/47/96
f 1878/49/95 1877/46/95 1881/53/6 1865/52/6 1866/51/6 1883/50/6
f 1879/48/96 1884/57/4 1867/56/4 1868/55/4 1882/54/4 1880/47/96
f 1965/41/109 1969/58/278 1895/35/279 1905/41/112
f 1937/59/6 1907/39/113 1896/32/114 1934/60/115
f 1913/31/127 1912/25/128 1869/35/129 1914/32/130
f 1912/25/128 1909/25/131 1877/35/132 1869/35/129
f 1910/31/133 1911/32/134 1877/35/132 1909/25/131
f 1913/31/127 1914/32/130 1911/32/134 1910/31/133
f 1968/41/40 1927/41/138 1917/35/139 1970/35/281
f 1945/61/4 1942/32/142 1918/32/141 1929/39/96
f 1939/31/143 1943/42/4 1930/42/96 1916/31/144
f 1930/42/96 1929/39/96 1927/41/138 1928/43/138
f 1916/31/144 1930/42/96 1928/43/138 1915/25/145
f 1967/62/40 1928/43/138 1927/41/138 1968/41/40
f 1966/63/146 1915/25/145 1928/43/138 1967/62/40
f 1924/42/94 1926/43/135 1925/40/135 1923/39/94
f 1920/31/147 1919/25/148 1926/43/135 1924/42/94
f 1943/42/4 1945/61/4 1929/39/96 1930/42/96
f 1892/32/98 1888/32/104 1911/32/134 1914/32/130
f 1887/35/101 1891/35/99 1869/35/129 1877/35/132
f 1934/60/115 1896/32/114 1918/32/141 1942/32/142
f 1971/58/110 1899/35/277 1921/35/136 1972/35/140
f 1900/32/106 1933/32/149 1941/32/6 1922/32/137
f 1955/60/115 1934/60/115 1942/32/142 1956/32/142
f 1924/42/94 1923/39/94 1946/39/6 1944/42/149
f 1961/42/4 1962/66/4 1945/61/4 1943/42/4
f 1920/31/147 1924/42/94 1944/42/149 1940/65/4
f 1960/67/143 1961/42/4 1943/42/4 1939/31/143
f 1923/39/94 1922/32/137 1941/32/6 1946/39/6
f 1962/66/4 1956/32/142 1942/32/142 1945/61/4
f 1901/39/105 1938/39/149 1933/32/149 1900/32/106
f 1959/39/6 1937/59/6 1934/60/115 1955/60/115
f 1933/32/149 1953/70/149 1954/32/149 1941/32/6
f 1944/42/149 1946/39/6 1952/39/149 1951/42/4
f 1940/65/4 1944/42/149 1951/42/4 1950/31/4
f 1946/39/6 1941/32/6 1954/32/149 1952/39/149
f 1938/39/149 1949/71/4 1953/70/149 1933/32/149
f 1895/35/279 1969/58/278 1970/35/281 1917/35/139
f 1903/40/108 1899/35/277 1971/58/110 1975/72/109
f 1925/40/135 1978/74/40 1972/35/140 1921/35/136
f 1926/43/135 1977/75/40 1978/74/40 1925/40/135
f 1919/25/148 1976/25/146 1977/75/40 1926/43/135
f 1979/11/154 1980/12/155 1982/2/156 1981/1/157
f 1983/6/142 1984/5/115 1980/7/155 1979/8/154
f 1981/9/157 1985/4/143 1983/6/142 1979/10/154
f 1986/3/116 1982/44/156 1980/45/155 1984/5/115
f 1993/4/159 1994/3/158 1992/5/160 1991/6/161
f 1989/9/143 1993/4/159 1991/6/161 1987/10/142
f 1994/3/158 1990/44/116 1988/45/115 1992/5/160
f 2005/71/6 1998/39/6 1996/76/115 2009/70/162
f 2004/42/164 2005/71/165 1998/39/4 1997/42/4
f 2008/39/4 2010/32/166 2000/32/142 2002/39/4
f 2006/31/167 2007/42/4 2001/42/4 1999/31/143
f 2007/42/4 2008/39/4 2002/39/4 2001/42/4
f 2009/70/162 1996/76/115 2000/32/142 2010/32/166
f 1998/39/6 2015/39/6 2011/60/162 1996/76/115
f 1995/77/116 2013/69/163 2014/42/6 1997/42/6
f 1997/42/4 1998/39/4 2015/39/168 2014/42/169
f 2002/39/4 2000/32/142 2012/32/166 2018/66/4
f 1999/31/143 2001/42/4 2017/42/4 2016/67/167
f 2001/42/4 2002/39/4 2018/66/4 2017/42/4
f 1996/76/115 2011/60/162 2012/32/166 2000/32/142
f 2033/58/170 2020/78/171 2024/35/172 2034/35/173
f 2040/25/177 2023/25/176 2025/43/40 2041/75/40
f 2041/75/40 2025/43/40 2026/41/40 2042/74/40
f 2042/74/40 2026/41/40 2024/35/172 2036/35/173
f 2038/43/178 2021/43/40 2022/72/40 2039/72/179
f 2039/72/34 2035/58/170 2020/78/171 2022/72/34
f 2023/25/176 2030/63/177 2031/62/40 2025/43/40
f 2025/43/40 2031/62/40 2032/41/40 2026/41/40
f 2026/41/40 2032/41/40 2034/35/173 2024/35/172
f 2021/43/40 2028/43/180 2029/41/181 2022/72/40
f 2022/72/34 2020/78/171 2033/58/170 2029/41/34
f 2020/78/171 2035/58/170 2036/35/173 2024/35/172
f 2014/13/169 2015/13/168 2029/13/181 2028/13/180
f 2029/13/181 2015/13/168 1998/13/183 2005/13/165 2039/13/179 2022/13/183
f 2045/4/3 2046/3/3 2044/5/3 2043/6/3
f 2047/11/1 2048/12/1 2050/2/1 2049/1/1
f 1949/71/4 2054/39/6 2052/76/115 1953/70/149
f 1948/42/4 1949/71/4 2054/39/4 2053/42/4
f 1952/39/149 1954/32/149 2056/32/142 2058/39/4
f 1950/31/4 1951/42/4 2057/42/4 2055/31/143
f 1951/42/4 1952/39/149 2058/39/4 2057/42/4
f 1953/70/149 2052/76/115 2056/32/142 1954/32/149
f 2054/39/6 1959/39/6 1955/60/115 2052/76/115
f 2053/42/4 2054/39/4 1959/39/4 1958/42/4
f 2058/39/4 2056/32/142 1956/32/142 1962/66/4
f 2055/31/143 2057/42/4 1961/42/4 1960/67/143
f 2057/42/4 2058/39/4 1962/66/4 1961/42/4
f 2052/76/115 1955/60/115 1956/32/142 2056/32/142
f 2073/58/170 2060/78/171 2064/35/172 2074/35/173
f 2080/25/177 2063/25/176 2065/43/40 2081/75/40
f 2081/75/40 2065/43/40 2066/41/40 2082/74/40
f 2082/74/40 2066/41/40 2064/35/172 2076/35/173
f 2078/43/184 2061/43/40 2062/72/40 2079/72/185
f 2079/72/34 2075/58/170 2060/78/171 2062/72/34
f 2063/25/176 2070/63/177 2071/62/40 2065/43/40
f 2065/43/40 2071/62/40 2072/41/40 2066/41/40
f 2066/41/40 2072/41/40 2074/35/173 2064/35/172
f 2061/43/40 2068/43/186 2069/41/187 2062/72/40
f 2062/72/34 2060/78/171 2073/58/170 2069/41/34
f 2060/78/171 2075/58/170 2076/35/173 2064/35/172
f 2069/13/187 1959/13/191 2054/13/282 1949/13/192 2079/13/185 2062/13/282
f 1985/4/1 1983/6/1 2083/5/1 2084/3/1
f 1987/11/3 1989/1/3 2086/2/3 2085/12/3
s 0
f 2093/20/3 2092/16/3 2089/14/3 2088/15/3 2091/18/3 2090/21/3 2087/22/3
f 2100/22/1 2097/19/1 2096/18/1 2099/15/1 2098/17/1 2095/16/1 2094/20/1
f 2107/25/2 2110/26/2 348/3/2 2108/27/2
f 2108/27/3 348/3/3 346/5/3 2109/28/3
f 2104/29/4 2106/4/4 2105/6/4 2101/30/4
f 2106/33/3 2108/27/3 2109/28/3 2105/34/3
f 2104/31/2 2107/25/2 2108/27/2 2106/33/2
f 2111/35/5 2102/35/5 2103/36/5 2112/36/5
f 2120/37/6 2112/38/6 2103/38/6 2110/37/6
f 2105/34/5 2109/28/5 2102/35/5 2101/32/5
f 348/3/6 2110/37/6 2103/38/6 346/5/6
f 2107/25/2 2115/25/2 2120/26/2 2110/26/2
f 2109/28/5 346/5/5 2103/36/5 2102/35/5
f 2104/31/1 2101/32/1 2102/35/1 2107/25/1
f 2113/31/3 2115/25/3 2111/35/3 2118/32/3
f 2115/25/2 2116/27/2 330/3/2 2120/26/2
f 2116/27/1 2117/28/1 328/5/1 330/3/1
f 2113/29/4 2118/30/4 2114/6/4 2119/4/4
f 2119/33/1 2114/34/1 2117/28/1 2116/27/1
f 2113/31/2 2119/33/2 2116/27/2 2115/25/2
f 2114/34/5 2118/32/5 2111/35/5 2117/28/5
f 330/3/6 328/5/6 2112/38/6 2120/37/6
f 2117/28/5 2111/35/5 2112/36/5 328/5/5
f 2107/25/4 2102/35/4 2111/35/4 2115/25/4
f 329/4/3 330/3/3 328/5/3 327/6/3
f 337/20/3 336/16/3 333/14/3 332/15/3 335/18/3 334/21/3 331/22/3
f 345/11/1 346/12/1 348/2/1 347/1/1
f 364/22/1 361/19/1 360/18/1 363/15/1 362/17/1 359/16/1 358/20/1
s 1
f 2125/46/95 2128/47/96 2127/48/96 2126/49/95
f 2126/49/95 2131/50/6 2122/51/6 2121/52/6 2129/53/6 2125/46/95
f 2127/48/96 2128/47/96 2130/54/4 2124/55/4 2123/56/4 2132/57/4
f 2133/46/93 2134/49/93 2135/48/94 2136/47/94
f 2134/49/93 2133/46/93 2137/53/6 2121/52/6 2122/51/6 2139/50/6
f 2135/48/94 2140/57/4 2123/56/4 2124/55/4 2138/54/4 2136/47/94
f 2145/25/101 2147/35/102 2143/35/100 2141/25/99
f 2146/31/104 2142/31/98 2144/32/97 2148/32/103
f 2221/41/287 2225/58/288 2151/35/289 2161/41/290
f 2193/59/6 2163/39/291 2152/32/292 2190/60/116
f 2187/31/115 2150/31/293 2164/42/294 2191/42/6
f 2164/42/294 2162/43/295 2161/41/290 2163/39/291
f 2220/43/297 2221/41/287 2161/41/290 2162/43/295
f 2219/25/298 2220/43/297 2162/43/295 2149/25/296
f 2158/42/299 2157/39/283 2159/40/286 2160/43/300
f 2191/42/6 2164/42/294 2163/39/291 2193/59/6
f 2169/31/134 2168/25/132 2125/35/131 2170/32/133
f 2168/25/132 2165/25/129 2133/35/128 2125/35/131
f 2166/31/130 2167/32/127 2133/35/128 2165/25/129
f 2169/31/134 2170/32/133 2167/32/127 2166/31/130
f 2224/41/55 2183/41/306 2173/35/307 2226/35/308
f 2201/61/4 2198/32/143 2174/32/309 2185/39/94
f 2195/31/142 2199/42/4 2186/42/94 2172/31/310
f 2186/42/94 2185/39/94 2183/41/306 2184/43/306
f 2172/31/310 2186/42/94 2184/43/306 2171/25/311
f 2223/62/55 2184/43/306 2183/41/306 2224/41/55
f 2222/63/312 2171/25/311 2184/43/306 2223/62/55
f 2180/42/96 2182/43/303 2181/40/303 2179/39/96
f 2176/31/313 2175/25/314 2182/43/303 2180/42/96
f 2199/42/4 2201/61/4 2185/39/94 2186/42/94
f 2145/25/101 2141/25/99 2165/25/129 2168/25/132
f 2142/31/98 2146/31/104 2169/31/134 2166/31/130
f 2148/32/103 2144/32/97 2167/32/127 2170/32/133
f 2143/35/100 2147/35/102 2125/35/131 2133/35/128
f 2219/25/298 2149/25/296 2171/25/311 2222/63/312
f 2188/64/6 2154/31/301 2176/31/313 2196/65/6
f 2190/60/116 2152/32/292 2174/32/309 2198/32/143
f 2227/58/315 2155/35/285 2177/35/304 2228/35/316
f 2156/32/284 2189/32/4 2197/32/4 2178/32/305
f 2211/60/116 2190/60/116 2198/32/143 2212/32/143
f 2150/31/293 2187/31/115 2195/31/142 2172/31/310
f 2203/64/4 2188/64/6 2196/65/6 2206/31/4
f 2180/42/96 2179/39/96 2202/39/6 2200/42/6
f 2217/42/4 2218/66/4 2201/61/4 2199/42/4
f 2176/31/313 2180/42/96 2200/42/6 2196/65/6
f 2216/67/142 2217/42/4 2199/42/4 2195/31/142
f 2179/39/96 2178/32/305 2197/32/4 2202/39/6
f 2218/66/4 2212/32/143 2198/32/143 2201/61/4
f 2158/42/299 2192/68/4 2194/39/4 2157/39/283
f 2214/42/6 2191/42/6 2193/59/6 2215/39/6
f 2154/31/301 2188/64/6 2192/68/4 2158/42/299
f 2213/69/115 2187/31/115 2191/42/6 2214/42/6
f 2157/39/283 2194/39/4 2189/32/4 2156/32/284
f 2215/39/6 2193/59/6 2190/60/116 2211/60/116
f 2189/32/4 2209/70/4 2210/32/4 2197/32/4
f 2200/42/6 2202/39/6 2208/39/149 2207/42/149
f 2196/65/6 2200/42/6 2207/42/149 2206/31/4
f 2202/39/6 2197/32/4 2210/32/4 2208/39/149
f 2192/68/4 2204/42/4 2205/71/4 2194/39/4
f 2188/64/6 2203/64/4 2204/42/4 2192/68/4
f 2194/39/4 2205/71/4 2209/70/4 2189/32/4
f 2187/31/115 2213/69/115 2216/67/142 2195/31/142
f 2151/35/289 2225/58/288 2226/35/308 2173/35/307
f 2159/40/286 2155/35/285 2227/58/315 2231/72/287
f 2160/43/300 2159/40/286 2231/72/287 2230/43/297
f 2153/25/302 2160/43/300 2230/43/297 2229/73/298
f 2181/40/303 2234/74/55 2228/35/316 2177/35/304
f 2182/43/303 2233/75/55 2234/74/55 2181/40/303
f 2175/25/314 2232/25/312 2233/75/55 2182/43/303
f 2153/25/302 2229/73/298 2232/25/312 2175/25/314
f 2235/11/159 2236/12/158 2238/2/160 2237/1/161
f 2239/6/143 2240/5/116 2236/7/158 2235/8/159
f 2237/9/161 2241/4/142 2239/6/143 2235/10/159
f 2242/3/115 2238/44/160 2236/45/158 2240/5/116
f 2249/4/154 2250/3/155 2248/5/156 2247/6/157
f 2245/9/142 2249/4/154 2247/6/157 2243/10/143
f 2250/3/155 2246/44/115 2244/45/116 2248/5/156
f 2261/71/6 2254/39/6 2252/76/116 2265/70/163
f 2259/64/162 2251/77/115 2253/42/6 2260/42/6
f 2260/42/317 2261/71/318 2254/39/4 2253/42/4
f 2264/39/4 2266/32/167 2256/32/143 2258/39/4
f 2262/31/166 2263/42/4 2257/42/4 2255/31/142
f 2263/42/4 2264/39/4 2258/39/4 2257/42/4
f 2269/69/162 2251/77/115 2255/31/142 2272/67/166
f 2265/70/163 2252/76/116 2256/32/143 2266/32/167
f 2251/77/115 2259/64/162 2262/31/166 2255/31/142
f 2254/39/6 2271/39/6 2267/60/163 2252/76/116
f 2251/77/115 2269/69/162 2270/42/6 2253/42/6
f 2253/42/4 2254/39/4 2271/39/319 2270/42/320
f 2258/39/4 2256/32/143 2268/32/167 2274/66/4
f 2255/31/142 2257/42/4 2273/42/4 2272/67/166
f 2257/42/4 2258/39/4 2274/66/4 2273/42/4
f 2252/76/116 2267/60/163 2268/32/167 2256/32/143
f 2289/58/321 2276/78/322 2280/35/323 2290/35/324
f 2293/73/325 2275/25/326 2279/25/327 2296/25/328
f 2296/25/328 2279/25/327 2281/43/55 2297/75/55
f 2297/75/55 2281/43/55 2282/41/55 2298/74/55
f 2298/74/55 2282/41/55 2280/35/323 2292/35/324
f 2293/73/325 2294/43/53 2277/43/53 2275/25/326
f 2294/43/329 2277/43/55 2278/72/55 2295/72/330
f 2295/72/49 2291/58/321 2276/78/322 2278/72/49
f 2275/25/326 2283/25/325 2286/63/328 2279/25/327
f 2279/25/327 2286/63/328 2287/62/55 2281/43/55
f 2281/43/55 2287/62/55 2288/41/55 2282/41/55
f 2282/41/55 2288/41/55 2290/35/324 2280/35/323
f 2275/25/326 2277/43/53 2284/43/53 2283/25/325
f 2277/43/55 2284/43/331 2285/41/332 2278/72/55
f 2278/72/49 2276/78/322 2289/58/321 2285/41/49
f 2276/78/322 2291/58/321 2292/35/324 2280/35/323
f 2284/13/331 2277/13/333 2294/13/329 2260/13/317 2253/13/333 2270/13/320
f 2270/13/320 2271/13/319 2285/13/332 2284/13/331
f 2260/13/317 2294/13/329 2295/13/330 2261/13/318
f 2285/13/332 2271/13/319 2254/13/334 2261/13/318 2295/13/330 2278/13/334
f 2301/4/1 2302/3/1 2300/5/1 2299/6/1
f 2303/11/3 2304/12/3 2306/2/3 2305/1/3
f 2205/71/4 2310/39/6 2308/76/116 2209/70/4
f 2203/64/4 2307/77/115 2309/42/6 2204/42/4
f 2204/42/4 2205/71/4 2310/39/4 2309/42/4
f 2208/39/149 2210/32/4 2312/32/143 2314/39/4
f 2206/31/4 2207/42/149 2313/42/4 2311/31/142
f 2207/42/149 2208/39/149 2314/39/4 2313/42/4
f 2213/69/115 2307/77/115 2311/31/142 2216/67/142
f 2209/70/4 2308/76/116 2312/32/143 2210/32/4
f 2307/77/115 2203/64/4 2206/31/4 2311/31/142
f 2310/39/6 2215/39/6 2211/60/116 2308/76/116
f 2307/77/115 2213/69/115 2214/42/6 2309/42/6
f 2309/42/4 2310/39/4 2215/39/4 2214/42/4
f 2314/39/4 2312/32/143 2212/32/143 2218/66/4
f 2311/31/142 2313/42/4 2217/42/4 2216/67/142
f 2313/42/4 2314/39/4 2218/66/4 2217/42/4
f 2308/76/116 2211/60/116 2212/32/143 2312/32/143
f 2329/58/321 2316/78/322 2320/35/323 2330/35/324
f 2333/73/325 2315/25/326 2319/25/327 2336/25/328
f 2336/25/328 2319/25/327 2321/43/55 2337/75/55
f 2337/75/55 2321/43/55 2322/41/55 2338/74/55
f 2338/74/55 2322/41/55 2320/35/323 2332/35/324
f 2333/73/325 2334/43/53 2317/43/53 2315/25/326
f 2334/43/335 2317/43/55 2318/72/55 2335/72/336
f 2335/72/49 2331/58/321 2316/78/322 2318/72/49
f 2315/25/326 2323/25/325 2326/63/328 2319/25/327
f 2319/25/327 2326/63/328 2327/62/55 2321/43/55
f 2321/43/55 2327/62/55 2328/41/55 2322/41/55
f 2322/41/55 2328/41/55 2330/35/324 2320/35/323
f 2315/25/326 2317/43/53 2324/43/53 2323/25/325
f 2317/43/55 2324/43/337 2325/41/338 2318/72/55
f 2318/72/49 2316/78/322 2329/58/321 2325/41/49
f 2316/78/322 2331/58/321 2332/35/324 2320/35/323
f 2324/13/337 2317/13/339 2334/13/335 2204/13/340 2309/13/339 2214/13/341
f 2214/13/341 2215/13/342 2325/13/338 2324/13/337
f 2204/13/340 2334/13/335 2335/13/336 2205/13/343
f 2325/13/338 2215/13/342 2310/13/344 2205/13/343 2335/13/336 2318/13/344
f 2241/4/3 2239/6/3 2339/5/3 2340/3/3
f 2243/11/1 2245/1/1 2342/2/1 2341/12/1
s 0
f 2351/25/5 2354/26/5 2350/3/5 2352/27/5
f 2352/27/1 2350/3/1 2348/5/1 2353/28/1
f 2346/29/4 2349/4/4 2347/6/4 2343/30/4
f 2346/31/6 2357/31/6 2364/32/6 2343/32/6
f 2349/33/1 2352/27/1 2353/28/1 2347/34/1
f 2346/31/5 2351/25/5 2352/27/5 2349/33/5
f 2355/35/2 2344/35/2 2345/36/2 2356/36/2
f 2366/37/6 2356/38/6 2345/38/6 2354/37/6
f 2347/34/2 2353/28/2 2344/35/2 2343/32/2
f 2350/3/6 2354/37/6 2345/38/6 2348/5/6
f 2351/25/5 2361/25/5 2366/26/5 2354/26/5
f 2353/28/2 2348/5/2 2345/36/2 2344/35/2
f 2346/31/3 2343/32/3 2344/35/3 2351/25/3
f 2357/31/1 2361/25/1 2355/35/1 2364/32/1
f 2361/25/5 2362/27/5 2360/3/5 2366/26/5
f 2362/27/3 2363/28/3 2359/5/3 2360/3/3
f 2357/29/4 2364/30/4 2358/6/4 2365/4/4
f 2365/33/3 2358/34/3 2363/28/3 2362/27/3
f 2357/31/5 2365/33/5 2362/27/5 2361/25/5
f 2358/34/2 2364/32/2 2355/35/2 2363/28/2
f 2360/3/6 2359/5/6 2356/38/6 2366/37/6
f 2363/28/2 2355/35/2 2356/36/2 2359/5/2
f 2351/25/4 2344/35/4 2355/35/4 2361/25/4
f 2373/20/1 2372/16/1 2369/14/1 2368/15/1 2371/18/1 2370/21/1 2367/22/1
f 2380/22/3 2377/19/3 2376/18/3 2379/15/3 2378/17/3 2375/16/3 2374/20/3
s 1
f 2385/46/95 2388/47/96 2387/48/96 2386/49/95
f 2386/49/95 2391/50/6 2382/51/6 2381/52/6 2389/53/6 2385/46/95
f 2387/48/96 2388/47/96 2390/54/4 2384/55/4 2383/56/4 2392/57/4
f 2393/46/93 2394/49/93 2395/48/94 2396/47/94
f 2394/49/93 2393/46/93 2397/53/6 2381/52/6 2382/51/6 2399/50/6
f 2395/48/94 2400/57/4 2383/56/4 2384/55/4 2398/54/4 2396/47/94
f 2405/25/101 2407/35/102 2403/35/100 2401/25/99
f 2406/31/104 2402/31/98 2404/32/97 2408/32/103
f 2481/41/287 2485/58/288 2411/35/289 2421/41/290
f 2453/59/6 2423/39/291 2412/32/292 2450/60/116
f 2447/31/115 2410/31/293 2424/42/294 2451/42/6
f 2424/42/294 2422/43/295 2421/41/290 2423/39/291
f 2480/43/297 2481/41/287 2421/41/290 2422/43/295
f 2479/25/298 2480/43/297 2422/43/295 2409/25/296
f 2418/42/299 2417/39/283 2419/40/286 2420/43/300
f 2451/42/6 2424/42/294 2423/39/291 2453/59/6
f 2429/31/134 2428/25/132 2385/35/131 2430/32/133
f 2428/25/132 2425/25/129 2393/35/128 2385/35/131
f 2426/31/130 2427/32/127 2393/35/128 2425/25/129
f 2429/31/134 2430/32/133 2427/32/127 2426/31/130
f 2484/41/55 2443/41/306 2433/35/307 2486/35/308
f 2461/61/4 2458/32/143 2434/32/309 2445/39/94
f 2455/31/142 2459/42/4 2446/42/94 2432/31/310
f 2446/42/94 2445/39/94 2443/41/306 2444/43/306
f 2432/31/310 2446/42/94 2444/43/306 2431/25/311
f 2483/62/55 2444/43/306 2443/41/306 2484/41/55
f 2482/63/312 2431/25/311 2444/43/306 2483/62/55
f 2440/42/96 2442/43/303 2441/40/303 2439/39/96
f 2436/31/313 2435/25/345 2442/43/303 2440/42/96
f 2459/42/4 2461/61/4 2445/39/94 2446/42/94
f 2405/25/101 2401/25/99 2425/25/129 2428/25/132
f 2402/31/98 2406/31/104 2429/31/134 2426/31/130
f 2408/32/103 2404/32/97 2427/32/127 2430/32/133
f 2403/35/100 2407/35/102 2385/35/131 2393/35/128
f 2479/25/298 2409/25/296 2431/25/311 2482/63/312
f 2448/64/6 2414/31/301 2436/31/313 2456/65/6
f 2450/60/116 2412/32/292 2434/32/309 2458/32/143
f 2487/58/315 2415/35/285 2437/35/304 2488/35/316
f 2416/32/284 2449/32/346 2457/32/347 2438/32/305
f 2471/60/116 2450/60/116 2458/32/143 2472/32/143
f 2410/31/293 2447/31/115 2455/31/142 2432/31/310
f 2463/64/149 2448/64/6 2456/65/6 2466/31/149
f 2440/42/96 2439/39/96 2462/39/6 2460/42/149
f 2477/42/4 2478/66/4 2461/61/4 2459/42/4
f 2436/31/313 2440/42/96 2460/42/149 2456/65/6
f 2476/67/142 2477/42/4 2459/42/4 2455/31/142
f 2439/39/96 2438/32/305 2457/32/347 2462/39/6
f 2478/66/4 2472/32/143 2458/32/143 2461/61/4
f 2418/42/299 2452/68/149 2454/39/149 2417/39/283
f 2474/42/6 2451/42/6 2453/59/6 2475/39/6
f 2414/31/301 2448/64/6 2452/68/149 2418/42/299
f 2473/69/115 2447/31/115 2451/42/6 2474/42/6
f 2417/39/283 2454/39/149 2449/32/346 2416/32/284
f 2475/39/6 2453/59/6 2450/60/116 2471/60/116
f 2449/32/346 2469/70/6 2470/32/6 2457/32/347
f 2460/42/149 2462/39/6 2468/39/6 2467/42/6
f 2456/65/6 2460/42/149 2467/42/6 2466/31/149
f 2462/39/6 2457/32/347 2470/32/6 2468/39/6
f 2452/68/149 2464/42/4 2465/71/4 2454/39/149
f 2448/64/6 2463/64/149 2464/42/4 2452/68/149
f 2454/39/149 2465/71/4 2469/70/6 2449/32/346
f 2447/31/115 2473/69/115 2476/67/142 2455/31/142
f 2411/35/289 2485/58/288 2486/35/308 2433/35/307
f 2419/40/286 2415/35/285 2487/58/315 2491/72/287
f 2420/43/300 2419/40/286 2491/72/287 2490/43/297
f 2413/25/302 2420/43/300 2490/43/297 2489/73/298
f 2441/40/303 2494/74/55 2488/35/316 2437/35/304
f 2442/43/303 2493/75/55 2494/74/55 2441/40/303
f 2435/25/345 2492/25/312 2493/75/55 2442/43/303
f 2413/25/302 2489/73/298 2492/25/312 2435/25/345
f 2495/11/159 2496/12/158 2498/2/160 2497/1/161
f 2499/6/143 2500/5/116 2496/7/158 2495/8/159
f 2497/9/161 2501/4/142 2499/6/143 2495/10/159
f 2502/3/115 2498/44/160 2496/45/158 2500/5/116
f 2509/4/154 2510/3/155 2508/5/156 2507/6/157
f 2505/9/142 2509/4/154 2507/6/157 2503/10/143
f 2510/3/155 2506/44/115 2504/45/116 2508/5/156
f 2521/71/6 2514/39/6 2512/76/116 2525/70/163
f 2519/64/162 2511/77/115 2513/42/6 2520/42/6
f 2520/42/317 2521/71/318 2514/39/4 2513/42/4
f 2524/39/4 2526/32/167 2516/32/143 2518/39/4
f 2522/31/166 2523/42/4 2517/42/4 2515/31/142
f 2523/42/4 2524/39/4 2518/39/4 2517/42/4
f 2529/69/162 2511/77/115 2515/31/142 2532/67/166
f 2525/70/163 2512/76/116 2516/32/143 2526/32/167
f 2511/77/115 2519/64/162 2522/31/166 2515/31/142
f 2514/39/6 2531/39/6 2527/60/163 2512/76/116
f 2511/77/115 2529/69/162 2530/42/6 2513/42/6
f 2513/42/4 2514/39/4 2531/39/319 2530/42/320
f 2518/39/4 2516/32/143 2528/32/167 2534/66/4
f 2515/31/142 2517/42/4 2533/42/4 2532/67/166
f 2517/42/4 2518/39/4 2534/66/4 2533/42/4
f 2512/76/116 2527/60/163 2528/32/167 2516/32/143
f 2549/58/321 2536/78/322 2540/35/323 2550/35/324
f 2553/73/325 2535/25/326 2539/25/327 2556/25/328
f 2556/25/328 2539/25/327 2541/43/55 2557/75/55
f 2557/75/55 2541/43/55 2542/41/55 2558/74/55
f 2558/74/55 2542/41/55 2540/35/323 2552/35/324
f 2553/73/325 2554/43/53 2537/43/53 2535/25/326
f 2554/43/329 2537/43/55 2538/72/55 2555/72/330
f 2555/72/49 2551/58/321 2536/78/322 2538/72/49
f 2535/25/326 2543/25/325 2546/63/328 2539/25/327
f 2539/25/327 2546/63/328 2547/62/55 2541/43/55
f 2541/43/55 2547/62/55 2548/41/55 2542/41/55
f 2542/41/55 2548/41/55 2550/35/324 2540/35/323
f 2535/25/326 2537/43/53 2544/43/53 2543/25/325
f 2537/43/55 2544/43/331 2545/41/332 2538/72/55
f 2538/72/49 2536/78/322 2549/58/321 2545/41/49
f 2536/78/322 2551/58/321 2552/35/324 2540/35/323
f 2544/13/331 2537/13/333 2554/13/329 2520/13/317 2513/13/333 2530/13/320
f 2530/13/320 2531/13/319 2545/13/332 2544/13/331
f 2520/13/317 2554/13/329 2555/13/330 2521/13/318
f 2545/13/332 2531/13/319 2514/13/334 2521/13/318 2555/13/330 2538/13/334
f 2561/4/1 2562/3/1 2560/5/1 2559/6/1
f 2563/11/3 2564/12/3 2566/2/3 2565/1/3
f 2465/71/4 2570/39/6 2568/76/116 2469/70/6
f 2463/64/149 2567/77/115 2569/42/6 2464/42/4
f 2464/42/4 2465/71/4 2570/39/4 2569/42/4
f 2468/39/6 2470/32/6 2572/32/143 2574/39/4
f 2466/31/149 2467/42/6 2573/42/4 2571/31/142
f 2467/42/6 2468/39/6 2574/39/4 2573/42/4
f 2473/69/115 2567/77/115 2571/31/142 2476/67/142
f 2469/70/6 2568/76/116 2572/32/143 2470/32/6
f 2567/77/115 2463/64/149 2466/31/149 2571/31/142
f 2570/39/6 2475/39/6 2471/60/116 2568/76/116
f 2567/77/115 2473/69/115 2474/42/6 2569/42/6
f 2569/42/4 2570/39/4 2475/39/4 2474/42/4
f 2574/39/4 2572/32/143 2472/32/143 2478/66/4
f 2571/31/142 2573/42/4 2477/42/4 2476/67/142
f 2573/42/4 2574/39/4 2478/66/4 2477/42/4
f 2568/76/116 2471/60/116 2472/32/143 2572/32/143
f 2589/58/321 2576/78/322 2580/35/323 2590/35/324
f 2593/73/325 2575/25/326 2579/25/327 2596/25/328
f 2596/25/328 2579/25/327 2581/43/55 2597/75/55
f 2597/75/55 2581/43/55 2582/41/55 2598/74/55
f 2598/74/55 2582/41/55 2580/35/323 2592/35/324
f 2593/73/325 2594/43/53 2577/43/53 2575/25/326
f 2594/43/335 2577/43/55 2578/72/55 2595/72/336
f 2595/72/49 2591/58/321 2576/78/322 2578/72/49
f 2575/25/326 2583/25/325 2586/63/328 2579/25/327
f 2579/25/327 2586/63/328 2587/62/55 2581/43/55
f 2581/43/55 2587/62/55 2588/41/55 2582/41/55
f 2582/41/55 2588/41/55 2590/35/324 2580/35/323
f 2575/25/326 2577/43/53 2584/43/53 2583/25/325
f 2577/43/55 2584/43/337 2585/41/338 2578/72/55
f 2578/72/49 2576/78/322 2589/58/321 2585/41/49
f 2576/78/322 2591/58/321 2592/35/324 2580/35/323
f 2584/13/337 2577/13/339 2594/13/335 2464/13/340 2569/13/339 2474/13/341
f 2474/13/341 2475/13/342 2585/13/338 2584/13/337
f 2464/13/340 2594/13/335 2595/13/336 2465/13/343
f 2585/13/338 2475/13/342 2570/13/348 2465/13/343 2595/13/336 2578/13/348
f 2501/4/3 2499/6/3 2599/5/3 2600/3/3
f 2503/11/1 2505/1/1 2602/2/1 2601/12/1
s 0
f 2609/25/5 2612/26/5 368/3/5 2610/27/5
f 2610/27/1 368/3/1 366/5/1 2611/28/1
f 2606/29/4 2608/4/4 2607/6/4 2603/30/4
f 2606/31/6 2615/31/6 2620/32/6 2603/32/6
f 2608/33/1 2610/27/1 2611/28/1 2607/34/1
f 2606/31/5 2609/25/5 2610/27/5 2608/33/5
f 2613/35/2 2604/35/2 2605/36/2 2614/36/2
f 2622/37/6 2614/38/6 2605/38/6 2612/37/6
f 2607/34/2 2611/28/2 2604/35/2 2603/32/2
f 368/3/6 2612/37/6 2605/38/6 366/5/6
f 2609/25/5 2617/25/5 2622/26/5 2612/26/5
f 2611/28/2 366/5/2 2605/36/2 2604/35/2
f 2606/31/3 2603/32/3 2604/35/3 2609/25/3
f 2615/31/1 2617/25/1 2613/35/1 2620/32/1
f 2617/25/5 2618/27/5 392/3/5 2622/26/5
f 2618/27/3 2619/28/3 390/5/3 392/3/3
f 2615/29/4 2620/30/4 2616/6/4 2621/4/4
f 2621/33/3 2616/34/3 2619/28/3 2618/27/3
f 2615/31/5 2621/33/5 2618/27/5 2617/25/5
f 2616/34/2 2620/32/2 2613/35/2 2619/28/2
f 392/3/6 390/5/6 2614/38/6 2622/37/6
f 2619/28/2 2613/35/2 2614/36/2 390/5/2
f 2609/25/4 2604/35/4 2613/35/4 2617/25/4
f 2629/20/1 2628/16/1 2625/14/1 2624/15/1 2627/18/1 2626/21/1 2623/22/1
f 2636/22/3 2633/19/3 2632/18/3 2635/15/3 2634/17/3 2631/16/3 2630/20/3
f 2637/11/1 2638/12/1 2640/2/1 2639/1/1
f 2639/1/2 2640/2/2 2644/3/2 2643/4/2
f 2643/4/3 2644/3/3 2642/5/3 2641/6/3
f 2641/6/5 2642/5/5 2638/7/5 2637/8/5
f 2639/9/4 2643/4/4 2641/6/4 2637/10/4
f 2644/3/6 2640/44/6 2638/45/6 2642/5/6
f 2651/20/3 2650/16/3 2647/14/3 2646/15/3 2649/18/3 2648/21/3 2645/22/3
f 2658/22/1 2655/19/1 2654/18/1 2657/15/1 2656/17/1 2653/16/1 2652/20/1
f 2659/11/1 2660/12/1 2662/2/1 2661/1/1
f 2661/1/2 2662/2/2 2640/3/2 2639/4/2
f 2637/6/5 2638/5/5 2660/7/5 2659/8/5
f 2661/9/4 2639/4/4 2637/6/4 2659/10/4
f 2640/3/6 2662/44/6 2660/45/6 2638/5/6
f 2669/20/3 2668/16/3 2665/14/3 2664/15/3 2667/18/3 2666/21/3 2663/22/3
f 2676/22/1 2673/19/1 2672/18/1 2675/15/1 2674/17/1 2671/16/1 2670/20/1
f 997/4/3 998/3/3 996/5/3 995/6/3
f 1023/20/3 1022/16/3 1019/14/3 1018/15/3 1021/18/3 1020/21/3 1017/22/3
f 2677/11/3 2678/12/3 2680/2/3 2679/1/3
f 2679/1/5 2680/2/5 2684/3/5 2683/4/5
f 2683/4/1 2684/3/1 2682/5/1 2681/6/1
f 2681/6/2 2682/5/2 2678/7/2 2677/8/2
f 2679/9/4 2683/4/4 2681/6/4 2677/10/4
f 2684/3/6 2680/44/6 2678/45/6 2682/5/6
f 2691/20/1 2690/16/1 2687/14/1 2686/15/1 2689/18/1 2688/21/1 2685/22/1
f 2698/22/3 2695/19/3 2694/18/3 2697/15/3 2696/17/3 2693/16/3 2692/20/3
f 2699/11/3 2700/12/3 2702/2/3 2701/1/3
f 2701/1/5 2702/2/5 2680/3/5 2679/4/5
f 2677/6/2 2678/5/2 2700/7/2 2699/8/2
f 2701/9/4 2679/4/4 2677/6/4 2699/10/4
f 2680/3/6 2702/44/6 2700/45/6 2678/5/6
f 2709/20/1 2708/16/1 2705/14/1 2704/15/1 2707/18/1 2706/21/1 2703/22/1
f 2716/22/3 2713/19/3 2712/18/3 2715/15/3 2714/17/3 2711/16/3 2710/20/3
f 2719/4/1 2720/3/1 2718/5/1 2717/6/1
f 2727/20/1 2726/16/1 2723/14/1 2722/15/1 2725/18/1 2724/21/1 2721/22/1
f 2730/1/3 2734/4/3 2735/3/3 2731/2/3
f 2734/4/2 2732/6/2 2733/5/2 2735/3/2
f 2732/6/1 2728/8/1 2729/7/1 2733/5/1
f 2730/9/4 2728/10/4 2732/6/4 2734/4/4
f 2736/11/1 2738/1/1 2739/2/1 2737/12/1
f 2738/1/5 2730/4/5 2731/3/5 2739/2/5
f 2728/6/2 2736/8/2 2737/7/2 2729/5/2
f 2738/9/4 2736/10/4 2728/6/4 2730/4/4
f 2731/13/6 2735/3/6 2733/5/6 2729/13/6
f 2737/7/6 2739/2/6 2731/13/6 2729/5/6
f 2746/20/2 2740/22/2 2743/21/2 2744/18/2 2741/15/2 2742/14/2 2745/16/2
f 2753/22/66 2747/20/66 2748/16/66 2751/17/66 2752/15/66 2749/18/66 2750/19/66
f 2760/20/65 2754/22/65 2757/21/65 2758/18/65 2755/15/65 2756/14/65 2759/16/65
f 2767/22/1 2761/20/1 2762/16/1 2765/17/1 2766/15/1 2763/18/1 2764/19/1
f 2774/20/2 2768/22/2 2771/21/2 2772/18/2 2769/15/2 2770/14/2 2773/16/2
f 2781/22/5 2775/20/5 2776/16/5 2779/17/5 2780/15/5 2777/18/5 2778/19/5
f 2790/25/3 2791/27/3 2789/3/3 2793/26/3
f 2791/27/2 2792/28/2 2787/5/2 2789/3/2
f 2785/29/4 2782/30/4 2786/6/4 2788/4/4
f 2785/31/6 2782/32/6 2803/32/6 2796/31/6
f 2788/33/2 2786/34/2 2792/28/2 2791/27/2
f 2785/31/3 2788/33/3 2791/27/3 2790/25/3
f 2794/35/1 2795/36/1 2784/36/1 2783/35/1
f 2805/37/6 2793/37/6 2784/38/6 2795/38/6
f 2786/34/1 2782/32/1 2783/35/1 2792/28/1
f 2789/3/6 2787/5/6 2784/38/6 2793/37/6
f 2790/25/3 2793/26/3 2805/26/3 2800/25/3
f 2792/28/1 2783/35/1 2784/36/1 2787/5/1
f 2785/31/5 2790/25/5 2783/35/5 2782/32/5
f 2796/31/2 2803/32/2 2794/35/2 2800/25/2
f 2800/25/3 2805/26/3 2799/3/3 2801/27/3
f 2801/27/5 2799/3/5 2798/5/5 2802/28/5
f 2796/29/4 2804/4/4 2797/6/4 2803/30/4
f 2804/33/5 2801/27/5 2802/28/5 2797/34/5
f 2796/31/3 2800/25/3 2801/27/3 2804/33/3
f 2797/34/1 2802/28/1 2794/35/1 2803/32/1
f 2799/3/6 2805/37/6 2795/38/6 2798/5/6
f 2802/28/1 2798/5/1 2795/36/1 2794/35/1
f 2790/25/4 2800/25/4 2794/35/4 2783/35/4
f 2829/42/2 2828/39/2 2826/41/2 2827/43/2
f 2825/43/354 2827/43/354 2826/41/354 2824/40/354
f 2823/42/5 2825/43/5 2824/40/5 2822/39/5
f 2823/42/6 2822/39/6 2828/39/6 2829/42/6
f 2835/31/2 2837/32/2 2836/35/2 2834/25/2
f 2834/25/6 2836/35/6 2832/35/6 2830/25/6
f 2831/31/5 2830/25/5 2832/35/5 2833/32/5
f 2835/31/4 2831/31/4 2833/32/4 2837/32/4
f 2848/40/357 2844/35/357 2840/35/357 2850/41/357
f 2846/39/4 2852/39/4 2841/32/4 2845/32/4
f 2843/31/4 2839/31/4 2853/42/4 2847/42/4
f 2853/42/5 2851/43/5 2850/41/5 2852/39/5
f 2839/31/5 2838/25/5 2851/43/5 2853/42/5
f 2849/43/357 2848/40/357 2850/41/357 2851/43/357
f 2842/25/357 2849/43/357 2851/43/357 2838/25/357
f 2847/42/2 2846/39/2 2848/40/2 2849/43/2
f 2843/31/2 2847/42/2 2849/43/2 2842/25/2
f 2847/42/4 2853/42/4 2852/39/4 2846/39/4
f 2854/11/5 2856/1/5 2857/2/5 2855/12/5
f 2860/4/2 2858/6/2 2859/5/2 2861/3/2
f 2858/6/1 2854/8/1 2855/7/1 2859/5/1
f 2856/9/4 2854/10/4 2858/6/4 2860/4/4
f 2861/3/6 2859/5/6 2855/45/6 2857/44/6
f 2862/11/3 2864/1/3 2865/2/3 2863/12/3
f 2868/4/1 2866/6/1 2867/5/1 2869/3/1
f 2866/6/5 2862/8/5 2863/7/5 2867/5/5
f 2864/9/4 2862/10/4 2866/6/4 2868/4/4
f 2869/3/6 2867/5/6 2863/45/6 2865/44/6
f 2878/25/2 2879/27/2 2877/3/2 2881/26/2
f 2879/27/1 2880/28/1 2875/5/1 2877/3/1
f 2873/29/4 2870/30/4 2874/6/4 2876/4/4
f 2873/31/6 2870/32/6 2891/32/6 2884/31/6
f 2876/33/1 2874/34/1 2880/28/1 2879/27/1
f 2873/31/2 2876/33/2 2879/27/2 2878/25/2
f 2882/35/5 2883/36/5 2872/36/5 2871/35/5
f 2893/37/6 2881/37/6 2872/38/6 2883/38/6
f 2874/34/5 2870/32/5 2871/35/5 2880/28/5
f 2877/3/6 2875/5/6 2872/38/6 2881/37/6
f 2878/25/2 2881/26/2 2893/26/2 2888/25/2
f 2880/28/5 2871/35/5 2872/36/5 2875/5/5
f 2873/31/3 2878/25/3 2871/35/3 2870/32/3
f 2884/31/1 2891/32/1 2882/35/1 2888/25/1
f 2888/25/2 2893/26/2 2887/3/2 2889/27/2
f 2889/27/3 2887/3/3 2886/5/3 2890/28/3
f 2884/29/4 2892/4/4 2885/6/4 2891/30/4
f 2892/33/3 2889/27/3 2890/28/3 2885/34/3
f 2884/31/2 2888/25/2 2889/27/2 2892/33/2
f 2885/34/5 2890/28/5 2882/35/5 2891/32/5
f 2887/3/6 2893/37/6 2883/38/6 2886/5/6
f 2890/28/5 2886/5/5 2883/36/5 2882/35/5
f 2878/25/4 2888/25/4 2882/35/4 2871/35/4
f 2900/20/1 2894/22/1 2897/21/1 2898/18/1 2895/15/1 2896/14/1 2899/16/1
f 2907/22/3 2901/20/3 2902/16/3 2905/17/3 2906/15/3 2903/18/3 2904/19/3
f 2931/42/1 2930/39/1 2928/41/1 2929/43/1
f 2927/43/37 2929/43/37 2928/41/37 2926/40/37
f 2925/42/3 2927/43/3 2926/40/3 2924/39/3
f 2925/42/6 2924/39/6 2930/39/6 2931/42/6
f 2937/31/1 2939/32/1 2938/35/1 2936/25/1
f 2936/25/6 2938/35/6 2934/35/6 2932/25/6
f 2933/31/3 2932/25/3 2934/35/3 2935/32/3
f 2937/31/4 2933/31/4 2935/32/4 2939/32/4
f 2950/40/40 2946/35/40 2942/35/40 2952/41/40
f 2948/39/4 2954/39/4 2943/32/4 2947/32/4
f 2945/31/4 2941/31/4 2955/42/4 2949/42/4
f 2955/42/3 2953/43/3 2952/41/3 2954/39/3
f 2941/31/3 2940/25/3 2953/43/3 2955/42/3
f 2951/43/40 2950/40/40 2952/41/40 2953/43/40
f 2944/25/40 2951/43/40 2953/43/40 2940/25/40
f 2949/42/1 2948/39/1 2950/40/1 2951/43/1
f 2945/31/1 2949/42/1 2951/43/1 2944/25/1
f 2949/42/4 2955/42/4 2954/39/4 2948/39/4
f 2956/11/1 2958/1/1 2959/2/1 2957/12/1
f 2962/4/3 2960/6/3 2961/5/3 2963/3/3
f 2960/6/2 2956/8/2 2957/7/2 2961/5/2
f 2958/9/4 2956/10/4 2960/6/4 2962/4/4
f 2963/3/6 2961/5/6 2957/45/6 2959/44/6
f 2972/25/5 2973/27/5 2971/3/5 2975/26/5
f 2973/27/3 2974/28/3 2969/5/3 2971/3/3
f 2967/29/4 2964/30/4 2968/6/4 2970/4/4
f 2967/31/6 2964/32/6 2985/32/6 2978/31/6
f 2970/33/3 2968/34/3 2974/28/3 2973/27/3
f 2967/31/5 2970/33/5 2973/27/5 2972/25/5
f 2976/35/2 2977/36/2 2966/36/2 2965/35/2
f 2987/37/6 2975/37/6 2966/38/6 2977/38/6
f 2968/34/2 2964/32/2 2965/35/2 2974/28/2
f 2971/3/6 2969/5/6 2966/38/6 2975/37/6
f 2972/25/5 2975/26/5 2987/26/5 2982/25/5
f 2974/28/2 2965/35/2 2966/36/2 2969/5/2
f 2967/31/1 2972/25/1 2965/35/1 2964/32/1
f 2978/31/3 2985/32/3 2976/35/3 2982/25/3
f 2982/25/5 2987/26/5 2981/3/5 2983/27/5
f 2983/27/1 2981/3/1 2980/5/1 2984/28/1
f 2978/29/4 2986/4/4 2979/6/4 2985/30/4
f 2986/33/1 2983/27/1 2984/28/1 2979/34/1
f 2978/31/5 2982/25/5 2983/27/5 2986/33/5
f 2979/34/2 2984/28/2 2976/35/2 2985/32/2
f 2981/3/6 2987/37/6 2977/38/6 2980/5/6
f 2984/28/2 2980/5/2 2977/36/2 2976/35/2
f 2972/25/4 2982/25/4 2976/35/4 2965/35/4
f 2994/20/3 2988/22/3 2991/21/3 2992/18/3 2989/15/3 2990/14/3 2993/16/3
f 3001/22/1 2995/20/1 2996/16/1 2999/17/1 3000/15/1 2997/18/1 2998/19/1
f 3025/42/3 3024/39/3 3022/41/3 3023/43/3
f 3021/43/52 3023/43/52 3022/41/52 3020/40/52
f 3019/42/1 3021/43/1 3020/40/1 3018/39/1
f 3019/42/6 3018/39/6 3024/39/6 3025/42/6
f 3031/31/3 3033/32/3 3032/35/3 3030/25/3
f 3030/25/6 3032/35/6 3028/35/6 3026/25/6
f 3027/31/1 3026/25/1 3028/35/1 3029/32/1
f 3031/31/4 3027/31/4 3029/32/4 3033/32/4
f 3044/40/55 3040/35/55 3036/35/55 3046/41/55
f 3042/39/4 3048/39/4 3037/32/4 3041/32/4
f 3039/31/4 3035/31/4 3049/42/4 3043/42/4
f 3049/42/1 3047/43/1 3046/41/1 3048/39/1
f 3035/31/1 3034/25/1 3047/43/1 3049/42/1
f 3045/43/55 3044/40/55 3046/41/55 3047/43/55
f 3038/25/55 3045/43/55 3047/43/55 3034/25/55
f 3043/42/3 3042/39/3 3044/40/3 3045/43/3
f 3039/31/3 3043/42/3 3045/43/3 3038/25/3
f 3043/42/4 3049/42/4 3048/39/4 3042/39/4
f 3052/1/2 3056/4/2 3057/3/2 3053/2/2
f 3054/6/5 3050/8/5 3051/7/5 3055/5/5
f 3052/9/4 3050/10/4 3054/6/4 3056/4/4
f 3057/3/6 3055/5/6 3051/45/6 3053/44/6
f 3074/1/2 3077/4/2 2887/3/2 3075/2/2
f 3077/4/1 3076/6/1 2886/5/1 2887/3/1
f 3076/6/5 3072/8/5 3073/7/5 2886/5/5
f 3074/9/4 3072/10/4 3076/6/4 3077/4/4
f 2887/3/6 2886/5/6 3073/45/6 3075/44/6
f 3084/20/1 3078/22/1 3081/21/1 3082/18/1 3079/15/1 3080/14/1 3083/16/1
f 3094/1/5 3098/4/5 3099/3/5 3095/2/5
f 3096/6/2 3092/8/2 3093/7/2 3097/5/2
f 3094/9/4 3092/10/4 3096/6/4 3098/4/4
f 3099/3/6 3097/5/6 3093/45/6 3095/44/6
f 3114/11/1 3115/1/1 2971/2/1 2969/12/1
f 3115/1/5 3118/4/5 3119/3/5 2971/2/5
f 3116/6/2 3114/8/2 2969/7/2 3117/5/2
f 3115/9/4 3114/10/4 3116/6/4 3118/4/4
f 3119/3/6 3117/5/6 2969/45/6 2971/44/6
f 3133/22/1 3127/20/1 3128/16/1 3131/17/1 3132/15/1 3129/18/1 3130/19/1
f 3134/11/2 3136/1/2 3137/2/2 3135/12/2
f 3136/1/1 3140/4/1 3141/3/1 3137/2/1
f 3140/4/66 3138/6/66 3139/5/66 3141/3/66
f 3138/6/3 3134/8/3 3135/7/3 3139/5/3
f 3136/9/4 3134/10/4 3138/6/4 3140/4/4
f 3141/3/6 3139/5/6 3135/45/6 3137/44/6
f 3142/11/2 3144/1/2 3145/2/2 3143/12/2
f 3148/4/5 3146/6/5 3147/5/5 3149/3/5
f 3146/6/65 3142/8/65 3143/7/65 3147/5/65
f 3144/9/4 3142/10/4 3146/6/4 3148/4/4
f 3149/3/6 3147/5/6 3143/45/6 3145/44/6
f 3156/20/66 3150/22/66 3153/21/66 3154/18/66 3151/15/66 3152/14/66 3155/16/66
f 3163/22/2 3157/20/2 3158/16/2 3161/17/2 3162/15/2 3159/18/2 3160/19/2
f 3177/22/65 3171/20/65 3172/16/65 3175/17/65 3176/15/65 3173/18/65 3174/19/65
f 3178/11/3 3180/1/3 3181/2/3 3179/12/3
f 3180/1/2 3184/4/2 3185/3/2 3181/2/2
f 3184/4/13 3182/6/13 3183/5/13 3185/3/13
f 3182/6/5 3178/8/5 3179/7/5 3183/5/5
f 3180/9/4 3178/10/4 3182/6/4 3184/4/4
f 3185/3/6 3183/5/6 3179/45/6 3181/44/6
f 3186/11/3 3188/1/3 3189/2/3 3187/12/3
f 3188/1/2 3192/4/2 3193/3/2 3189/2/2
f 3192/4/1 3190/6/1 3191/5/1 3193/3/1
f 3190/6/10 3186/8/10 3187/7/10 3191/5/10
f 3188/9/4 3186/10/4 3190/6/4 3192/4/4
f 3193/3/6 3191/5/6 3187/45/6 3189/44/6
f 3200/20/13 3194/22/13 3197/21/13 3198/18/13 3195/15/13 3196/14/13 3199/16/13
f 3207/22/3 3201/20/3 3202/16/3 3205/17/3 3206/15/3 3203/18/3 3204/19/3
f 3214/20/2 3208/22/2 3211/21/2 3212/18/2 3209/15/2 3210/14/2 3213/16/2
f 3221/22/10 3215/20/10 3216/16/10 3219/17/10 3220/15/10 3217/18/10 3218/19/10
f 3224/1/5 3228/4/5 3229/3/5 3225/2/5
f 3228/4/10 3226/6/10 3227/5/10 3229/3/10
f 3226/6/2 3222/8/2 3223/7/2 3227/5/2
f 3224/9/4 3222/10/4 3226/6/4 3228/4/4
f 3229/3/6 3227/5/6 3223/45/6 3225/44/6
f 3230/11/1 3232/1/1 3233/2/1 3231/12/1
f 3232/1/5 3236/4/5 3237/3/5 3233/2/5
f 3236/4/3 3234/6/3 3235/5/3 3237/3/3
f 3234/6/13 3230/8/13 3231/7/13 3235/5/13
f 3232/9/4 3230/10/4 3234/6/4 3236/4/4
f 3237/3/6 3235/5/6 3231/45/6 3233/44/6
f 3244/20/10 3238/22/10 3241/21/10 3242/18/10 3239/15/10 3240/14/10 3243/16/10
f 3258/20/5 3252/22/5 3255/21/5 3256/18/5 3253/15/5 3254/14/5 3257/16/5
f 3265/22/13 3259/20/13 3260/16/13 3263/17/13 3264/15/13 3261/18/13 3262/19/13
f 3266/11/5 3268/1/5 3269/2/5 3267/12/5
f 3268/1/3 3272/4/3 3273/3/3 3269/2/3
f 3272/4/65 3270/6/65 3271/5/65 3273/3/65
f 3270/6/1 3266/8/1 3267/7/1 3271/5/1
f 3268/9/4 3266/10/4 3270/6/4 3272/4/4
f 3273/3/6 3271/5/6 3267/45/6 3269/44/6
f 3274/11/5 3276/1/5 3277/2/5 3275/12/5
f 3276/1/3 3280/4/3 3281/3/3 3277/2/3
f 3280/4/2 3278/6/2 3279/5/2 3281/3/2
f 3278/6/66 3274/8/66 3275/7/66 3279/5/66
f 3276/9/4 3274/10/4 3278/6/4 3280/4/4
f 3281/3/6 3279/5/6 3275/45/6 3277/44/6
f 3288/20/65 3282/22/65 3285/21/65 3286/18/65 3283/15/65 3284/14/65 3287/16/65
f 3295/22/5 3289/20/5 3290/16/5 3293/17/5 3294/15/5 3291/18/5 3292/19/5
f 3302/20/3 3296/22/3 3299/21/3 3300/18/3 3297/15/3 3298/14/3 3301/16/3
f 3309/22/66 3303/20/66 3304/16/66 3307/17/66 3308/15/66 3305/18/66 3306/19/66
f 3312/1/365 3316/4/365 3317/3/365 3313/2/365
f 3316/4/5 3314/6/5 3315/5/5 3317/3/5
f 3314/6/366 3310/8/366 3311/7/366 3315/5/366
f 3312/9/4 3310/10/4 3314/6/4 3316/4/4
f 3320/1/2 3312/4/2 3313/3/2 3321/2/2
f 3310/6/5 3318/8/5 3319/7/5 3311/5/5
f 3320/9/4 3318/10/4 3310/6/4 3312/4/4
f 3313/13/6 3317/3/6 3315/5/6 3311/13/6
f 3319/7/6 3321/2/6 3313/13/6 3311/5/6
f 3328/20/66 3322/22/66 3325/21/66 3326/18/66 3323/15/66 3324/14/66 3327/16/66
f 3342/20/5 3336/22/5 3339/21/5 3340/18/5 3337/15/5 3338/14/5 3341/16/5
f 3349/22/65 3343/20/65 3344/16/65 3347/17/65 3348/15/65 3345/18/65 3346/19/65
f 3350/11/2 3352/1/2 3353/2/2 3351/12/2
f 3352/1/1 3356/4/1 3357/3/1 3353/2/1
f 3356/4/5 3354/6/5 3355/5/5 3357/3/5
f 3354/6/3 3350/8/3 3351/7/3 3355/5/3
f 3352/9/4 3350/10/4 3354/6/4 3356/4/4
f 3357/3/6 3355/5/6 3351/45/6 3353/44/6
f 3364/20/5 3358/22/5 3361/21/5 3362/18/5 3359/15/5 3360/14/5 3363/16/5
f 3371/22/2 3365/20/2 3366/16/2 3369/17/2 3370/15/2 3367/18/2 3368/19/2
f 3372/11/5 3374/1/5 3375/2/5 3373/12/5
f 3374/1/3 3378/4/3 3379/3/3 3375/2/3
f 3378/4/2 3376/6/2 3377/5/2 3379/3/2
f 3376/6/1 3372/8/1 3373/7/1 3377/5/1
f 3374/9/4 3372/10/4 3376/6/4 3378/4/4
f 3379/3/6 3377/5/6 3373/45/6 3375/44/6
f 3386/20/2 3380/22/2 3383/21/2 3384/18/2 3381/15/2 3382/14/2 3385/16/2
f 3393/22/5 3387/20/5 3388/16/5 3391/17/5 3392/15/5 3389/18/5 3390/19/5
f 3396/1/372 3400/4/372 3401/3/372 3397/2/372
f 3398/6/373 3394/8/373 3395/7/373 3399/5/373
f 3396/9/4 3394/10/4 3398/6/4 3400/4/4
f 3402/11/5 3404/1/5 3405/2/5 3403/12/5
f 3404/1/3 3396/4/3 3397/3/3 3405/2/3
f 3394/6/1 3402/8/1 3403/7/1 3395/5/1
f 3404/9/4 3402/10/4 3394/6/4 3396/4/4
f 3397/13/6 3401/3/6 3399/5/6 3395/13/6
f 3403/7/6 3405/2/6 3397/13/6 3395/5/6
f 3412/20/13 3406/22/13 3409/21/13 3410/18/13 3407/15/13 3408/14/13 3411/16/13
f 3419/22/5 3413/20/5 3414/16/5 3417/17/5 3418/15/5 3415/18/5 3416/19/5
f 3433/22/10 3427/20/10 3428/16/10 3431/17/10 3432/15/10 3429/18/10 3430/19/10
f 3436/1/3 3440/4/3 3441/3/3 3437/2/3
f 3440/4/2 3438/6/2 3439/5/2 3441/3/2
f 3438/6/1 3434/8/1 3435/7/1 3439/5/1
f 3436/9/4 3434/10/4 3438/6/4 3440/4/4
f 3441/3/6 3439/5/6 3435/45/6 3437/44/6
f 3448/20/2 3442/22/2 3445/21/2 3446/18/2 3443/15/2 3444/14/2 3447/16/2
f 3456/11/5 3458/1/5 3459/2/5 3457/12/5
f 3458/1/3 3462/4/3 3463/3/3 3459/2/3
f 3460/6/1 3456/8/1 3457/7/1 3461/5/1
f 3458/9/4 3456/10/4 3460/6/4 3462/4/4
f 3463/3/6 3461/5/6 3457/45/6 3459/44/6
f 3477/22/5 3471/20/5 3472/16/5 3475/17/5 3476/15/5 3473/18/5 3474/19/5
f 3480/1/3 3458/4/3 3459/3/3 3481/2/3
f 3456/6/1 3478/8/1 3479/7/1 3457/5/1
f 3480/9/4 3478/10/4 3456/6/4 3458/4/4
f 3459/3/6 3457/5/6 3479/45/6 3481/44/6
f 3488/20/2 3482/22/2 3485/21/2 3486/18/2 3483/15/2 3484/14/2 3487/16/2
f 3496/11/5 3498/1/5 3499/2/5 3497/12/5
f 3498/1/3 3502/4/3 3503/3/3 3499/2/3
f 3500/6/1 3496/8/1 3497/7/1 3501/5/1
f 3498/9/4 3496/10/4 3500/6/4 3502/4/4
f 3503/3/6 3501/5/6 3497/45/6 3499/44/6
f 3517/22/5 3511/20/5 3512/16/5 3515/17/5 3516/15/5 3513/18/5 3514/19/5
f 3520/1/3 3498/4/3 3499/3/3 3521/2/3
f 3496/6/1 3518/8/1 3519/7/1 3497/5/1
f 3520/9/4 3518/10/4 3496/6/4 3498/4/4
f 3499/3/6 3497/5/6 3519/45/6 3521/44/6
f 3528/20/2 3522/22/2 3525/21/2 3526/18/2 3523/15/2 3524/14/2 3527/16/2
f 3536/11/5 3538/1/5 3539/2/5 3537/12/5
f 3538/1/3 3542/4/3 3543/3/3 3539/2/3
f 3540/6/1 3536/8/1 3537/7/1 3541/5/1
f 3538/9/4 3536/10/4 3540/6/4 3542/4/4
f 3543/3/6 3541/5/6 3537/45/6 3539/44/6
f 3557/22/5 3551/20/5 3552/16/5 3555/17/5 3556/15/5 3553/18/5 3554/19/5
f 3560/1/371 3564/4/371 3565/3/371 3561/2/371
f 3564/4/2 3562/6/2 3563/5/2 3565/3/2
f 3562/6/379 3558/8/379 3559/7/379 3563/5/379
f 3560/9/4 3558/10/4 3562/6/4 3564/4/4
f 3568/1/5 3560/4/5 3561/3/5 3569/2/5
f 3558/6/2 3566/8/2 3567/7/2 3559/5/2
f 3568/9/4 3566/10/4 3558/6/4 3560/4/4
f 3561/13/6 3565/3/6 3563/5/6 3559/13/6
f 3567/7/6 3569/2/6 3561/13/6 3559/5/6
f 3576/20/65 3570/22/65 3573/21/65 3574/18/65 3571/15/65 3572/14/65 3575/16/65
f 3590/20/2 3584/22/2 3587/21/2 3588/18/2 3585/15/2 3586/14/2 3589/16/2
f 3597/22/66 3591/20/66 3592/16/66 3595/17/66 3596/15/66 3593/18/66 3594/19/66
f 3600/1/378 3604/4/378 3605/3/378 3601/2/378
f 3602/6/384 3598/8/384 3599/7/384 3603/5/384
f 3600/9/4 3598/10/4 3602/6/4 3604/4/4
f 3606/11/2 3608/1/2 3609/2/2 3607/12/2
f 3608/1/1 3600/4/1 3601/3/1 3609/2/1
f 3598/6/3 3606/8/3 3607/7/3 3599/5/3
f 3608/9/4 3606/10/4 3598/6/4 3600/4/4
f 3601/13/6 3605/3/6 3603/5/6 3599/13/6
f 3607/7/6 3609/2/6 3601/13/6 3599/5/6
f 3616/20/10 3610/22/10 3613/21/10 3614/18/10 3611/15/10 3612/14/10 3615/16/10
f 3623/22/2 3617/20/2 3618/16/2 3621/17/2 3622/15/2 3619/18/2 3620/19/2
f 3637/22/13 3631/20/13 3632/16/13 3635/17/13 3636/15/13 3633/18/13 3634/19/13
f 3638/11/2 3640/1/2 3641/2/2 3639/12/2
f 3640/1/1 3644/4/1 3645/3/1 3641/2/1
f 3644/4/5 3642/6/5 3643/5/5 3645/3/5
f 3642/6/3 3638/8/3 3639/7/3 3643/5/3
f 3640/9/4 3638/10/4 3642/6/4 3644/4/4
f 3645/3/6 3643/5/6 3639/45/6 3641/44/6
f 3652/20/5 3646/22/5 3649/21/5 3650/18/5 3647/15/5 3648/14/5 3651/16/5
f 3659/22/2 3653/20/2 3654/16/2 3657/17/2 3658/15/2 3655/18/2 3656/19/2
f 3660/11/5 3662/1/5 3663/2/5 3661/12/5
f 3662/1/3 3666/4/3 3667/3/3 3663/2/3
f 3666/4/2 3664/6/2 3665/5/2 3667/3/2
f 3664/6/1 3660/8/1 3661/7/1 3665/5/1
f 3662/9/4 3660/10/4 3664/6/4 3666/4/4
f 3667/3/6 3665/5/6 3661/45/6 3663/44/6
f 3674/20/2 3668/22/2 3671/21/2 3672/18/2 3669/15/2 3670/14/2 3673/16/2
f 3681/22/5 3675/20/5 3676/16/5 3679/17/5 3680/15/5 3677/18/5 3678/19/5
f 3378/1/3 3684/4/3 3685/3/3 3379/2/3
f 3684/4/2 3682/6/2 3683/5/2 3685/3/2
f 3682/6/1 3376/8/1 3377/7/1 3683/5/1
f 3378/9/4 3376/10/4 3682/6/4 3684/4/4
f 3685/3/6 3683/5/6 3377/45/6 3379/44/6
f 3692/20/2 3686/22/2 3689/21/2 3690/18/2 3687/15/2 3688/14/2 3691/16/2
f 3699/22/5 3693/20/5 3694/16/5 3697/17/5 3698/15/5 3695/18/5 3696/19/5
f 3684/1/3 3702/4/3 3703/3/3 3685/2/3
f 3702/4/2 3700/6/2 3701/5/2 3703/3/2
f 3700/6/1 3682/8/1 3683/7/1 3701/5/1
f 3684/9/4 3682/10/4 3700/6/4 3702/4/4
f 3703/3/6 3701/5/6 3683/45/6 3685/44/6
f 3710/20/2 3704/22/2 3707/21/2 3708/18/2 3705/15/2 3706/14/2 3709/16/2
f 3717/22/5 3711/20/5 3712/16/5 3715/17/5 3716/15/5 3713/18/5 3714/19/5
f 3720/1/372 3724/4/372 3725/3/372 3721/2/372
f 3722/6/373 3718/8/373 3719/7/373 3723/5/373
f 3720/9/4 3718/10/4 3722/6/4 3724/4/4
f 3726/11/5 3728/1/5 3729/2/5 3727/12/5
f 3728/1/3 3720/4/3 3721/3/3 3729/2/3
f 3718/6/1 3726/8/1 3727/7/1 3719/5/1
f 3728/9/4 3726/10/4 3718/6/4 3720/4/4
f 3721/13/6 3725/3/6 3723/5/6 3719/13/6
f 3727/7/6 3729/2/6 3721/13/6 3719/5/6
f 3736/20/13 3730/22/13 3733/21/13 3734/18/13 3731/15/13 3732/14/13 3735/16/13
f 3743/22/5 3737/20/5 3738/16/5 3741/17/5 3742/15/5 3739/18/5 3740/19/5
f 3757/22/10 3751/20/10 3752/16/10 3755/17/10 3756/15/10 3753/18/10 3754/19/10
s 1
f 3762/46/95 3763/49/95 3764/48/96 3765/47/96
f 3763/49/95 3762/46/95 3766/53/6 3758/52/6 3759/51/6 3768/50/6
f 3764/48/96 3769/57/4 3760/56/4 3761/55/4 3767/54/4 3765/47/96
f 3770/46/93 3773/47/94 3772/48/94 3771/49/93
f 3771/49/93 3776/50/6 3759/51/6 3758/52/6 3774/53/6 3770/46/93
f 3772/48/94 3773/47/94 3775/54/4 3761/55/4 3760/56/4 3777/57/4
f 3782/25/102 3778/25/100 3780/35/99 3784/35/101
f 3783/31/103 3785/32/104 3781/32/98 3779/31/97
f 3858/41/109 3798/41/108 3788/35/107 3862/58/110
f 3830/59/6 3827/60/115 3789/32/106 3800/39/105
f 3824/31/116 3828/42/6 3801/42/123 3787/31/125
f 3801/42/123 3800/39/105 3798/41/108 3799/43/124
f 3857/43/121 3799/43/124 3798/41/108 3858/41/109
f 3856/25/122 3786/25/126 3799/43/124 3857/43/121
f 3795/42/118 3797/43/119 3796/40/112 3794/39/113
f 3828/42/6 3830/59/6 3800/39/105 3801/42/123
f 3806/31/133 3807/32/134 3762/35/132 3805/25/131
f 3805/25/131 3762/35/132 3770/35/129 3802/25/128
f 3803/31/127 3802/25/128 3770/35/129 3804/32/130
f 3806/31/133 3803/31/127 3804/32/130 3807/32/134
f 3861/41/40 3863/35/140 3810/35/136 3820/41/135
f 3838/61/4 3822/39/94 3811/32/137 3835/32/142
f 3832/31/143 3809/31/147 3823/42/94 3836/42/4
f 3823/42/94 3821/43/135 3820/41/135 3822/39/94
f 3809/31/147 3808/25/148 3821/43/135 3823/42/94
f 3860/62/40 3861/41/40 3820/41/135 3821/43/135
f 3859/63/146 3860/62/40 3821/43/135 3808/25/148
f 3817/42/96 3816/39/96 3818/40/138 3819/43/138
f 3813/31/144 3817/42/96 3819/43/138 3812/25/145
f 3836/42/4 3823/42/94 3822/39/94 3838/61/4
f 3782/25/102 3805/25/131 3802/25/128 3778/25/100
f 3779/31/97 3803/31/127 3806/31/133 3783/31/103
f 3785/32/104 3807/32/134 3804/32/130 3781/32/98
f 3780/35/99 3770/35/129 3762/35/132 3784/35/101
f 3856/25/122 3859/63/146 3808/25/148 3786/25/126
f 3825/64/4 3833/65/4 3813/31/144 3791/31/117
f 3827/60/115 3835/32/142 3811/32/137 3789/32/106
f 3864/58/110 3865/35/140 3814/35/139 3792/35/111
f 3793/32/114 3815/32/141 3834/32/4 3826/32/4
f 3848/60/115 3849/32/142 3835/32/142 3827/60/115
f 3787/31/125 3809/31/147 3832/31/143 3824/31/116
f 3840/64/389 3843/31/390 3833/65/4 3825/64/4
f 3817/42/96 3837/42/149 3839/39/149 3816/39/96
f 3854/42/4 3836/42/4 3838/61/4 3855/66/4
f 3813/31/144 3833/65/4 3837/42/149 3817/42/96
f 3853/67/143 3832/31/143 3836/42/4 3854/42/4
f 3816/39/96 3839/39/149 3834/32/4 3815/32/141
f 3855/66/4 3838/61/4 3835/32/142 3849/32/142
f 3795/42/118 3794/39/113 3831/39/149 3829/68/149
f 3851/42/6 3852/39/6 3830/59/6 3828/42/6
f 3791/31/117 3795/42/118 3829/68/149 3825/64/4
f 3850/69/116 3851/42/6 3828/42/6 3824/31/116
f 3794/39/113 3793/32/114 3826/32/4 3831/39/149
f 3852/39/6 3848/60/115 3827/60/115 3830/59/6
f 3826/32/4 3834/32/4 3847/32/391 3846/70/392
f 3837/42/149 3844/42/149 3845/39/149 3839/39/149
f 3833/65/4 3843/31/390 3844/42/149 3837/42/149
f 3839/39/149 3845/39/149 3847/32/391 3834/32/4
f 3829/68/149 3831/39/149 3842/71/4 3841/42/4
f 3825/64/4 3829/68/149 3841/42/4 3840/64/389
f 3831/39/149 3826/32/4 3846/70/392 3842/71/4
f 3824/31/116 3832/31/143 3853/67/143 3850/69/116
f 3788/35/107 3810/35/136 3863/35/140 3862/58/110
f 3796/40/112 3868/72/109 3864/58/110 3792/35/111
f 3797/43/119 3867/43/121 3868/72/109 3796/40/112
f 3790/25/120 3866/73/122 3867/43/121 3797/43/119
f 3818/40/138 3814/35/139 3865/35/140 3871/74/40
f 3819/43/138 3818/40/138 3871/74/40 3870/75/40
f 3812/25/145 3819/43/138 3870/75/40 3869/25/146
f 3790/25/120 3812/25/145 3869/25/146 3866/73/122
f 3872/11/161 3874/1/159 3875/2/158 3873/12/160
f 3876/6/142 3872/8/161 3873/7/160 3877/5/115
f 3874/9/159 3872/10/161 3876/6/142 3878/4/143
f 3879/3/116 3877/5/115 3873/45/160 3875/44/158
f 3886/4/157 3884/6/154 3885/5/155 3887/3/156
f 3882/9/143 3880/10/142 3884/6/154 3886/4/157
f 3887/3/156 3885/5/155 3881/45/115 3883/44/116
f 3898/71/6 3902/70/162 3889/76/115 3891/39/6
f 3896/64/163 3897/42/6 3890/42/6 3888/77/116
f 3897/42/169 3890/42/4 3891/39/4 3898/71/168
f 3901/39/4 3895/39/4 3893/32/142 3903/32/166
f 3899/31/167 3892/31/143 3894/42/4 3900/42/4
f 3900/42/4 3894/42/4 3895/39/4 3901/39/4
f 3906/69/163 3909/67/167 3892/31/143 3888/77/116
f 3902/70/162 3903/32/166 3893/32/142 3889/76/115
f 3888/77/116 3892/31/143 3899/31/167 3896/64/163
f 3891/39/6 3889/76/115 3904/60/162 3908/39/6
f 3888/77/116 3890/42/6 3907/42/6 3906/69/163
f 3890/42/4 3907/42/164 3908/39/165 3891/39/4
f 3895/39/4 3911/66/4 3905/32/166 3893/32/142
f 3892/31/143 3909/67/167 3910/42/4 3894/42/4
f 3894/42/4 3910/42/4 3911/66/4 3895/39/4
f 3889/76/115 3893/32/142 3905/32/166 3904/60/162
f 3926/58/170 3927/35/173 3917/35/172 3913/78/171
f 3930/73/174 3933/25/177 3916/25/176 3912/25/175
f 3933/25/177 3934/75/40 3918/43/40 3916/25/176
f 3934/75/40 3935/74/40 3919/41/40 3918/43/40
f 3935/74/40 3929/35/173 3917/35/172 3919/41/40
f 3930/73/174 3912/25/175 3914/43/38 3931/43/38
f 3931/43/180 3932/72/181 3915/72/40 3914/43/40
f 3932/72/34 3915/72/34 3913/78/171 3928/58/170
f 3912/25/175 3916/25/176 3923/63/177 3920/25/174
f 3916/25/176 3918/43/40 3924/62/40 3923/63/177
f 3918/43/40 3919/41/40 3925/41/40 3924/62/40
f 3919/41/40 3917/35/172 3927/35/173 3925/41/40
f 3912/25/175 3920/25/174 3921/43/38 3914/43/38
f 3914/43/40 3915/72/40 3922/41/179 3921/43/178
f 3915/72/34 3922/41/34 3926/58/170 3913/78/171
f 3913/78/171 3917/35/172 3929/35/173 3928/58/170
f 3921/13/178 3907/13/164 3890/13/182 3897/13/169 3931/13/180 3914/13/182
f 3907/13/164 3921/13/178 3922/13/179 3908/13/165
f 3897/13/169 3898/13/168 3932/13/181 3931/13/180
f 3922/13/179 3915/13/183 3932/13/181 3898/13/168 3891/13/183 3908/13/165
f 3938/4/1 3936/6/1 3937/5/1 3939/3/1
f 3940/11/3 3942/1/3 3943/2/3 3941/12/3
f 3842/71/4 3846/70/392 3945/76/115 3947/39/6
f 3840/64/389 3841/42/4 3946/42/6 3944/77/116
f 3841/42/4 3946/42/4 3947/39/4 3842/71/4
f 3845/39/149 3951/39/4 3949/32/142 3847/32/391
f 3843/31/390 3948/31/143 3950/42/4 3844/42/149
f 3844/42/149 3950/42/4 3951/39/4 3845/39/149
f 3850/69/116 3853/67/143 3948/31/143 3944/77/116
f 3846/70/392 3847/32/391 3949/32/142 3945/76/115
f 3944/77/116 3948/31/143 3843/31/390 3840/64/389
f 3947/39/6 3945/76/115 3848/60/115 3852/39/6
f 3944/77/116 3946/42/6 3851/42/6 3850/69/116
f 3946/42/4 3851/42/4 3852/39/4 3947/39/4
f 3951/39/4 3855/66/4 3849/32/142 3949/32/142
f 3948/31/143 3853/67/143 3854/42/4 3950/42/4
f 3950/42/4 3854/42/4 3855/66/4 3951/39/4
f 3945/76/115 3949/32/142 3849/32/142 3848/60/115
f 3966/58/170 3967/35/173 3957/35/172 3953/78/171
f 3970/73/174 3973/25/177 3956/25/176 3952/25/175
f 3973/25/177 3974/75/40 3958/43/40 3956/25/176
f 3974/75/40 3975/74/40 3959/41/40 3958/43/40
f 3975/74/40 3969/35/173 3957/35/172 3959/41/40
f 3970/73/174 3952/25/175 3954/43/38 3971/43/38
f 3971/43/186 3972/72/187 3955/72/40 3954/43/40
f 3972/72/34 3955/72/34 3953/78/171 3968/58/170
f 3952/25/175 3956/25/176 3963/63/177 3960/25/174
f 3956/25/176 3958/43/40 3964/62/40 3963/63/177
f 3958/43/40 3959/41/40 3965/41/40 3964/62/40
f 3959/41/40 3957/35/172 3967/35/173 3965/41/40
f 3952/25/175 3960/25/174 3961/43/38 3954/43/38
f 3954/43/40 3955/72/40 3962/41/185 3961/43/184
f 3955/72/34 3962/41/34 3966/58/170 3953/78/171
f 3953/78/171 3957/35/172 3969/35/173 3968/58/170
f 3961/13/184 3851/13/189 3946/13/188 3841/13/190 3971/13/186 3954/13/188
f 3851/13/189 3961/13/184 3962/13/185 3852/13/192
f 3841/13/190 3842/13/191 3972/13/187 3971/13/186
f 3962/13/185 3955/13/193 3972/13/187 3842/13/191 3947/13/193 3852/13/192
f 3878/4/3 3977/3/3 3976/5/3 3876/6/3
f 3880/11/1 3978/12/1 3979/2/1 3882/1/1
s 0
f 3986/20/1 3980/22/1 3983/21/1 3984/18/1 3981/15/1 3982/14/1 3985/16/1
f 3993/22/3 3987/20/3 3988/16/3 3991/17/3 3992/15/3 3989/18/3 3990/19/3
f 4001/25/2 4002/27/2 4028/3/2 4004/26/2
f 4002/27/1 4003/28/1 3999/5/1 4028/3/1
f 3997/29/4 3994/30/4 3998/6/4 4000/4/4
f 3997/31/6 3994/32/6 4013/32/6 4007/31/6
f 4000/33/1 3998/34/1 4003/28/1 4002/27/1
f 3997/31/2 4000/33/2 4002/27/2 4001/25/2
f 4005/35/5 4006/36/5 3996/36/5 3995/35/5
f 4015/37/6 4004/37/6 3996/38/6 4006/38/6
f 3998/34/5 3994/32/5 3995/35/5 4003/28/5
f 4028/3/6 3999/5/6 3996/38/6 4004/37/6
f 4001/25/2 4004/26/2 4015/26/2 4010/25/2
f 4003/28/5 3995/35/5 3996/36/5 3999/5/5
f 3997/31/3 4001/25/3 3995/35/3 3994/32/3
f 4007/31/1 4013/32/1 4005/35/1 4010/25/1
f 4010/25/2 4015/26/2 4018/3/2 4011/27/2
f 4011/27/3 4018/3/3 4009/5/3 4012/28/3
f 4007/29/4 4014/4/4 4008/6/4 4013/30/4
f 4014/33/3 4011/27/3 4012/28/3 4008/34/3
f 4007/31/2 4010/25/2 4011/27/2 4014/33/2
f 4008/34/5 4012/28/5 4005/35/5 4013/32/5
f 4018/3/6 4015/37/6 4006/38/6 4009/5/6
f 4012/28/5 4009/5/5 4006/36/5 4005/35/5
f 4001/25/4 4010/25/4 4005/35/4 3995/35/4
f 4017/4/1 4016/6/1 4009/5/1 4018/3/1
f 4025/20/1 4019/22/1 4022/21/1 4023/18/1 4020/15/1 4021/14/1 4024/16/1
f 4026/11/3 4027/1/3 4028/2/3 3999/12/3
f 4035/22/3 4029/20/3 4030/16/3 4033/17/3 4034/15/3 4031/18/3 4032/19/3
s 1
f 4040/46/116 4041/49/116 4042/48/143 4043/47/143
f 4041/49/116 4040/46/116 4044/53/6 4036/52/6 4037/51/6 4046/50/6
f 4042/48/143 4047/57/4 4038/56/4 4039/55/4 4045/54/4 4043/47/143
f 4048/46/115 4051/47/142 4050/48/142 4049/49/115
f 4049/49/115 4054/50/6 4037/51/6 4036/52/6 4052/53/6 4048/46/115
f 4050/48/142 4051/47/142 4053/54/4 4039/55/4 4038/56/4 4055/57/4
f 4060/25/196 4056/25/198 4058/35/199 4062/35/197
f 4061/31/195 4063/32/194 4059/32/200 4057/31/201
f 4136/41/397 4076/41/398 4066/35/399 4140/58/400
f 4108/59/6 4105/60/95 4067/32/402 4078/39/401
f 4102/31/93 4106/42/6 4079/42/403 4065/31/404
f 4079/42/403 4078/39/401 4076/41/398 4077/43/405
f 4135/43/407 4077/43/405 4076/41/398 4136/41/397
f 4134/25/408 4064/25/406 4077/43/405 4135/43/407
f 4073/42/409 4075/43/410 4074/40/394 4072/39/393
f 4106/42/6 4108/59/6 4078/39/401 4079/42/403
f 4084/31/225 4085/32/222 4040/35/223 4083/25/224
f 4083/25/224 4040/35/223 4048/35/226 4080/25/227
f 4081/31/229 4080/25/227 4048/35/226 4082/32/228
f 4084/31/225 4081/31/229 4082/32/228 4085/32/222
f 4139/41/357 4141/35/416 4088/35/417 4098/41/418
f 4116/61/4 4100/39/142 4089/32/419 4113/32/96
f 4110/31/94 4087/31/420 4101/42/142 4114/42/4
f 4101/42/142 4099/43/418 4098/41/418 4100/39/142
f 4087/31/420 4086/25/421 4099/43/418 4101/42/142
f 4138/62/357 4139/41/357 4098/41/418 4099/43/418
f 4137/63/422 4138/62/357 4099/43/418 4086/25/421
f 4095/42/143 4094/39/143 4096/40/415 4097/43/415
f 4091/31/423 4095/42/143 4097/43/415 4090/25/424
f 4114/42/4 4101/42/142 4100/39/142 4116/61/4
f 4060/25/196 4083/25/224 4080/25/227 4056/25/198
f 4057/31/201 4081/31/229 4084/31/225 4061/31/195
f 4063/32/194 4085/32/222 4082/32/228 4059/32/200
f 4058/35/199 4048/35/226 4040/35/223 4062/35/197
f 4134/25/408 4137/63/422 4086/25/421 4064/25/406
f 4103/64/4 4111/65/149 4091/31/423 4069/31/411
f 4105/60/95 4113/32/96 4089/32/419 4067/32/402
f 4142/58/425 4143/35/416 4092/35/414 4070/35/395
f 4071/32/396 4093/32/413 4112/32/149 4104/32/149
f 4126/60/95 4127/32/96 4113/32/96 4105/60/95
f 4065/31/404 4087/31/420 4110/31/94 4102/31/93
f 4118/64/149 4121/31/149 4111/65/149 4103/64/4
f 4095/42/143 4115/42/149 4117/39/149 4094/39/143
f 4132/42/4 4114/42/4 4116/61/4 4133/66/4
f 4091/31/423 4111/65/149 4115/42/149 4095/42/143
f 4131/67/94 4110/31/94 4114/42/4 4132/42/4
f 4094/39/143 4117/39/149 4112/32/149 4093/32/413
f 4133/66/4 4116/61/4 4113/32/96 4127/32/96
f 4073/42/409 4072/39/393 4109/39/149 4107/68/4
f 4129/42/6 4130/39/6 4108/59/6 4106/42/6
f 4069/31/411 4073/42/409 4107/68/4 4103/64/4
f 4128/69/93 4129/42/6 4106/42/6 4102/31/93
f 4072/39/393 4071/32/396 4104/32/149 4109/39/149
f 4130/39/6 4126/60/95 4105/60/95 4108/59/6
f 4104/32/149 4112/32/149 4125/32/149 4124/70/149
f 4115/42/149 4122/42/149 4123/39/149 4117/39/149
f 4111/65/149 4121/31/149 4122/42/149 4115/42/149
f 4117/39/149 4123/39/149 4125/32/149 4112/32/149
f 4107/68/4 4109/39/149 4120/71/4 4119/42/4
f 4103/64/4 4107/68/4 4119/42/4 4118/64/149
f 4109/39/149 4104/32/149 4124/70/149 4120/71/4
f 4102/31/93 4110/31/94 4131/67/94 4128/69/93
f 4066/35/399 4088/35/417 4141/35/416 4140/58/400
f 4074/40/394 4146/72/397 4142/58/425 4070/35/395
f 4075/43/410 4145/43/407 4146/72/397 4074/40/394
f 4068/25/412 4144/73/408 4145/43/407 4075/43/410
f 4096/40/415 4092/35/414 4143/35/416 4149/74/357
f 4097/43/415 4096/40/415 4149/74/357 4148/75/357
f 4090/25/424 4097/43/415 4148/75/357 4147/25/422
f 4068/25/412 4090/25/424 4147/25/422 4144/73/408
f 4150/11/154 4152/1/161 4153/2/160 4151/12/155
f 4154/6/96 4150/8/154 4151/7/155 4155/5/95
f 4152/9/161 4150/10/154 4154/6/96 4156/4/94
f 4157/3/93 4155/5/95 4151/45/155 4153/44/160
f 4164/4/159 4162/6/157 4163/5/156 4165/3/158
f 4160/9/94 4158/10/96 4162/6/157 4164/4/159
f 4165/3/158 4163/5/156 4159/45/95 4161/44/93
f 4176/71/6 4180/70/244 4167/76/95 4169/39/6
f 4174/64/243 4175/42/6 4168/42/6 4166/77/93
f 4175/42/426 4168/42/4 4169/39/4 4176/71/427
f 4179/39/4 4173/39/4 4171/32/96 4181/32/248
f 4177/31/247 4170/31/94 4172/42/4 4178/42/4
f 4178/42/4 4172/42/4 4173/39/4 4179/39/4
f 4184/69/243 4187/67/247 4170/31/94 4166/77/93
f 4180/70/244 4181/32/248 4171/32/96 4167/76/95
f 4166/77/93 4170/31/94 4177/31/247 4174/64/243
f 4169/39/6 4167/76/95 4182/60/244 4186/39/6
f 4166/77/93 4168/42/6 4185/42/6 4184/69/243
f 4168/42/4 4185/42/428 4186/39/429 4169/39/4
f 4173/39/4 4189/66/4 4183/32/248 4171/32/96
f 4170/31/94 4187/67/247 4188/42/4 4172/42/4
f 4172/42/4 4188/42/4 4189/66/4 4173/39/4
f 4167/76/95 4171/32/96 4183/32/248 4182/60/244
f 4204/58/430 4205/35/431 4195/35/432 4191/78/433
f 4208/73/434 4211/25/435 4194/25/436 4190/25/437
f 4211/25/435 4212/75/357 4196/43/357 4194/25/436
f 4212/75/357 4213/74/357 4197/41/357 4196/43/357
f 4213/74/357 4207/35/431 4195/35/432 4197/41/357
f 4208/73/434 4190/25/437 4192/43/355 4209/43/355
f 4209/43/438 4210/72/439 4193/72/357 4192/43/357
f 4210/72/351 4193/72/351 4191/78/433 4206/58/430
f 4190/25/437 4194/25/436 4201/63/435 4198/25/434
f 4194/25/436 4196/43/357 4202/62/357 4201/63/435
f 4196/43/357 4197/41/357 4203/41/357 4202/62/357
f 4197/41/357 4195/35/432 4205/35/431 4203/41/357
f 4190/25/437 4198/25/434 4199/43/355 4192/43/355
f 4192/43/357 4193/72/357 4200/41/440 4199/43/441
f 4193/72/351 4200/41/351 4204/58/430 4191/78/433
f 4191/78/433 4195/35/432 4207/35/431 4206/58/430
f 4199/13/441 4185/13/428 4168/13/442 4175/13/426 4209/13/438 4192/13/442
f 4185/13/428 4199/13/441 4200/13/440 4186/13/429
f 4175/13/426 4176/13/427 4210/13/439 4209/13/438
f 4200/13/440 4193/13/443 4210/13/439 4176/13/427 4169/13/443 4186/13/429
f 4216/4/2 4214/6/2 4215/5/2 4217/3/2
f 4218/11/5 4220/1/5 4221/2/5 4219/12/5
f 4120/71/4 4124/70/149 4223/76/95 4225/39/6
f 4118/64/149 4119/42/4 4224/42/6 4222/77/93
f 4119/42/4 4224/42/4 4225/39/4 4120/71/4
f 4123/39/149 4229/39/4 4227/32/96 4125/32/149
f 4121/31/149 4226/31/94 4228/42/4 4122/42/149
f 4122/42/149 4228/42/4 4229/39/4 4123/39/149
f 4128/69/93 4131/67/94 4226/31/94 4222/77/93
f 4124/70/149 4125/32/149 4227/32/96 4223/76/95
f 4222/77/93 4226/31/94 4121/31/149 4118/64/149
f 4225/39/6 4223/76/95 4126/60/95 4130/39/6
f 4222/77/93 4224/42/6 4129/42/6 4128/69/93
f 4224/42/4 4129/42/4 4130/39/4 4225/39/4
f 4229/39/4 4133/66/4 4127/32/96 4227/32/96
f 4226/31/94 4131/67/94 4132/42/4 4228/42/4
f 4228/42/4 4132/42/4 4133/66/4 4229/39/4
f 4223/76/95 4227/32/96 4127/32/96 4126/60/95
f 4244/58/430 4245/35/431 4235/35/432 4231/78/433
f 4248/73/434 4251/25/435 4234/25/436 4230/25/437
f 4251/25/435 4252/75/357 4236/43/357 4234/25/436
f 4252/75/357 4253/74/357 4237/41/357 4236/43/357
f 4253/74/357 4247/35/431 4235/35/432 4237/41/357
f 4248/73/434 4230/25/437 4232/43/355 4249/43/355
f 4249/43/444 4250/72/445 4233/72/357 4232/43/357
f 4250/72/351 4233/72/351 4231/78/433 4246/58/430
f 4230/25/437 4234/25/436 4241/63/435 4238/25/434
f 4234/25/436 4236/43/357 4242/62/357 4241/63/435
f 4236/43/357 4237/41/357 4243/41/357 4242/62/357
f 4237/41/357 4235/35/432 4245/35/431 4243/41/357
f 4230/25/437 4238/25/434 4239/43/355 4232/43/355
f 4232/43/357 4233/72/357 4240/41/446 4239/43/447
f 4233/72/351 4240/41/351 4244/58/430 4231/78/433
f 4231/78/433 4235/35/432 4247/35/431 4246/58/430
f 4239/13/447 4129/13/448 4224/13/449 4119/13/450 4249/13/444 4232/13/449
f 4129/13/448 4239/13/447 4240/13/446 4130/13/451
f 4119/13/450 4120/13/452 4250/13/445 4249/13/444
f 4240/13/446 4233/13/453 4250/13/445 4120/13/452 4225/13/453 4130/13/451
f 4156/4/5 4255/3/5 4254/5/5 4154/6/5
f 4158/11/2 4256/12/2 4257/2/2 4160/1/2
s 0
f 4264/20/2 4258/22/2 4261/21/2 4262/18/2 4259/15/2 4260/14/2 4263/16/2
f 4271/22/5 4265/20/5 4266/16/5 4269/17/5 4270/15/5 4267/18/5 4268/19/5
f 4280/25/3 4281/27/3 4279/3/3 4283/26/3
f 4281/27/2 4282/28/2 4277/5/2 4279/3/2
f 4275/29/4 4272/30/4 4276/6/4 4278/4/4
f 4275/31/6 4272/32/6 4292/32/6 4286/31/6
f 4278/33/2 4276/34/2 4282/28/2 4281/27/2
f 4275/31/3 4278/33/3 4281/27/3 4280/25/3
f 4284/35/1 4285/36/1 4274/36/1 4273/35/1
f 4294/37/6 4283/37/6 4274/38/6 4285/38/6
f 4276/34/1 4272/32/1 4273/35/1 4282/28/1
f 4279/3/6 4277/5/6 4274/38/6 4283/37/6
f 4280/25/3 4283/26/3 4294/26/3 4289/25/3
f 4282/28/1 4273/35/1 4274/36/1 4277/5/1
f 4275/31/5 4280/25/5 4273/35/5 4272/32/5
f 4286/31/2 4292/32/2 4284/35/2 4289/25/2
f 4289/25/3 4294/26/3 4297/3/3 4290/27/3
f 4290/27/5 4297/3/5 4288/5/5 4291/28/5
f 4286/29/4 4293/4/4 4287/6/4 4292/30/4
f 4293/33/5 4290/27/5 4291/28/5 4287/34/5
f 4286/31/3 4289/25/3 4290/27/3 4293/33/3
f 4287/34/1 4291/28/1 4284/35/1 4292/32/1
f 4297/3/6 4294/37/6 4285/38/6 4288/5/6
f 4291/28/1 4288/5/1 4285/36/1 4284/35/1
f 4280/25/4 4289/25/4 4284/35/4 4273/35/4
f 4296/4/2 4295/6/2 4288/5/2 4297/3/2
f 4304/20/2 4298/22/2 4301/21/2 4302/18/2 4299/15/2 4300/14/2 4303/16/2
f 4305/11/5 4306/1/5 4279/2/5 4277/12/5
f 4313/22/5 4307/20/5 4308/16/5 4311/17/5 4312/15/5 4309/18/5 4310/19/5
f 4314/11/3 4316/1/3 4317/2/3 4315/12/3
f 4320/4/1 4318/6/1 4319/5/1 4321/3/1
f 4318/6/5 4314/8/5 4315/7/5 4319/5/5
f 4316/9/4 4314/10/4 4318/6/4 4320/4/4
f 4321/3/6 4319/5/6 4315/45/6 4317/44/6
f 4328/25/2 4329/27/2 3053/3/2 4331/26/2
f 4329/27/1 4330/28/1 3051/5/1 3053/3/1
f 4325/29/4 4322/30/4 4326/6/4 4327/4/4
f 4325/31/6 4322/32/6 4341/32/6 4334/31/6
f 4327/33/1 4326/34/1 4330/28/1 4329/27/1
f 4325/31/2 4327/33/2 4329/27/2 4328/25/2
f 4332/35/5 4333/36/5 4324/36/5 4323/35/5
f 4343/37/6 4331/37/6 4324/38/6 4333/38/6
f 4326/34/5 4322/32/5 4323/35/5 4330/28/5
f 3053/3/6 3051/5/6 4324/38/6 4331/37/6
f 4328/25/2 4331/26/2 4343/26/2 4338/25/2
f 4330/28/5 4323/35/5 4324/36/5 3051/5/5
f 4325/31/3 4328/25/3 4323/35/3 4322/32/3
f 4334/31/1 4341/32/1 4332/35/1 4338/25/1
f 4338/25/2 4343/26/2 4337/3/2 4339/27/2
f 4339/27/3 4337/3/3 4336/5/3 4340/28/3
f 4334/29/4 4342/4/4 4335/6/4 4341/30/4
f 4342/33/3 4339/27/3 4340/28/3 4335/34/3
f 4334/31/2 4338/25/2 4339/27/2 4342/33/2
f 4335/34/5 4340/28/5 4332/35/5 4341/32/5
f 4337/3/6 4343/37/6 4333/38/6 4336/5/6
f 4340/28/5 4336/5/5 4333/36/5 4332/35/5
f 4328/25/4 4338/25/4 4332/35/4 4323/35/4
f 4350/20/1 4344/22/1 4347/21/1 4348/18/1 4345/15/1 4346/14/1 4349/16/1
f 4357/22/3 4351/20/3 4352/16/3 4355/17/3 4356/15/3 4353/18/3 4354/19/3
f 4381/42/1 4380/39/1 4378/41/1 4379/43/1
f 4377/43/37 4379/43/37 4378/41/37 4376/40/37
f 4375/42/3 4377/43/3 4376/40/3 4374/39/3
f 4375/42/6 4374/39/6 4380/39/6 4381/42/6
f 4387/31/1 4389/32/1 4388/35/1 4386/25/1
f 4386/25/6 4388/35/6 4384/35/6 4382/25/6
f 4383/31/3 4382/25/3 4384/35/3 4385/32/3
f 4387/31/4 4383/31/4 4385/32/4 4389/32/4
f 4400/40/40 4396/35/40 4392/35/40 4402/41/40
f 4398/39/4 4404/39/4 4393/32/4 4397/32/4
f 4395/31/4 4391/31/4 4405/42/4 4399/42/4
f 4405/42/3 4403/43/3 4402/41/3 4404/39/3
f 4391/31/3 4390/25/3 4403/43/3 4405/42/3
f 4401/43/40 4400/40/40 4402/41/40 4403/43/40
f 4394/25/40 4401/43/40 4403/43/40 4390/25/40
f 4399/42/1 4398/39/1 4400/40/1 4401/43/1
f 4395/31/1 4399/42/1 4401/43/1 4394/25/1
f 4399/42/4 4405/42/4 4404/39/4 4398/39/4
f 4406/11/1 4408/1/1 4409/2/1 4407/12/1
f 4412/4/3 4410/6/3 4411/5/3 4413/3/3
f 4410/6/2 4406/8/2 4407/7/2 4411/5/2
f 4408/9/4 4406/10/4 4410/6/4 4412/4/4
f 4413/3/6 4411/5/6 4407/45/6 4409/44/6
f 4422/25/5 4423/27/5 4421/3/5 4425/26/5
f 4423/27/3 4424/28/3 4419/5/3 4421/3/3
f 4417/29/4 4414/30/4 4418/6/4 4420/4/4
f 4417/31/6 4414/32/6 4433/32/6 4428/31/6
f 4420/33/3 4418/34/3 4424/28/3 4423/27/3
f 4417/31/5 4420/33/5 4423/27/5 4422/25/5
f 4426/35/2 4427/36/2 4416/36/2 4415/35/2
f 4435/37/6 4425/37/6 4416/38/6 4427/38/6
f 4418/34/2 4414/32/2 4415/35/2 4424/28/2
f 4421/3/6 4419/5/6 4416/38/6 4425/37/6
f 4422/25/5 4425/26/5 4435/26/5 4430/25/5
f 4424/28/2 4415/35/2 4416/36/2 4419/5/2
f 4417/31/1 4422/25/1 4415/35/1 4414/32/1
f 4428/31/3 4433/32/3 4426/35/3 4430/25/3
f 4430/25/5 4435/26/5 3099/3/5 4431/27/5
f 4431/27/1 3099/3/1 3097/5/1 4432/28/1
f 4428/29/4 4434/4/4 4429/6/4 4433/30/4
f 4434/33/1 4431/27/1 4432/28/1 4429/34/1
f 4428/31/5 4430/25/5 4431/27/5 4434/33/5
f 4429/34/2 4432/28/2 4426/35/2 4433/32/2
f 3099/3/6 4435/37/6 4427/38/6 3097/5/6
f 4432/28/2 3097/5/2 4427/36/2 4426/35/2
f 4422/25/4 4430/25/4 4426/35/4 4415/35/4
f 4442/20/3 4436/22/3 4439/21/3 4440/18/3 4437/15/3 4438/14/3 4441/16/3
f 4449/22/1 4443/20/1 4444/16/1 4447/17/1 4448/15/1 4445/18/1 4446/19/1
f 4473/42/3 4472/39/3 4470/41/3 4471/43/3
f 4469/43/52 4471/43/52 4470/41/52 4468/40/52
f 4467/42/1 4469/43/1 4468/40/1 4466/39/1
f 4467/42/6 4466/39/6 4472/39/6 4473/42/6
f 4479/31/3 4481/32/3 4480/35/3 4478/25/3
f 4478/25/6 4480/35/6 4476/35/6 4474/25/6
f 4475/31/1 4474/25/1 4476/35/1 4477/32/1
f 4479/31/4 4475/31/4 4477/32/4 4481/32/4
f 4492/40/55 4488/35/55 4484/35/55 4494/41/55
f 4490/39/4 4496/39/4 4485/32/4 4489/32/4
f 4487/31/4 4483/31/4 4497/42/4 4491/42/4
f 4497/42/1 4495/43/1 4494/41/1 4496/39/1
f 4483/31/1 4482/25/1 4495/43/1 4497/42/1
f 4493/43/55 4492/40/55 4494/41/55 4495/43/55
f 4486/25/55 4493/43/55 4495/43/55 4482/25/55
f 4491/42/3 4490/39/3 4492/40/3 4493/43/3
f 4487/31/3 4491/42/3 4493/43/3 4486/25/3
f 4491/42/4 4497/42/4 4496/39/4 4490/39/4
f 3050/11/3 3052/1/3 3053/2/3 3051/12/3
f 3071/22/3 3065/20/3 3066/16/3 3069/17/3 3070/15/3 3067/18/3 3068/19/3
f 3098/4/3 3096/6/3 3097/5/3 3099/3/3
f 3106/20/3 3100/22/3 3103/21/3 3104/18/3 3101/15/3 3102/14/3 3105/16/3
f 3144/1/1 3148/4/1 3149/3/1 3145/2/1
f 3170/20/1 3164/22/1 3167/21/1 3168/18/1 3165/15/1 3166/14/1 3169/16/1
f 3222/11/1 3224/1/1 3225/2/1 3223/12/1
f 3251/22/1 3245/20/1 3246/16/1 3249/17/1 3250/15/1 3247/18/1 3248/19/1
f 4504/20/2 4498/22/2 4501/21/2 4502/18/2 4499/15/2 4500/14/2 4503/16/2
f 4511/22/5 4505/20/5 4506/16/5 4509/17/5 4510/15/5 4507/18/5 4508/19/5
f 4520/25/3 4521/27/3 4519/3/3 4523/26/3
f 4521/27/2 4522/28/2 4517/5/2 4519/3/2
f 4515/29/4 4512/30/4 4516/6/4 4518/4/4
f 4515/31/6 4512/32/6 4533/32/6 4526/31/6
f 4518/33/2 4516/34/2 4522/28/2 4521/27/2
f 4515/31/3 4518/33/3 4521/27/3 4520/25/3
f 4524/35/1 4525/36/1 4514/36/1 4513/35/1
f 4535/37/6 4523/37/6 4514/38/6 4525/38/6
f 4516/34/1 4512/32/1 4513/35/1 4522/28/1
f 4519/3/6 4517/5/6 4514/38/6 4523/37/6
f 4520/25/3 4523/26/3 4535/26/3 4530/25/3
f 4522/28/1 4513/35/1 4514/36/1 4517/5/1
f 4515/31/5 4520/25/5 4513/35/5 4512/32/5
f 4526/31/2 4533/32/2 4524/35/2 4530/25/2
f 4530/25/3 4535/26/3 4529/3/3 4531/27/3
f 4531/27/5 4529/3/5 4528/5/5 4532/28/5
f 4526/29/4 4534/4/4 4527/6/4 4533/30/4
f 4534/33/5 4531/27/5 4532/28/5 4527/34/5
f 4526/31/3 4530/25/3 4531/27/3 4534/33/3
f 4527/34/1 4532/28/1 4524/35/1 4533/32/1
f 4529/3/6 4535/37/6 4525/38/6 4528/5/6
f 4532/28/1 4528/5/1 4525/36/1 4524/35/1
f 4520/25/4 4530/25/4 4524/35/4 4513/35/4
f 4559/42/2 4558/39/2 4556/41/2 4557/43/2
f 4555/43/354 4557/43/354 4556/41/354 4554/40/354
f 4553/42/5 4555/43/5 4554/40/5 4552/39/5
f 4553/42/6 4552/39/6 4558/39/6 4559/42/6
f 4565/31/2 4567/32/2 4566/35/2 4564/25/2
f 4564/25/6 4566/35/6 4562/35/6 4560/25/6
f 4561/31/5 4560/25/5 4562/35/5 4563/32/5
f 4565/31/4 4561/31/4 4563/32/4 4567/32/4
f 4578/40/357 4574/35/357 4570/35/357 4580/41/357
f 4576/39/4 4582/39/4 4571/32/4 4575/32/4
f 4573/31/4 4569/31/4 4583/42/4 4577/42/4
f 4583/42/5 4581/43/5 4580/41/5 4582/39/5
f 4569/31/5 4568/25/5 4581/43/5 4583/42/5
f 4579/43/357 4578/40/357 4580/41/357 4581/43/357
f 4572/25/357 4579/43/357 4581/43/357 4568/25/357
f 4577/42/2 4576/39/2 4578/40/2 4579/43/2
f 4573/31/2 4577/42/2 4579/43/2 4572/25/2
f 4577/42/4 4583/42/4 4582/39/4 4576/39/4
f 4584/11/5 4586/1/5 4587/2/5 4585/12/5
f 4590/4/2 4588/6/2 4589/5/2 4591/3/2
f 4588/6/1 4584/8/1 4585/7/1 4589/5/1
f 4586/9/4 4584/10/4 4588/6/4 4590/4/4
f 4591/3/6 4589/5/6 4585/45/6 4587/44/6
s 1
f 4596/46/95 4597/49/95 4598/48/96 4599/47/96
f 4597/49/95 4596/46/95 4600/53/6 4592/52/6 4593/51/6 4602/50/6
f 4598/48/96 4603/57/4 4594/56/4 4595/55/4 4601/54/4 4599/47/96
f 4604/46/93 4607/47/94 4606/48/94 4605/49/93
f 4605/49/93 4610/50/6 4593/51/6 4592/52/6 4608/53/6 4604/46/93
f 4606/48/94 4607/47/94 4609/54/4 4595/55/4 4594/56/4 4611/57/4
f 4616/25/102 4612/25/100 4614/35/99 4618/35/101
f 4692/41/109 4632/41/108 4622/35/277 4696/58/278
f 4664/59/6 4661/60/115 4623/32/106 4634/39/105
f 4635/42/123 4634/39/105 4632/41/108 4633/43/124
f 4691/43/121 4633/43/124 4632/41/108 4692/41/109
f 4690/25/122 4620/25/126 4633/43/124 4691/43/121
f 4629/42/118 4631/43/119 4630/40/112 4628/39/113
f 4662/42/6 4664/59/6 4634/39/105 4635/42/123
f 4640/31/133 4641/32/134 4596/35/132 4639/25/131
f 4639/25/131 4596/35/132 4604/35/129 4636/25/128
f 4637/31/127 4636/25/128 4604/35/129 4638/32/130
f 4640/31/133 4637/31/127 4638/32/130 4641/32/134
f 4695/41/40 4697/35/281 4644/35/136 4654/41/135
f 4672/61/4 4656/39/94 4645/32/137 4669/32/142
f 4666/31/143 4643/31/147 4657/42/94 4670/42/4
f 4657/42/94 4655/43/135 4654/41/135 4656/39/94
f 4643/31/147 4642/25/148 4655/43/135 4657/42/94
f 4694/62/40 4695/41/40 4654/41/135 4655/43/135
f 4693/63/146 4694/62/40 4655/43/135 4642/25/148
f 4651/42/96 4650/39/96 4652/40/138 4653/43/138
f 4647/31/144 4651/42/96 4653/43/138 4646/25/145
f 4670/42/4 4657/42/94 4656/39/94 4672/61/4
f 4619/32/104 4641/32/134 4638/32/130 4615/32/98
f 4614/35/99 4604/35/129 4596/35/132 4618/35/101
f 4661/60/115 4669/32/142 4645/32/137 4623/32/106
f 4698/58/110 4699/35/140 4648/35/139 4626/35/279
f 4627/32/114 4649/32/141 4668/32/6 4660/32/149
f 4682/60/115 4683/32/142 4669/32/142 4661/60/115
f 4651/42/96 4671/42/6 4673/39/6 4650/39/96
f 4688/42/4 4670/42/4 4672/61/4 4689/66/4
f 4647/31/144 4667/65/149 4671/42/6 4651/42/96
f 4687/67/143 4666/31/143 4670/42/4 4688/42/4
f 4650/39/96 4673/39/6 4668/32/6 4649/32/141
f 4689/66/4 4672/61/4 4669/32/142 4683/32/142
f 4629/42/118 4628/39/113 4665/39/149 4663/68/149
f 4685/42/6 4686/39/6 4664/59/6 4662/42/6
f 4625/31/117 4629/42/118 4663/68/149 4659/64/4
f 4684/69/116 4685/42/6 4662/42/6 4658/31/116
f 4628/39/113 4627/32/114 4660/32/149 4665/39/149
f 4686/39/6 4682/60/115 4661/60/115 4664/59/6
f 4660/32/149 4668/32/6 4681/32/149 4680/70/149
f 4671/42/6 4678/42/4 4679/39/149 4673/39/6
f 4667/65/149 4677/31/4 4678/42/4 4671/42/6
f 4673/39/6 4679/39/149 4681/32/149 4668/32/6
f 4663/68/149 4665/39/149 4676/71/4 4675/42/4
f 4659/64/4 4663/68/149 4675/42/4 4674/64/4
f 4665/39/149 4660/32/149 4680/70/149 4676/71/4
f 4622/35/277 4644/35/136 4697/35/281 4696/58/278
f 4624/25/120 4700/73/122 4701/43/121 4631/43/119
f 4652/40/138 4648/35/139 4699/35/140 4705/74/40
f 4653/43/138 4652/40/138 4705/74/40 4704/75/40
f 4646/25/145 4653/43/138 4704/75/40 4703/25/146
f 4706/11/161 4708/1/159 4709/2/158 4707/12/160
f 4710/6/142 4706/8/161 4707/7/160 4711/5/115
f 4708/9/159 4706/10/161 4710/6/142 4712/4/143
f 4713/3/116 4711/5/115 4707/45/160 4709/44/158
f 4720/4/157 4718/6/154 4719/5/155 4721/3/156
f 4716/9/143 4714/10/142 4718/6/154 4720/4/157
f 4721/3/156 4719/5/155 4715/45/115 4717/44/116
f 4732/71/6 4736/70/162 4723/76/115 4725/39/6
f 4730/64/163 4731/42/6 4724/42/6 4722/77/116
f 4731/42/169 4724/42/4 4725/39/4 4732/71/168
f 4735/39/4 4729/39/4 4727/32/142 4737/32/166
f 4733/31/167 4726/31/143 4728/42/4 4734/42/4
f 4734/42/4 4728/42/4 4729/39/4 4735/39/4
f 4736/70/162 4737/32/166 4727/32/142 4723/76/115
f 4725/39/6 4723/76/115 4738/60/162 4742/39/6
f 4722/77/116 4724/42/6 4741/42/6 4740/69/163
f 4724/42/4 4741/42/164 4742/39/165 4725/39/4
f 4729/39/4 4745/66/4 4739/32/166 4727/32/142
f 4726/31/143 4743/67/167 4744/42/4 4728/42/4
f 4728/42/4 4744/42/4 4745/66/4 4729/39/4
f 4723/76/115 4727/32/142 4739/32/166 4738/60/162
f 4760/58/170 4761/35/173 4751/35/172 4747/78/171
f 4764/73/174 4767/25/177 4750/25/176 4746/25/175
f 4767/25/177 4768/75/40 4752/43/40 4750/25/176
f 4768/75/40 4769/74/40 4753/41/40 4752/43/40
f 4769/74/40 4763/35/173 4751/35/172 4753/41/40
f 4764/73/174 4746/25/175 4748/43/38 4765/43/38
f 4765/43/180 4766/72/181 4749/72/40 4748/43/40
f 4766/72/34 4749/72/34 4747/78/171 4762/58/170
f 4746/25/175 4750/25/176 4757/63/177 4754/25/174
f 4750/25/176 4752/43/40 4758/62/40 4757/63/177
f 4752/43/40 4753/41/40 4759/41/40 4758/62/40
f 4753/41/40 4751/35/172 4761/35/173 4759/41/40
f 4746/25/175 4754/25/174 4755/43/38 4748/43/38
f 4748/43/40 4749/72/40 4756/41/179 4755/43/178
f 4749/72/34 4756/41/34 4760/58/170 4747/78/171
f 4747/78/171 4751/35/172 4763/35/173 4762/58/170
f 4741/13/164 4755/13/178 4756/13/179 4742/13/165
f 4756/13/179 4749/13/183 4766/13/181 4732/13/168 4725/13/183 4742/13/165
f 4772/4/1 4770/6/1 4771/5/1 4773/3/1
f 4774/11/3 4776/1/3 4777/2/3 4775/12/3
f 4676/71/4 4680/70/149 4779/76/115 4781/39/6
f 4674/64/4 4675/42/4 4780/42/6 4778/77/116
f 4675/42/4 4780/42/4 4781/39/4 4676/71/4
f 4679/39/149 4785/39/4 4783/32/142 4681/32/149
f 4677/31/4 4782/31/143 4784/42/4 4678/42/4
f 4678/42/4 4784/42/4 4785/39/4 4679/39/149
f 4680/70/149 4681/32/149 4783/32/142 4779/76/115
f 4781/39/6 4779/76/115 4682/60/115 4686/39/6
f 4778/77/116 4780/42/6 4685/42/6 4684/69/116
f 4780/42/4 4685/42/4 4686/39/4 4781/39/4
f 4785/39/4 4689/66/4 4683/32/142 4783/32/142
f 4782/31/143 4687/67/143 4688/42/4 4784/42/4
f 4784/42/4 4688/42/4 4689/66/4 4785/39/4
f 4779/76/115 4783/32/142 4683/32/142 4682/60/115
f 4800/58/170 4801/35/173 4791/35/172 4787/78/171
f 4804/73/174 4807/25/177 4790/25/176 4786/25/175
f 4807/25/177 4808/75/40 4792/43/40 4790/25/176
f 4808/75/40 4809/74/40 4793/41/40 4792/43/40
f 4809/74/40 4803/35/173 4791/35/172 4793/41/40
f 4804/73/174 4786/25/175 4788/43/38 4805/43/38
f 4805/43/186 4806/72/187 4789/72/40 4788/43/40
f 4806/72/34 4789/72/34 4787/78/171 4802/58/170
f 4786/25/175 4790/25/176 4797/63/177 4794/25/174
f 4790/25/176 4792/43/40 4798/62/40 4797/63/177
f 4792/43/40 4793/41/40 4799/41/40 4798/62/40
f 4793/41/40 4791/35/172 4801/35/173 4799/41/40
f 4786/25/175 4794/25/174 4795/43/38 4788/43/38
f 4788/43/40 4789/72/40 4796/41/185 4795/43/184
f 4789/72/34 4796/41/34 4800/58/170 4787/78/171
f 4787/78/171 4791/35/172 4803/35/173 4802/58/170
f 4685/13/189 4795/13/184 4796/13/185 4686/13/192
f 4675/13/190 4676/13/191 4806/13/187 4805/13/186
f 4796/13/185 4789/13/282 4806/13/187 4676/13/191 4781/13/282 4686/13/192
f 4712/4/3 4811/3/3 4810/5/3 4710/6/3
f 4714/11/1 4812/12/1 4813/2/1 4716/1/1
s 0
f 4820/20/1 4814/22/1 4817/21/1 4818/18/1 4815/15/1 4816/14/1 4819/16/1
f 4827/22/3 4821/20/3 4822/16/3 4825/17/3 4826/15/3 4823/18/3 4824/19/3
f 4834/25/2 4835/27/2 3075/3/2 4837/26/2
f 4835/27/1 4836/28/1 3073/5/1 3075/3/1
f 4831/29/4 4828/30/4 4832/6/4 4833/4/4
f 4833/33/1 4832/34/1 4836/28/1 4835/27/1
f 4831/31/2 4833/33/2 4835/27/2 4834/25/2
f 4838/35/5 4839/36/5 4830/36/5 4829/35/5
f 4847/37/6 4837/37/6 4830/38/6 4839/38/6
f 4832/34/5 4828/32/5 4829/35/5 4836/28/5
f 3075/3/6 3073/5/6 4830/38/6 4837/37/6
f 4834/25/2 4837/26/2 4847/26/2 4842/25/2
f 4836/28/5 4829/35/5 4830/36/5 3073/5/5
f 4831/31/3 4834/25/3 4829/35/3 4828/32/3
f 4840/31/1 4845/32/1 4838/35/1 4842/25/1
f 4842/25/2 4847/26/2 3057/3/2 4843/27/2
f 4843/27/3 3057/3/3 3055/5/3 4844/28/3
f 4840/29/4 4846/4/4 4841/6/4 4845/30/4
f 4846/33/3 4843/27/3 4844/28/3 4841/34/3
f 4840/31/2 4842/25/2 4843/27/2 4846/33/2
f 4841/34/5 4844/28/5 4838/35/5 4845/32/5
f 3057/3/6 4847/37/6 4839/38/6 3055/5/6
f 4844/28/5 3055/5/5 4839/36/5 4838/35/5
f 4834/25/4 4842/25/4 4838/35/4 4829/35/4
f 3056/4/1 3054/6/1 3055/5/1 3057/3/1
f 3064/20/1 3058/22/1 3061/21/1 3062/18/1 3059/15/1 3060/14/1 3063/16/1
f 3072/11/3 3074/1/3 3075/2/3 3073/12/3
f 3091/22/3 3085/20/3 3086/16/3 3089/17/3 3090/15/3 3087/18/3 3088/19/3
s 1
f 4852/46/93 4853/49/93 4854/48/94 4855/47/94
f 4853/49/93 4852/46/93 4856/53/6 4848/52/6 4849/51/6 4858/50/6
f 4854/48/94 4859/57/4 4850/56/4 4851/55/4 4857/54/4 4855/47/94
f 4860/46/95 4863/47/96 4862/48/96 4861/49/95
f 4861/49/95 4866/50/6 4849/51/6 4848/52/6 4864/53/6 4860/46/95
f 4862/48/96 4863/47/96 4865/54/4 4851/55/4 4850/56/4 4867/57/4
f 4872/25/99 4868/25/101 4870/35/102 4874/35/100
f 4873/31/98 4875/32/97 4871/32/103 4869/31/104
f 4948/41/287 4888/41/286 4878/35/456 4952/58/288
f 4920/59/6 4917/60/116 4879/32/284 4890/39/283
f 4914/31/115 4918/42/6 4891/42/299 4877/31/301
f 4891/42/299 4890/39/283 4888/41/286 4889/43/300
f 4947/43/297 4889/43/300 4888/41/286 4948/41/287
f 4946/25/298 4876/25/302 4889/43/300 4947/43/297
f 4885/42/294 4887/43/295 4886/40/290 4884/39/291
f 4918/42/6 4920/59/6 4890/39/283 4891/42/299
f 4896/31/130 4897/32/127 4852/35/128 4895/25/129
f 4895/25/129 4852/35/128 4860/35/131 4892/25/132
f 4893/31/134 4892/25/132 4860/35/131 4894/32/133
f 4896/31/130 4893/31/134 4894/32/133 4897/32/127
f 4951/41/55 4953/35/308 4900/35/304 4910/41/303
f 4928/61/4 4912/39/96 4901/32/305 4925/32/143
f 4922/31/142 4899/31/313 4913/42/96 4926/42/4
f 4913/42/96 4911/43/303 4910/41/303 4912/39/96
f 4899/31/313 4898/25/314 4911/43/303 4913/42/96
f 4950/62/55 4951/41/55 4910/41/303 4911/43/303
f 4949/63/312 4950/62/55 4911/43/303 4898/25/314
f 4907/42/94 4906/39/94 4908/40/306 4909/43/306
f 4903/31/310 4907/42/94 4909/43/306 4902/25/311
f 4926/42/4 4913/42/96 4912/39/96 4928/61/4
f 4872/25/99 4895/25/129 4892/25/132 4868/25/101
f 4869/31/104 4893/31/134 4896/31/130 4873/31/98
f 4875/32/97 4897/32/127 4894/32/133 4871/32/103
f 4870/35/102 4860/35/131 4852/35/128 4874/35/100
f 4946/25/298 4949/63/312 4898/25/314 4876/25/302
f 4915/64/6 4923/65/6 4903/31/310 4881/31/293
f 4917/60/116 4925/32/143 4901/32/305 4879/32/284
f 4954/58/315 4955/35/316 4904/35/307 4882/35/455
f 4883/32/292 4905/32/309 4924/32/4 4916/32/4
f 4938/60/116 4939/32/143 4925/32/143 4917/60/116
f 4877/31/301 4899/31/313 4922/31/142 4914/31/115
f 4930/64/6 4933/31/6 4923/65/6 4915/64/6
f 4907/42/94 4927/42/6 4929/39/6 4906/39/94
f 4944/42/4 4926/42/4 4928/61/4 4945/66/4
f 4903/31/310 4923/65/6 4927/42/6 4907/42/94
f 4943/67/142 4922/31/142 4926/42/4 4944/42/4
f 4906/39/94 4929/39/6 4924/32/4 4905/32/309
f 4945/66/4 4928/61/4 4925/32/143 4939/32/143
f 4885/42/294 4884/39/291 4921/39/4 4919/68/4
f 4941/42/6 4942/39/6 4920/59/6 4918/42/6
f 4881/31/293 4885/42/294 4919/68/4 4915/64/6
f 4940/69/115 4941/42/6 4918/42/6 4914/31/115
f 4884/39/291 4883/32/292 4916/32/4 4921/39/4
f 4942/39/6 4938/60/116 4917/60/116 4920/59/6
f 4916/32/4 4924/32/4 4937/32/4 4936/70/4
f 4927/42/6 4934/42/149 4935/39/149 4929/39/6
f 4923/65/6 4933/31/6 4934/42/149 4927/42/6
f 4929/39/6 4935/39/149 4937/32/4 4924/32/4
f 4919/68/4 4921/39/4 4932/71/4 4931/42/4
f 4915/64/6 4919/68/4 4931/42/4 4930/64/6
f 4921/39/4 4916/32/4 4936/70/4 4932/71/4
f 4914/31/115 4922/31/142 4943/67/142 4940/69/115
f 4878/35/456 4900/35/304 4953/35/308 4952/58/288
f 4886/40/290 4958/72/287 4954/58/315 4882/35/455
f 4887/43/295 4957/43/297 4958/72/287 4886/40/290
f 4880/25/296 4956/73/298 4957/43/297 4887/43/295
f 4908/40/306 4904/35/307 4955/35/316 4961/74/55
f 4909/43/306 4908/40/306 4961/74/55 4960/75/55
f 4902/25/311 4909/43/306 4960/75/55 4959/25/312
f 4880/25/296 4902/25/311 4959/25/312 4956/73/298
f 4962/11/157 4964/1/154 4965/2/155 4963/12/156
f 4966/6/143 4962/8/157 4963/7/156 4967/5/116
f 4964/9/154 4962/10/157 4966/6/143 4968/4/142
f 4969/3/115 4967/5/116 4963/45/156 4965/44/155
f 4976/4/161 4974/6/159 4975/5/158 4977/3/160
f 4972/9/142 4970/10/143 4974/6/159 4976/4/161
f 4977/3/160 4975/5/158 4971/45/116 4973/44/115
f 4988/71/6 4992/70/163 4979/76/116 4981/39/6
f 4986/64/162 4987/42/6 4980/42/6 4978/77/115
f 4987/42/320 4980/42/4 4981/39/4 4988/71/319
f 4991/39/4 4985/39/4 4983/32/143 4993/32/167
f 4989/31/166 4982/31/142 4984/42/4 4990/42/4
f 4990/42/4 4984/42/4 4985/39/4 4991/39/4
f 4996/69/162 4999/67/166 4982/31/142 4978/77/115
f 4992/70/163 4993/32/167 4983/32/143 4979/76/116
f 4978/77/115 4982/31/142 4989/31/166 4986/64/162
f 4981/39/6 4979/76/116 4994/60/163 4998/39/6
f 4978/77/115 4980/42/6 4997/42/6 4996/69/162
f 4980/42/4 4997/42/317 4998/39/318 4981/39/4
f 4985/39/4 5001/66/4 4995/32/167 4983/32/143
f 4982/31/142 4999/67/166 5000/42/4 4984/42/4
f 4984/42/4 5000/42/4 5001/66/4 4985/39/4
f 4979/76/116 4983/32/143 4995/32/167 4994/60/163
f 5016/58/321 5017/35/324 5007/35/323 5003/78/322
f 5020/73/325 5023/25/328 5006/25/327 5002/25/326
f 5023/25/328 5024/75/55 5008/43/55 5006/25/327
f 5024/75/55 5025/74/55 5009/41/55 5008/43/55
f 5025/74/55 5019/35/324 5007/35/323 5009/41/55
f 5020/73/325 5002/25/326 5004/43/53 5021/43/53
f 5021/43/331 5022/72/332 5005/72/55 5004/43/55
f 5022/72/49 5005/72/49 5003/78/322 5018/58/321
f 5002/25/326 5006/25/327 5013/63/328 5010/25/325
f 5006/25/327 5008/43/55 5014/62/55 5013/63/328
f 5008/43/55 5009/41/55 5015/41/55 5014/62/55
f 5009/41/55 5007/35/323 5017/35/324 5015/41/55
f 5002/25/326 5010/25/325 5011/43/53 5004/43/53
f 5004/43/55 5005/72/55 5012/41/330 5011/43/329
f 5005/72/49 5012/41/49 5016/58/321 5003/78/322
f 5003/78/322 5007/35/323 5019/35/324 5018/58/321
f 5011/13/329 4997/13/317 4980/13/333 4987/13/320 5021/13/331 5004/13/333
f 4997/13/317 5011/13/329 5012/13/330 4998/13/318
f 4987/13/320 4988/13/319 5022/13/332 5021/13/331
f 5012/13/330 5005/13/334 5022/13/332 4988/13/319 4981/13/334 4998/13/318
f 5028/4/3 5026/6/3 5027/5/3 5029/3/3
f 5030/11/1 5032/1/1 5033/2/1 5031/12/1
f 4932/71/4 4936/70/4 5035/76/116 5037/39/6
f 4930/64/6 4931/42/4 5036/42/6 5034/77/115
f 4931/42/4 5036/42/4 5037/39/4 4932/71/4
f 4935/39/149 5041/39/4 5039/32/143 4937/32/4
f 4933/31/6 5038/31/142 5040/42/4 4934/42/149
f 4934/42/149 5040/42/4 5041/39/4 4935/39/149
f 4940/69/115 4943/67/142 5038/31/142 5034/77/115
f 4936/70/4 4937/32/4 5039/32/143 5035/76/116
f 5034/77/115 5038/31/142 4933/31/6 4930/64/6
f 5037/39/6 5035/76/116 4938/60/116 4942/39/6
f 5034/77/115 5036/42/6 4941/42/6 4940/69/115
f 5036/42/4 4941/42/4 4942/39/4 5037/39/4
f 5041/39/4 4945/66/4 4939/32/143 5039/32/143
f 5038/31/142 4943/67/142 4944/42/4 5040/42/4
f 5040/42/4 4944/42/4 4945/66/4 5041/39/4
f 5035/76/116 5039/32/143 4939/32/143 4938/60/116
f 5056/58/321 5057/35/324 5047/35/323 5043/78/322
f 5060/73/325 5063/25/328 5046/25/327 5042/25/326
f 5063/25/328 5064/75/55 5048/43/55 5046/25/327
f 5064/75/55 5065/74/55 5049/41/55 5048/43/55
f 5065/74/55 5059/35/324 5047/35/323 5049/41/55
f 5060/73/325 5042/25/326 5044/43/53 5061/43/53
f 5061/43/337 5062/72/338 5045/72/55 5044/43/55
f 5062/72/49 5045/72/49 5043/78/322 5058/58/321
f 5042/25/326 5046/25/327 5053/63/328 5050/25/325
f 5046/25/327 5048/43/55 5054/62/55 5053/63/328
f 5048/43/55 5049/41/55 5055/41/55 5054/62/55
f 5049/41/55 5047/35/323 5057/35/324 5055/41/55
f 5042/25/326 5050/25/325 5051/43/53 5044/43/53
f 5044/43/55 5045/72/55 5052/41/336 5051/43/335
f 5045/72/49 5052/41/49 5056/58/321 5043/78/322
f 5043/78/322 5047/35/323 5059/35/324 5058/58/321
f 5051/13/335 4941/13/340 5036/13/339 4931/13/341 5061/13/337 5044/13/339
f 4941/13/340 5051/13/335 5052/13/336 4942/13/343
f 4931/13/341 4932/13/342 5062/13/338 5061/13/337
f 5052/13/336 5045/13/344 5062/13/338 4932/13/342 5037/13/344 4942/13/343
f 4968/4/1 5067/3/1 5066/5/1 4966/6/1
f 4970/11/3 5068/12/3 5069/2/3 4972/1/3
s 0
f 5078/25/5 5079/27/5 5077/3/5 5081/26/5
f 5079/27/3 5080/28/3 5075/5/3 5077/3/3
f 5073/29/4 5070/30/4 5074/6/4 5076/4/4
f 5073/31/6 5070/32/6 5091/32/6 5084/31/6
f 5076/33/3 5074/34/3 5080/28/3 5079/27/3
f 5073/31/5 5076/33/5 5079/27/5 5078/25/5
f 5082/35/2 5083/36/2 5072/36/2 5071/35/2
f 5093/37/6 5081/37/6 5072/38/6 5083/38/6
f 5074/34/2 5070/32/2 5071/35/2 5080/28/2
f 5077/3/6 5075/5/6 5072/38/6 5081/37/6
f 5078/25/5 5081/26/5 5093/26/5 5088/25/5
f 5080/28/2 5071/35/2 5072/36/2 5075/5/2
f 5073/31/1 5078/25/1 5071/35/1 5070/32/1
f 5084/31/3 5091/32/3 5082/35/3 5088/25/3
f 5088/25/5 5093/26/5 5087/3/5 5089/27/5
f 5089/27/1 5087/3/1 5086/5/1 5090/28/1
f 5084/29/4 5092/4/4 5085/6/4 5091/30/4
f 5092/33/1 5089/27/1 5090/28/1 5085/34/1
f 5084/31/5 5088/25/5 5089/27/5 5092/33/5
f 5085/34/2 5090/28/2 5082/35/2 5091/32/2
f 5087/3/6 5093/37/6 5083/38/6 5086/5/6
f 5090/28/2 5086/5/2 5083/36/2 5082/35/2
f 5078/25/4 5088/25/4 5082/35/4 5071/35/4
f 5100/20/3 5094/22/3 5097/21/3 5098/18/3 5095/15/3 5096/14/3 5099/16/3
f 5107/22/1 5101/20/1 5102/16/1 5105/17/1 5106/15/1 5103/18/1 5104/19/1
s 1
f 5112/46/93 5113/49/93 5114/48/94 5115/47/94
f 5113/49/93 5112/46/93 5116/53/6 5108/52/6 5109/51/6 5118/50/6
f 5114/48/94 5119/57/4 5110/56/4 5111/55/4 5117/54/4 5115/47/94
f 5120/46/95 5123/47/96 5122/48/96 5121/49/95
f 5121/49/95 5126/50/6 5109/51/6 5108/52/6 5124/53/6 5120/46/95
f 5122/48/96 5123/47/96 5125/54/4 5111/55/4 5110/56/4 5127/57/4
f 5132/25/99 5128/25/101 5130/35/102 5134/35/100
f 5133/31/98 5135/32/97 5131/32/103 5129/31/104
f 5208/41/287 5148/41/286 5138/35/456 5212/58/315
f 5180/59/6 5177/60/116 5139/32/284 5150/39/283
f 5174/31/115 5178/42/6 5151/42/457 5137/31/301
f 5151/42/457 5150/39/283 5148/41/286 5149/43/300
f 5207/43/297 5149/43/300 5148/41/286 5208/41/287
f 5206/25/298 5136/25/302 5149/43/300 5207/43/297
f 5145/42/294 5147/43/295 5146/40/290 5144/39/291
f 5178/42/6 5180/59/6 5150/39/283 5151/42/457
f 5156/31/130 5157/32/127 5112/35/128 5155/25/129
f 5155/25/129 5112/35/128 5120/35/131 5152/25/132
f 5153/31/134 5152/25/132 5120/35/131 5154/32/133
f 5156/31/130 5153/31/134 5154/32/133 5157/32/127
f 5211/41/55 5213/35/308 5160/35/304 5170/41/303
f 5188/61/4 5172/39/96 5161/32/305 5185/32/143
f 5182/31/142 5159/31/313 5173/42/96 5186/42/4
f 5173/42/96 5171/43/303 5170/41/303 5172/39/96
f 5159/31/313 5158/25/314 5171/43/303 5173/42/96
f 5210/62/55 5211/41/55 5170/41/303 5171/43/303
f 5209/63/312 5210/62/55 5171/43/303 5158/25/314
f 5167/42/94 5166/39/94 5168/40/306 5169/43/306
f 5163/31/310 5167/42/94 5169/43/306 5162/25/458
f 5186/42/4 5173/42/96 5172/39/96 5188/61/4
f 5132/25/99 5155/25/129 5152/25/132 5128/25/101
f 5129/31/104 5153/31/134 5156/31/130 5133/31/98
f 5135/32/97 5157/32/127 5154/32/133 5131/32/103
f 5130/35/102 5120/35/131 5112/35/128 5134/35/100
f 5206/25/298 5209/63/312 5158/25/314 5136/25/302
f 5175/64/6 5183/65/6 5163/31/310 5141/31/293
f 5177/60/116 5185/32/143 5161/32/305 5139/32/284
f 5214/58/315 5215/35/316 5164/35/307 5142/35/455
f 5143/32/292 5165/32/309 5184/32/459 5176/32/460
f 5198/60/116 5199/32/143 5185/32/143 5177/60/116
f 5137/31/301 5159/31/313 5182/31/142 5174/31/115
f 5190/64/4 5193/31/4 5183/65/6 5175/64/6
f 5167/42/94 5187/42/149 5189/39/461 5166/39/94
f 5204/42/4 5186/42/4 5188/61/4 5205/66/4
f 5163/31/310 5183/65/6 5187/42/149 5167/42/94
f 5203/67/142 5182/31/142 5186/42/4 5204/42/4
f 5166/39/94 5189/39/461 5184/32/459 5165/32/309
f 5205/66/4 5188/61/4 5185/32/143 5199/32/143
f 5145/42/294 5144/39/291 5181/39/149 5179/68/149
f 5201/42/6 5202/39/6 5180/59/6 5178/42/6
f 5141/31/293 5145/42/294 5179/68/149 5175/64/6
f 5200/69/115 5201/42/6 5178/42/6 5174/31/115
f 5144/39/291 5143/32/292 5176/32/460 5181/39/149
f 5202/39/6 5198/60/116 5177/60/116 5180/59/6
f 5176/32/460 5184/32/459 5197/32/6 5196/70/6
f 5187/42/149 5194/42/6 5195/39/6 5189/39/461
f 5183/65/6 5193/31/4 5194/42/6 5187/42/149
f 5189/39/461 5195/39/6 5197/32/6 5184/32/459
f 5179/68/149 5181/39/149 5192/71/4 5191/42/4
f 5175/64/6 5179/68/149 5191/42/4 5190/64/4
f 5181/39/149 5176/32/460 5196/70/6 5192/71/4
f 5174/31/115 5182/31/142 5203/67/142 5200/69/115
f 5138/35/456 5160/35/304 5213/35/308 5212/58/315
f 5146/40/290 5218/72/287 5214/58/315 5142/35/455
f 5147/43/295 5217/43/297 5218/72/287 5146/40/290
f 5140/25/296 5216/73/298 5217/43/297 5147/43/295
f 5168/40/306 5164/35/307 5215/35/316 5221/74/55
f 5169/43/306 5168/40/306 5221/74/55 5220/75/55
f 5162/25/458 5169/43/306 5220/75/55 5219/25/312
f 5140/25/296 5162/25/458 5219/25/312 5216/73/298
f 5222/11/157 5224/1/154 5225/2/155 5223/12/156
f 5226/6/143 5222/8/157 5223/7/156 5227/5/116
f 5224/9/154 5222/10/157 5226/6/143 5228/4/142
f 5229/3/115 5227/5/116 5223/45/156 5225/44/155
f 5236/4/161 5234/6/159 5235/5/158 5237/3/160
f 5232/9/142 5230/10/143 5234/6/159 5236/4/161
f 5237/3/160 5235/5/158 5231/45/116 5233/44/115
f 5248/71/6 5252/70/163 5239/76/116 5241/39/6
f 5246/64/162 5247/42/6 5240/42/6 5238/77/115
f 5247/42/320 5240/42/4 5241/39/4 5248/71/319
f 5251/39/4 5245/39/4 5243/32/143 5253/32/167
f 5249/31/166 5242/31/142 5244/42/4 5250/42/4
f 5250/42/4 5244/42/4 5245/39/4 5251/39/4
f 5256/69/162 5259/67/166 5242/31/142 5238/77/115
f 5252/70/163 5253/32/167 5243/32/143 5239/76/116
f 5238/77/115 5242/31/142 5249/31/166 5246/64/162
f 5241/39/6 5239/76/116 5254/60/163 5258/39/6
f 5238/77/115 5240/42/6 5257/42/6 5256/69/162
f 5240/42/4 5257/42/317 5258/39/318 5241/39/4
f 5245/39/4 5261/66/4 5255/32/167 5243/32/143
f 5242/31/142 5259/67/166 5260/42/4 5244/42/4
f 5244/42/4 5260/42/4 5261/66/4 5245/39/4
f 5239/76/116 5243/32/143 5255/32/167 5254/60/163
f 5276/58/321 5277/35/324 5267/35/323 5263/78/322
f 5280/73/325 5283/25/328 5266/25/327 5262/25/326
f 5283/25/328 5284/75/55 5268/43/55 5266/25/327
f 5284/75/55 5285/74/55 5269/41/55 5268/43/55
f 5285/74/55 5279/35/324 5267/35/323 5269/41/55
f 5280/73/325 5262/25/326 5264/43/53 5281/43/53
f 5281/43/331 5282/72/332 5265/72/55 5264/43/55
f 5282/72/49 5265/72/49 5263/78/322 5278/58/321
f 5262/25/326 5266/25/327 5273/63/328 5270/25/325
f 5266/25/327 5268/43/55 5274/62/55 5273/63/328
f 5268/43/55 5269/41/55 5275/41/55 5274/62/55
f 5269/41/55 5267/35/323 5277/35/324 5275/41/55
f 5262/25/326 5270/25/325 5271/43/53 5264/43/53
f 5264/43/55 5265/72/55 5272/41/330 5271/43/329
f 5265/72/49 5272/41/49 5276/58/321 5263/78/322
f 5263/78/322 5267/35/323 5279/35/324 5278/58/321
f 5271/13/329 5257/13/317 5240/13/333 5247/13/320 5281/13/331 5264/13/333
f 5257/13/317 5271/13/329 5272/13/330 5258/13/318
f 5247/13/320 5248/13/319 5282/13/332 5281/13/331
f 5272/13/330 5265/13/334 5282/13/332 5248/13/319 5241/13/334 5258/13/318
f 5288/4/3 5286/6/3 5287/5/3 5289/3/3
f 5290/11/1 5292/1/1 5293/2/1 5291/12/1
f 5192/71/4 5196/70/6 5295/76/116 5297/39/6
f 5190/64/4 5191/42/4 5296/42/6 5294/77/115
f 5191/42/4 5296/42/4 5297/39/4 5192/71/4
f 5195/39/6 5301/39/4 5299/32/143 5197/32/6
f 5193/31/4 5298/31/142 5300/42/4 5194/42/6
f 5194/42/6 5300/42/4 5301/39/4 5195/39/6
f 5200/69/115 5203/67/142 5298/31/142 5294/77/115
f 5196/70/6 5197/32/6 5299/32/143 5295/76/116
f 5294/77/115 5298/31/142 5193/31/4 5190/64/4
f 5297/39/6 5295/76/116 5198/60/116 5202/39/6
f 5294/77/115 5296/42/6 5201/42/6 5200/69/115
f 5296/42/4 5201/42/4 5202/39/4 5297/39/4
f 5301/39/4 5205/66/4 5199/32/143 5299/32/143
f 5298/31/142 5203/67/142 5204/42/4 5300/42/4
f 5300/42/4 5204/42/4 5205/66/4 5301/39/4
f 5295/76/116 5299/32/143 5199/32/143 5198/60/116
f 5316/58/321 5317/35/324 5307/35/323 5303/78/322
f 5320/73/325 5323/25/328 5306/25/327 5302/25/326
f 5323/25/328 5324/75/55 5308/43/55 5306/25/327
f 5324/75/55 5325/74/55 5309/41/55 5308/43/55
f 5325/74/55 5319/35/324 5307/35/323 5309/41/55
f 5320/73/325 5302/25/326 5304/43/53 5321/43/53
f 5321/43/337 5322/72/338 5305/72/55 5304/43/55
f 5322/72/49 5305/72/49 5303/78/322 5318/58/321
f 5302/25/326 5306/25/327 5313/63/328 5310/25/325
f 5306/25/327 5308/43/55 5314/62/55 5313/63/328
f 5308/43/55 5309/41/55 5315/41/55 5314/62/55
f 5309/41/55 5307/35/323 5317/35/324 5315/41/55
f 5302/25/326 5310/25/325 5311/43/53 5304/43/53
f 5304/43/55 5305/72/55 5312/41/336 5311/43/335
f 5305/72/49 5312/41/49 5316/58/321 5303/78/322
f 5303/78/322 5307/35/323 5319/35/324 5318/58/321
f 5311/13/335 5201/13/340 5296/13/339 5191/13/341 5321/13/337 5304/13/339
f 5201/13/340 5311/13/335 5312/13/336 5202/13/343
f 5191/13/341 5192/13/342 5322/13/338 5321/13/337
f 5312/13/336 5305/13/348 5322/13/338 5192/13/342 5297/13/348 5202/13/343
f 5228/4/1 5327/3/1 5326/5/1 5226/6/1
f 5230/11/3 5328/12/3 5329/2/3 5232/1/3
s 0
f 5336/25/5 5337/27/5 3095/3/5 5339/26/5
f 5337/27/3 5338/28/3 3093/5/3 3095/3/3
f 5333/29/4 5330/30/4 5334/6/4 5335/4/4
f 5333/31/6 5330/32/6 5347/32/6 5342/31/6
f 5335/33/3 5334/34/3 5338/28/3 5337/27/3
f 5333/31/5 5335/33/5 5337/27/5 5336/25/5
f 5340/35/2 5341/36/2 5332/36/2 5331/35/2
f 5349/37/6 5339/37/6 5332/38/6 5341/38/6
f 5334/34/2 5330/32/2 5331/35/2 5338/28/2
f 3095/3/6 3093/5/6 5332/38/6 5339/37/6
f 5336/25/5 5339/26/5 5349/26/5 5344/25/5
f 5338/28/2 5331/35/2 5332/36/2 3093/5/2
f 5333/31/1 5336/25/1 5331/35/1 5330/32/1
f 5342/31/3 5347/32/3 5340/35/3 5344/25/3
f 5344/25/5 5349/26/5 3119/3/5 5345/27/5
f 5345/27/1 3119/3/1 3117/5/1 5346/28/1
f 5342/29/4 5348/4/4 5343/6/4 5347/30/4
f 5348/33/1 5345/27/1 5346/28/1 5343/34/1
f 5342/31/5 5344/25/5 5345/27/5 5348/33/5
f 5343/34/2 5346/28/2 5340/35/2 5347/32/2
f 3119/3/6 5349/37/6 5341/38/6 3117/5/6
f 5346/28/2 3117/5/2 5341/36/2 5340/35/2
f 5336/25/4 5344/25/4 5340/35/4 5331/35/4
f 5356/20/3 5350/22/3 5353/21/3 5354/18/3 5351/15/3 5352/14/3 5355/16/3
f 5363/22/1 5357/20/1 5358/16/1 5361/17/1 5362/15/1 5359/18/1 5360/19/1
f 5364/11/3 5366/1/3 5367/2/3 5365/12/3
f 5366/1/2 2643/4/2 2644/3/2 5367/2/2
f 2641/6/5 5364/8/5 5365/7/5 2642/5/5
f 5366/9/4 5364/10/4 2641/6/4 2643/4/4
f 2644/3/6 2642/5/6 5365/45/6 5367/44/6
f 5374/20/1 5368/22/1 5371/21/1 5372/18/1 5369/15/1 5370/14/1 5373/16/1
f 5381/22/3 5375/20/3 5376/16/3 5379/17/3 5380/15/3 5377/18/3 5378/19/3
f 5382/11/3 5384/1/3 5385/2/3 5383/12/3
f 5384/1/2 5366/4/2 5367/3/2 5385/2/2
f 5364/6/5 5382/8/5 5383/7/5 5365/5/5
f 5384/9/4 5382/10/4 5364/6/4 5366/4/4
f 5367/3/6 5365/5/6 5383/45/6 5385/44/6
f 5392/20/1 5386/22/1 5389/21/1 5390/18/1 5387/15/1 5388/14/1 5391/16/1
f 5399/22/3 5393/20/3 5394/16/3 5397/17/3 5398/15/3 5395/18/3 5396/19/3
f 3724/4/1 3722/6/1 3723/5/1 3725/3/1
f 3750/20/1 3744/22/1 3747/21/1 3748/18/1 3745/15/1 3746/14/1 3749/16/1
f 5400/11/1 5402/1/1 5403/2/1 5401/12/1
f 5402/1/5 5406/4/5 5407/3/5 5403/2/5
f 5406/4/3 5404/6/3 5405/5/3 5407/3/3
f 5404/6/2 5400/8/2 5401/7/2 5405/5/2
f 5402/9/4 5400/10/4 5404/6/4 5406/4/4
f 5407/3/6 5405/5/6 5401/45/6 5403/44/6
f 5414/20/3 5408/22/3 5411/21/3 5412/18/3 5409/15/3 5410/14/3 5413/16/3
f 5421/22/1 5415/20/1 5416/16/1 5419/17/1 5420/15/1 5417/18/1 5418/19/1
f 5422/11/1 5424/1/1 5425/2/1 5423/12/1
f 5424/1/5 5402/4/5 5403/3/5 5425/2/5
f 5400/6/2 5422/8/2 5423/7/2 5401/5/2
f 5424/9/4 5422/10/4 5400/6/4 5402/4/4
f 5403/3/6 5401/5/6 5423/45/6 5425/44/6
f 5432/20/3 5426/22/3 5429/21/3 5430/18/3 5427/15/3 5428/14/3 5431/16/3
f 5439/22/1 5433/20/1 5434/16/1 5437/17/1 5438/15/1 5435/18/1 5436/19/1
f 5442/4/3 5440/6/3 5441/5/3 5443/3/3
f 5450/20/3 5444/22/3 5447/21/3 5448/18/3 5445/15/3 5446/14/3 5449/16/3
usemtl Trim_Color
f 24/14/7 25/15/7 14/15/7 15/14/7
f 21/16/8 24/17/8 15/17/8 18/16/8
f 22/18/6 23/19/6 16/19/6 17/18/6
f 20/23/1 21/16/1 18/16/1 19/23/1
f 25/15/9 22/18/9 17/18/9 14/15/9
f 26/22/4 20/20/4 19/20/4 13/22/4
f 23/21/3 26/24/3 13/24/3 16/21/3
f 38/14/11 39/15/11 28/15/11 29/14/11
f 35/16/12 38/17/12 29/17/12 32/16/12
f 36/18/6 37/19/6 30/19/6 31/18/6
f 34/23/5 35/16/5 32/16/5 33/23/5
f 39/15/14 36/18/14 31/18/14 28/15/14
f 40/22/4 34/20/4 33/20/4 27/22/4
f 37/21/2 40/24/2 27/24/2 30/21/2
f 52/14/7 53/15/7 42/15/7 43/14/7
f 49/16/8 52/17/8 43/17/8 46/16/8
f 50/18/6 51/19/6 44/19/6 45/18/6
f 48/23/1 49/16/1 46/16/1 47/23/1
f 53/15/15 50/18/15 45/18/15 42/15/15
f 54/22/4 48/20/4 47/20/4 41/22/4
f 51/21/3 54/24/3 41/24/3 44/21/3
f 178/14/30 179/15/30 168/15/30 169/14/30
f 175/16/31 178/17/31 169/17/31 172/16/31
f 176/18/6 177/19/6 170/19/6 171/18/6
f 174/23/2 175/16/2 172/16/2 173/23/2
f 179/15/32 176/18/32 171/18/32 168/15/32
f 180/22/4 174/20/4 173/20/4 167/22/4
f 177/21/5 180/24/5 167/24/5 170/21/5
f 272/14/11 273/15/11 262/15/11 263/14/11
f 269/16/12 272/17/12 263/17/12 266/16/12
f 270/18/6 271/19/6 264/19/6 265/18/6
f 268/23/5 269/16/5 266/16/5 267/23/5
f 273/15/47 270/18/47 265/18/47 262/15/47
f 274/22/4 268/20/4 267/20/4 261/22/4
f 271/21/2 274/24/2 261/24/2 264/21/2
f 342/14/30 343/15/30 332/15/30 333/14/30
f 339/16/31 342/17/31 333/17/31 336/16/31
f 340/18/6 341/19/6 334/19/6 335/18/6
f 338/23/2 339/16/2 336/16/2 337/23/2
f 343/15/32 340/18/32 335/18/32 332/15/32
f 344/22/4 338/20/4 337/20/4 331/22/4
f 341/21/5 344/24/5 331/24/5 334/21/5
f 362/14/30 363/15/30 352/15/30 353/14/30
f 359/16/31 362/17/31 353/17/31 356/16/31
f 360/18/6 361/19/6 354/19/6 355/18/6
f 358/23/2 359/16/2 356/16/2 357/23/2
f 363/15/32 360/18/32 355/18/32 352/15/32
f 364/22/4 358/20/4 357/20/4 351/22/4
f 361/21/5 364/24/5 351/24/5 354/21/5
f 384/14/11 385/15/11 374/15/11 375/14/11
f 381/16/12 384/17/12 375/17/12 378/16/12
f 382/18/6 383/19/6 376/19/6 377/18/6
f 380/23/5 381/16/5 378/16/5 379/23/5
f 385/15/47 382/18/47 377/18/47 374/15/47
f 386/22/4 380/20/4 379/20/4 373/22/4
f 383/21/2 386/24/2 373/24/2 376/21/2
f 404/14/11 405/15/11 394/15/11 395/14/11
f 401/16/12 404/17/12 395/17/12 398/16/12
f 402/18/6 403/19/6 396/19/6 397/18/6
f 400/23/5 401/16/5 398/16/5 399/23/5
f 405/15/47 402/18/47 397/18/47 394/15/47
f 406/22/4 400/20/4 399/20/4 393/22/4
f 403/21/2 406/24/2 393/24/2 396/21/2
f 434/14/62 435/15/62 424/15/62 425/14/62
f 431/16/63 434/17/63 425/17/63 428/16/63
f 432/18/6 433/19/6 426/19/6 427/18/6
f 430/23/3 431/16/3 428/16/3 429/23/3
f 435/15/64 432/18/64 427/18/64 424/15/64
f 436/22/4 430/20/4 429/20/4 423/22/4
f 433/21/1 436/24/1 423/24/1 426/21/1
f 448/14/30 449/15/30 438/15/30 439/14/30
f 445/16/31 448/17/31 439/17/31 442/16/31
f 446/18/6 447/19/6 440/19/6 441/18/6
f 444/23/2 445/16/2 442/16/2 443/23/2
f 449/15/32 446/18/32 441/18/32 438/15/32
f 450/22/4 444/20/4 443/20/4 437/22/4
f 447/21/5 450/24/5 437/24/5 440/21/5
f 478/14/30 479/15/30 468/15/30 469/14/30
f 475/16/31 478/17/31 469/17/31 472/16/31
f 476/18/6 477/19/6 470/19/6 471/18/6
f 474/23/2 475/16/2 472/16/2 473/23/2
f 479/15/67 476/18/67 471/18/67 468/15/67
f 480/22/4 474/20/4 473/20/4 467/22/4
f 477/21/5 480/24/5 467/24/5 470/21/5
f 492/14/7 493/15/7 482/15/7 483/14/7
f 489/16/8 492/17/8 483/17/8 486/16/8
f 490/18/6 491/19/6 484/19/6 485/18/6
f 488/23/1 489/16/1 486/16/1 487/23/1
f 493/15/15 490/18/15 485/18/15 482/15/15
f 494/22/4 488/20/4 487/20/4 481/22/4
f 491/21/3 494/24/3 481/24/3 484/21/3
f 522/14/11 523/15/11 512/15/11 513/14/11
f 519/16/12 522/17/12 513/17/12 516/16/12
f 520/18/6 521/19/6 514/19/6 515/18/6
f 518/23/5 519/16/5 516/16/5 517/23/5
f 523/15/68 520/18/68 515/18/68 512/15/68
f 524/22/4 518/20/4 517/20/4 511/22/4
f 521/21/2 524/24/2 511/24/2 514/21/2
f 536/14/62 537/15/62 526/15/62 527/14/62
f 533/16/63 536/17/63 527/17/63 530/16/63
f 534/18/6 535/19/6 528/19/6 529/18/6
f 532/23/3 533/16/3 530/16/3 531/23/3
f 537/15/64 534/18/64 529/18/64 526/15/64
f 538/22/4 532/20/4 531/20/4 525/22/4
f 535/21/1 538/24/1 525/24/1 528/21/1
f 566/14/7 567/15/7 556/15/7 557/14/7
f 563/16/8 566/17/8 557/17/8 560/16/8
f 564/18/6 565/19/6 558/19/6 559/18/6
f 562/23/1 563/16/1 560/16/1 561/23/1
f 567/15/9 564/18/9 559/18/9 556/15/9
f 568/22/4 562/20/4 561/20/4 555/22/4
f 565/21/3 568/24/3 555/24/3 558/21/3
f 580/14/11 581/15/11 570/15/11 571/14/11
f 577/16/12 580/17/12 571/17/12 574/16/12
f 578/18/6 579/19/6 572/19/6 573/18/6
f 576/23/5 577/16/5 574/16/5 575/23/5
f 581/15/68 578/18/68 573/18/68 570/15/68
f 582/22/4 576/20/4 575/20/4 569/22/4
f 579/21/2 582/24/2 569/24/2 572/21/2
f 606/14/30 607/15/30 596/15/30 597/14/30
f 603/16/31 606/17/31 597/17/31 600/16/31
f 604/18/6 605/19/6 598/19/6 599/18/6
f 602/23/2 603/16/2 600/16/2 601/23/2
f 607/15/32 604/18/32 599/18/32 596/15/32
f 608/22/4 602/20/4 601/20/4 595/22/4
f 605/21/5 608/24/5 595/24/5 598/21/5
f 620/14/71 621/15/71 610/15/71 611/14/71
f 617/16/72 620/17/72 611/17/72 614/16/72
f 618/18/6 619/19/6 612/19/6 613/18/6
f 616/23/73 617/16/73 614/16/73 615/23/73
f 621/15/74 618/18/74 613/18/74 610/15/74
f 622/22/4 616/20/4 615/20/4 609/22/4
f 619/21/75 622/24/75 609/24/75 612/21/75
f 642/14/62 643/15/62 632/15/62 633/14/62
f 639/16/63 642/17/63 633/17/63 636/16/63
f 640/18/6 641/19/6 634/19/6 635/18/6
f 638/23/3 639/16/3 636/16/3 637/23/3
f 643/15/64 640/18/64 635/18/64 632/15/64
f 644/22/4 638/20/4 637/20/4 631/22/4
f 641/21/1 644/24/1 631/24/1 634/21/1
f 664/14/7 665/15/7 654/15/7 655/14/7
f 661/16/8 664/17/8 655/17/8 658/16/8
f 662/18/6 663/19/6 656/19/6 657/18/6
f 660/23/1 661/16/1 658/16/1 659/23/1
f 665/15/9 662/18/9 657/18/9 654/15/9
f 666/22/4 660/20/4 659/20/4 653/22/4
f 663/21/3 666/24/3 653/24/3 656/21/3
f 690/14/7 691/15/7 680/15/7 681/14/7
f 687/16/8 690/17/8 681/17/8 684/16/8
f 688/18/6 689/19/6 682/19/6 683/18/6
f 686/23/1 687/16/1 684/16/1 685/23/1
f 691/15/15 688/18/15 683/18/15 680/15/15
f 692/22/4 686/20/4 685/20/4 679/22/4
f 689/21/3 692/24/3 679/24/3 682/21/3
f 704/14/78 705/15/78 694/15/78 695/14/78
f 701/16/79 704/17/79 695/17/79 698/16/79
f 702/18/6 703/19/6 696/19/6 697/18/6
f 700/23/80 701/16/80 698/16/80 699/23/80
f 705/15/81 702/18/81 697/18/81 694/15/81
f 706/22/4 700/20/4 699/20/4 693/22/4
f 703/21/82 706/24/82 693/24/82 696/21/82
f 726/14/7 727/15/7 716/15/7 717/14/7
f 723/16/8 726/17/8 717/17/8 720/16/8
f 724/18/6 725/19/6 718/19/6 719/18/6
f 722/23/1 723/16/1 720/16/1 721/23/1
f 727/15/15 724/18/15 719/18/15 716/15/15
f 728/22/4 722/20/4 721/20/4 715/22/4
f 725/21/3 728/24/3 715/24/3 718/21/3
f 748/14/7 749/15/7 738/15/7 739/14/7
f 745/16/8 748/17/8 739/17/8 742/16/8
f 746/18/6 747/19/6 740/19/6 741/18/6
f 744/23/1 745/16/1 742/16/1 743/23/1
f 749/15/15 746/18/15 741/18/15 738/15/15
f 750/22/4 744/20/4 743/20/4 737/22/4
f 747/21/3 750/24/3 737/24/3 740/21/3
f 766/14/7 767/15/7 756/15/7 757/14/7
f 763/16/8 766/17/8 757/17/8 760/16/8
f 764/18/6 765/19/6 758/19/6 759/18/6
f 762/23/1 763/16/1 760/16/1 761/23/1
f 767/15/15 764/18/15 759/18/15 756/15/15
f 768/22/4 762/20/4 761/20/4 755/22/4
f 765/21/3 768/24/3 755/24/3 758/21/3
f 788/14/7 789/15/7 778/15/7 779/14/7
f 785/16/8 788/17/8 779/17/8 782/16/8
f 786/18/6 787/19/6 780/19/6 781/18/6
f 784/23/1 785/16/1 782/16/1 783/23/1
f 789/15/15 786/18/15 781/18/15 778/15/15
f 790/22/4 784/20/4 783/20/4 777/22/4
f 787/21/3 790/24/3 777/24/3 780/21/3
f 806/14/7 807/15/7 796/15/7 797/14/7
f 803/16/8 806/17/8 797/17/8 800/16/8
f 804/18/6 805/19/6 798/19/6 799/18/6
f 802/23/1 803/16/1 800/16/1 801/23/1
f 807/15/15 804/18/15 799/18/15 796/15/15
f 808/22/4 802/20/4 801/20/4 795/22/4
f 805/21/3 808/24/3 795/24/3 798/21/3
f 828/14/7 829/15/7 818/15/7 819/14/7
f 825/16/8 828/17/8 819/17/8 822/16/8
f 826/18/6 827/19/6 820/19/6 821/18/6
f 824/23/1 825/16/1 822/16/1 823/23/1
f 829/15/15 826/18/15 821/18/15 818/15/15
f 830/22/4 824/20/4 823/20/4 817/22/4
f 827/21/3 830/24/3 817/24/3 820/21/3
f 854/14/11 855/15/11 844/15/11 845/14/11
f 851/16/12 854/17/12 845/17/12 848/16/12
f 852/18/6 853/19/6 846/19/6 847/18/6
f 850/23/5 851/16/5 848/16/5 849/23/5
f 855/15/68 852/18/68 847/18/68 844/15/68
f 856/22/4 850/20/4 849/20/4 843/22/4
f 853/21/2 856/24/2 843/24/2 846/21/2
f 868/14/84 869/15/84 858/15/84 859/14/84
f 865/16/85 868/17/85 859/17/85 862/16/85
f 866/18/6 867/19/6 860/19/6 861/18/6
f 864/23/86 865/16/86 862/16/86 863/23/86
f 869/15/87 866/18/87 861/18/87 858/15/87
f 870/22/4 864/20/4 863/20/4 857/22/4
f 867/21/69 870/24/69 857/24/69 860/21/69
f 894/14/62 895/15/62 884/15/62 885/14/62
f 891/16/63 894/17/63 885/17/63 888/16/63
f 892/18/6 893/19/6 886/19/6 887/18/6
f 890/23/3 891/16/3 888/16/3 889/23/3
f 895/15/64 892/18/64 887/18/64 884/15/64
f 896/22/4 890/20/4 889/20/4 883/22/4
f 893/21/1 896/24/1 883/24/1 886/21/1
f 908/14/89 909/15/89 898/15/89 899/14/89
f 905/16/90 908/17/90 899/17/90 902/16/90
f 906/18/6 907/19/6 900/19/6 901/18/6
f 904/23/91 905/16/91 902/16/91 903/23/91
f 909/15/92 906/18/92 901/18/92 898/15/92
f 910/22/4 904/20/4 903/20/4 897/22/4
f 907/21/76 910/24/76 897/24/76 900/21/76
f 930/14/62 931/15/62 920/15/62 921/14/62
f 927/16/63 930/17/63 921/17/63 924/16/63
f 928/18/6 929/19/6 922/19/6 923/18/6
f 926/23/3 927/16/3 924/16/3 925/23/3
f 931/15/64 928/18/64 923/18/64 920/15/64
f 932/22/4 926/20/4 925/20/4 919/22/4
f 929/21/1 932/24/1 919/24/1 922/21/1
f 952/14/7 953/15/7 942/15/7 943/14/7
f 949/16/8 952/17/8 943/17/8 946/16/8
f 950/18/6 951/19/6 944/19/6 945/18/6
f 948/23/1 949/16/1 946/16/1 947/23/1
f 953/15/9 950/18/9 945/18/9 942/15/9
f 954/22/4 948/20/4 947/20/4 941/22/4
f 951/21/3 954/24/3 941/24/3 944/21/3
f 970/14/7 971/15/7 960/15/7 961/14/7
f 967/16/8 970/17/8 961/17/8 964/16/8
f 968/18/6 969/19/6 962/19/6 963/18/6
f 966/23/1 967/16/1 964/16/1 965/23/1
f 971/15/15 968/18/15 963/18/15 960/15/15
f 972/22/4 966/20/4 965/20/4 959/22/4
f 969/21/3 972/24/3 959/24/3 962/21/3
f 988/14/7 989/15/7 978/15/7 979/14/7
f 985/16/8 988/17/8 979/17/8 982/16/8
f 986/18/6 987/19/6 980/19/6 981/18/6
f 984/23/1 985/16/1 982/16/1 983/23/1
f 989/15/15 986/18/15 981/18/15 978/15/15
f 990/22/4 984/20/4 983/20/4 977/22/4
f 987/21/3 990/24/3 977/24/3 980/21/3
f 1014/14/7 1015/15/7 1004/15/7 1005/14/7
f 1011/16/8 1014/17/8 1005/17/8 1008/16/8
f 1012/18/6 1013/19/6 1006/19/6 1007/18/6
f 1010/23/1 1011/16/1 1008/16/1 1009/23/1
f 1015/15/9 1012/18/9 1007/18/9 1004/15/9
f 1016/22/4 1010/20/4 1009/20/4 1003/22/4
f 1013/21/3 1016/24/3 1003/24/3 1006/21/3
f 1028/14/78 1029/15/78 1018/15/78 1019/14/78
f 1025/16/79 1028/17/79 1019/17/79 1022/16/79
f 1026/18/6 1027/19/6 1020/19/6 1021/18/6
f 1024/23/80 1025/16/80 1022/16/80 1023/23/80
f 1029/15/81 1026/18/81 1021/18/81 1018/15/81
f 1030/22/4 1024/20/4 1023/20/4 1017/22/4
f 1027/21/82 1030/24/82 1017/24/82 1020/21/82
f 1264/14/30 1265/15/30 1254/15/30 1255/14/30
f 1261/16/31 1264/17/31 1255/17/31 1258/16/31
f 1262/18/6 1263/19/6 1256/19/6 1257/18/6
f 1260/23/2 1261/16/2 1258/16/2 1259/23/2
f 1265/15/67 1262/18/67 1257/18/67 1254/15/67
f 1266/22/4 1260/20/4 1259/20/4 1253/22/4
f 1263/21/5 1266/24/5 1253/24/5 1256/21/5
f 1542/14/7 1543/15/7 1532/15/7 1533/14/7
f 1539/16/8 1542/17/8 1533/17/8 1536/16/8
f 1540/18/6 1541/19/6 1534/19/6 1535/18/6
f 1538/23/1 1539/16/1 1536/16/1 1537/23/1
f 1543/15/15 1540/18/15 1535/18/15 1532/15/15
f 1544/22/4 1538/20/4 1537/20/4 1531/22/4
f 1541/21/3 1544/24/3 1531/24/3 1534/21/3
f 1628/14/30 1629/15/30 1618/15/30 1619/14/30
f 1625/16/31 1628/17/31 1619/17/31 1622/16/31
f 1626/18/6 1627/19/6 1620/19/6 1621/18/6
f 1624/23/2 1625/16/2 1622/16/2 1623/23/2
f 1629/15/32 1626/18/32 1621/18/32 1618/15/32
f 1630/22/4 1624/20/4 1623/20/4 1617/22/4
f 1627/21/5 1630/24/5 1617/24/5 1620/21/5
f 1720/14/11 1721/15/11 1710/15/11 1711/14/11
f 1717/16/12 1720/17/12 1711/17/12 1714/16/12
f 1718/18/6 1719/19/6 1712/19/6 1713/18/6
f 1716/23/5 1717/16/5 1714/16/5 1715/23/5
f 1721/15/47 1718/18/47 1713/18/47 1710/15/47
f 1722/22/4 1716/20/4 1715/20/4 1709/22/4
f 1719/21/2 1722/24/2 1709/24/2 1712/21/2
f 1782/14/7 1783/15/7 1772/15/7 1773/14/7
f 1779/16/8 1782/17/8 1773/17/8 1776/16/8
f 1780/18/6 1781/19/6 1774/19/6 1775/18/6
f 1778/23/1 1779/16/1 1776/16/1 1777/23/1
f 1783/15/15 1780/18/15 1775/18/15 1772/15/15
f 1784/22/4 1778/20/4 1777/20/4 1771/22/4
f 1781/21/3 1784/24/3 1771/24/3 1774/21/3
f 2098/14/30 2099/15/30 2088/15/30 2089/14/30
f 2095/16/31 2098/17/31 2089/17/31 2092/16/31
f 2096/18/6 2097/19/6 2090/19/6 2091/18/6
f 2094/23/2 2095/16/2 2092/16/2 2093/23/2
f 2099/15/67 2096/18/67 2091/18/67 2088/15/67
f 2097/21/5 2100/24/5 2087/24/5 2090/21/5
f 2378/14/11 2379/15/11 2368/15/11 2369/14/11
f 2375/16/12 2378/17/12 2369/17/12 2372/16/12
f 2376/18/6 2377/19/6 2370/19/6 2371/18/6
f 2374/23/5 2375/16/5 2372/16/5 2373/23/5
f 2379/15/47 2376/18/47 2371/18/47 2368/15/47
f 2380/22/4 2374/20/4 2373/20/4 2367/22/4
f 2377/21/2 2380/24/2 2367/24/2 2370/21/2
f 2634/14/11 2635/15/11 2624/15/11 2625/14/11
f 2631/16/12 2634/17/12 2625/17/12 2628/16/12
f 2632/18/6 2633/19/6 2626/19/6 2627/18/6
f 2630/23/5 2631/16/5 2628/16/5 2629/23/5
f 2635/15/47 2632/18/47 2627/18/47 2624/15/47
f 2636/22/4 2630/20/4 2629/20/4 2623/22/4
f 2633/21/2 2636/24/2 2623/24/2 2626/21/2
f 2656/14/30 2657/15/30 2646/15/30 2647/14/30
f 2653/16/31 2656/17/31 2647/17/31 2650/16/31
f 2654/18/6 2655/19/6 2648/19/6 2649/18/6
f 2652/23/2 2653/16/2 2650/16/2 2651/23/2
f 2657/15/32 2654/18/32 2649/18/32 2646/15/32
f 2658/22/4 2652/20/4 2651/20/4 2645/22/4
f 2655/21/5 2658/24/5 2645/24/5 2648/21/5
f 2674/14/30 2675/15/30 2664/15/30 2665/14/30
f 2671/16/31 2674/17/31 2665/17/31 2668/16/31
f 2672/18/6 2673/19/6 2666/19/6 2667/18/6
f 2670/23/2 2671/16/2 2668/16/2 2669/23/2
f 2675/15/32 2672/18/32 2667/18/32 2664/15/32
f 2676/22/4 2670/20/4 2669/20/4 2663/22/4
f 2673/21/5 2676/24/5 2663/24/5 2666/21/5
f 2696/14/11 2697/15/11 2686/15/11 2687/14/11
f 2693/16/12 2696/17/12 2687/17/12 2690/16/12
f 2694/18/6 2695/19/6 2688/19/6 2689/18/6
f 2692/23/5 2693/16/5 2690/16/5 2691/23/5
f 2697/15/47 2694/18/47 2689/18/47 2686/15/47
f 2698/22/4 2692/20/4 2691/20/4 2685/22/4
f 2695/21/2 2698/24/2 2685/24/2 2688/21/2
f 2714/14/11 2715/15/11 2704/15/11 2705/14/11
f 2711/16/12 2714/17/12 2705/17/12 2708/16/12
f 2712/18/6 2713/19/6 2706/19/6 2707/18/6
f 2710/23/5 2711/16/5 2708/16/5 2709/23/5
f 2715/15/47 2712/18/47 2707/18/47 2704/15/47
f 2716/22/4 2710/20/4 2709/20/4 2703/22/4
f 2713/21/2 2716/24/2 2703/24/2 2706/21/2
f 2751/14/62 2742/14/62 2741/15/62 2752/15/62
f 2748/16/63 2745/16/63 2742/17/63 2751/17/63
f 2749/18/6 2744/18/6 2743/19/6 2750/19/6
f 2747/23/3 2746/23/3 2745/16/3 2748/16/3
f 2752/15/349 2741/15/349 2744/18/349 2749/18/349
f 2753/22/4 2740/22/4 2746/20/4 2747/20/4
f 2750/21/1 2743/21/1 2740/24/1 2753/24/1
f 2765/14/11 2756/14/11 2755/15/11 2766/15/11
f 2762/16/12 2759/16/12 2756/17/12 2765/17/12
f 2763/18/6 2758/18/6 2757/19/6 2764/19/6
f 2761/23/5 2760/23/5 2759/16/5 2762/16/5
f 2766/15/68 2755/15/68 2758/18/68 2763/18/68
f 2767/22/4 2754/22/4 2760/20/4 2761/20/4
f 2764/21/2 2757/21/2 2754/24/2 2767/24/2
f 2779/14/62 2770/14/62 2769/15/62 2780/15/62
f 2776/16/63 2773/16/63 2770/17/63 2779/17/63
f 2777/18/6 2772/18/6 2771/19/6 2778/19/6
f 2775/23/3 2774/23/3 2773/16/3 2776/16/3
f 2780/15/64 2769/15/64 2772/18/64 2777/18/64
f 2781/22/4 2768/22/4 2774/20/4 2775/20/4
f 2778/21/1 2771/21/1 2768/24/1 2781/24/1
f 2905/14/30 2896/14/30 2895/15/30 2906/15/30
f 2902/16/31 2899/16/31 2896/17/31 2905/17/31
f 2903/18/6 2898/18/6 2897/19/6 2904/19/6
f 2901/23/2 2900/23/2 2899/16/2 2902/16/2
f 2906/15/32 2895/15/32 2898/18/32 2903/18/32
f 2907/22/4 2894/22/4 2900/20/4 2901/20/4
f 2904/21/5 2897/21/5 2894/24/5 2907/24/5
f 2999/14/11 2990/14/11 2989/15/11 3000/15/11
f 2996/16/12 2993/16/12 2990/17/12 2999/17/12
f 2997/18/6 2992/18/6 2991/19/6 2998/19/6
f 2995/23/5 2994/23/5 2993/16/5 2996/16/5
f 3000/15/47 2989/15/47 2992/18/47 2997/18/47
f 3001/22/4 2988/22/4 2994/20/4 2995/20/4
f 2998/21/2 2991/21/2 2988/24/2 3001/24/2
f 3069/14/30 3060/14/30 3059/15/30 3070/15/30
f 3066/16/31 3063/16/31 3060/17/31 3069/17/31
f 3067/18/6 3062/18/6 3061/19/6 3068/19/6
f 3065/23/2 3064/23/2 3063/16/2 3066/16/2
f 3070/15/32 3059/15/32 3062/18/32 3067/18/32
f 3071/22/4 3058/22/4 3064/20/4 3065/20/4
f 3068/21/5 3061/21/5 3058/24/5 3071/24/5
f 3089/14/30 3080/14/30 3079/15/30 3090/15/30
f 3086/16/31 3083/16/31 3080/17/31 3089/17/31
f 3087/18/6 3082/18/6 3081/19/6 3088/19/6
f 3085/23/2 3084/23/2 3083/16/2 3086/16/2
f 3090/15/32 3079/15/32 3082/18/32 3087/18/32
f 3091/22/4 3078/22/4 3084/20/4 3085/20/4
f 3088/21/5 3081/21/5 3078/24/5 3091/24/5
f 3111/14/11 3102/14/11 3101/15/11 3112/15/11
f 3108/16/12 3105/16/12 3102/17/12 3111/17/12
f 3109/18/6 3104/18/6 3103/19/6 3110/19/6
f 3107/23/5 3106/23/5 3105/16/5 3108/16/5
f 3112/15/47 3101/15/47 3104/18/47 3109/18/47
f 3113/22/4 3100/22/4 3106/20/4 3107/20/4
f 3110/21/2 3103/21/2 3100/24/2 3113/24/2
f 3131/14/11 3122/14/11 3121/15/11 3132/15/11
f 3128/16/12 3125/16/12 3122/17/12 3131/17/12
f 3129/18/6 3124/18/6 3123/19/6 3130/19/6
f 3127/23/5 3126/23/5 3125/16/5 3128/16/5
f 3132/15/47 3121/15/47 3124/18/47 3129/18/47
f 3133/22/4 3120/22/4 3126/20/4 3127/20/4
f 3130/21/2 3123/21/2 3120/24/2 3133/24/2
f 3161/14/7 3152/14/7 3151/15/7 3162/15/7
f 3158/16/8 3155/16/8 3152/17/8 3161/17/8
f 3159/18/6 3154/18/6 3153/19/6 3160/19/6
f 3157/23/1 3156/23/1 3155/16/1 3158/16/1
f 3162/15/15 3151/15/15 3154/18/15 3159/18/15
f 3163/22/4 3150/22/4 3156/20/4 3157/20/4
f 3160/21/3 3153/21/3 3150/24/3 3163/24/3
f 3175/14/30 3166/14/30 3165/15/30 3176/15/30
f 3172/16/31 3169/16/31 3166/17/31 3175/17/31
f 3173/18/6 3168/18/6 3167/19/6 3174/19/6
f 3171/23/2 3170/23/2 3169/16/2 3172/16/2
f 3176/15/32 3165/15/32 3168/18/32 3173/18/32
f 3177/22/4 3164/22/4 3170/20/4 3171/20/4
f 3174/21/5 3167/21/5 3164/24/5 3177/24/5
f 3205/14/30 3196/14/30 3195/15/30 3206/15/30
f 3202/16/31 3199/16/31 3196/17/31 3205/17/31
f 3203/18/6 3198/18/6 3197/19/6 3204/19/6
f 3201/23/2 3200/23/2 3199/16/2 3202/16/2
f 3206/15/67 3195/15/67 3198/18/67 3203/18/67
f 3207/22/4 3194/22/4 3200/20/4 3201/20/4
f 3204/21/5 3197/21/5 3194/24/5 3207/24/5
f 3219/14/62 3210/14/62 3209/15/62 3220/15/62
f 3216/16/63 3213/16/63 3210/17/63 3219/17/63
f 3217/18/6 3212/18/6 3211/19/6 3218/19/6
f 3215/23/3 3214/23/3 3213/16/3 3216/16/3
f 3220/15/64 3209/15/64 3212/18/64 3217/18/64
f 3221/22/4 3208/22/4 3214/20/4 3215/20/4
f 3218/21/1 3211/21/1 3208/24/1 3221/24/1
f 3249/14/11 3240/14/11 3239/15/11 3250/15/11
f 3246/16/12 3243/16/12 3240/17/12 3249/17/12
f 3247/18/6 3242/18/6 3241/19/6 3248/19/6
f 3245/23/5 3244/23/5 3243/16/5 3246/16/5
f 3250/15/68 3239/15/68 3242/18/68 3247/18/68
f 3251/22/4 3238/22/4 3244/20/4 3245/20/4
f 3248/21/2 3241/21/2 3238/24/2 3251/24/2
f 3263/14/7 3254/14/7 3253/15/7 3264/15/7
f 3260/16/8 3257/16/8 3254/17/8 3263/17/8
f 3261/18/6 3256/18/6 3255/19/6 3262/19/6
f 3259/23/1 3258/23/1 3257/16/1 3260/16/1
f 3264/15/15 3253/15/15 3256/18/15 3261/18/15
f 3265/22/4 3252/22/4 3258/20/4 3259/20/4
f 3262/21/3 3255/21/3 3252/24/3 3265/24/3
f 3293/14/62 3284/14/62 3283/15/62 3294/15/62
f 3290/16/63 3287/16/63 3284/17/63 3293/17/63
f 3291/18/6 3286/18/6 3285/19/6 3292/19/6
f 3289/23/3 3288/23/3 3287/16/3 3290/16/3
f 3294/15/349 3283/15/349 3286/18/349 3291/18/349
f 3295/22/4 3282/22/4 3288/20/4 3289/20/4
f 3292/21/1 3285/21/1 3282/24/1 3295/24/1
f 3307/14/11 3298/14/11 3297/15/11 3308/15/11
f 3304/16/12 3301/16/12 3298/17/12 3307/17/12
f 3305/18/6 3300/18/6 3299/19/6 3306/19/6
f 3303/23/5 3302/23/5 3301/16/5 3304/16/5
f 3308/15/68 3297/15/68 3300/18/68 3305/18/68
f 3309/22/4 3296/22/4 3302/20/4 3303/20/4
f 3306/21/2 3299/21/2 3296/24/2 3309/24/2
f 3333/14/30 3324/14/30 3323/15/30 3334/15/30
f 3330/16/31 3327/16/31 3324/17/31 3333/17/31
f 3331/18/6 3326/18/6 3325/19/6 3332/19/6
f 3329/23/2 3328/23/2 3327/16/2 3330/16/2
f 3334/15/32 3323/15/32 3326/18/32 3331/18/32
f 3335/22/4 3322/22/4 3328/20/4 3329/20/4
f 3332/21/5 3325/21/5 3322/24/5 3335/24/5
f 3347/14/367 3338/14/367 3337/15/367 3348/15/367
f 3344/16/368 3341/16/368 3338/17/368 3347/17/368
f 3345/18/6 3340/18/6 3339/19/6 3346/19/6
f 3343/23/369 3342/23/369 3341/16/369 3344/16/369
f 3348/15/370 3337/15/370 3340/18/370 3345/18/370
f 3349/22/4 3336/22/4 3342/20/4 3343/20/4
f 3346/21/371 3339/21/371 3336/24/371 3349/24/371
f 3369/14/7 3360/14/7 3359/15/7 3370/15/7
f 3366/16/8 3363/16/8 3360/17/8 3369/17/8
f 3367/18/6 3362/18/6 3361/19/6 3368/19/6
f 3365/23/1 3364/23/1 3363/16/1 3366/16/1
f 3370/15/15 3359/15/15 3362/18/15 3367/18/15
f 3371/22/4 3358/22/4 3364/20/4 3365/20/4
f 3368/21/3 3361/21/3 3358/24/3 3371/24/3
f 3391/14/62 3382/14/62 3381/15/62 3392/15/62
f 3388/16/63 3385/16/63 3382/17/63 3391/17/63
f 3389/18/6 3384/18/6 3383/19/6 3390/19/6
f 3387/23/3 3386/23/3 3385/16/3 3388/16/3
f 3392/15/349 3381/15/349 3384/18/349 3389/18/349
f 3393/22/4 3380/22/4 3386/20/4 3387/20/4
f 3390/21/1 3383/21/1 3380/24/1 3393/24/1
f 3417/14/62 3408/14/62 3407/15/62 3418/15/62
f 3414/16/63 3411/16/63 3408/17/63 3417/17/63
f 3415/18/6 3410/18/6 3409/19/6 3416/19/6
f 3413/23/3 3412/23/3 3411/16/3 3414/16/3
f 3418/15/64 3407/15/64 3410/18/64 3415/18/64
f 3419/22/4 3406/22/4 3412/20/4 3413/20/4
f 3416/21/1 3409/21/1 3406/24/1 3419/24/1
f 3431/14/374 3422/14/374 3421/15/374 3432/15/374
f 3428/16/375 3425/16/375 3422/17/375 3431/17/375
f 3429/18/6 3424/18/6 3423/19/6 3430/19/6
f 3427/23/376 3426/23/376 3425/16/376 3428/16/376
f 3432/15/377 3421/15/377 3424/18/377 3429/18/377
f 3433/22/4 3420/22/4 3426/20/4 3427/20/4
f 3430/21/378 3423/21/378 3420/24/378 3433/24/378
f 3453/14/62 3444/14/62 3443/15/62 3454/15/62
f 3450/16/63 3447/16/63 3444/17/63 3453/17/63
f 3451/18/6 3446/18/6 3445/19/6 3452/19/6
f 3449/23/3 3448/23/3 3447/16/3 3450/16/3
f 3454/15/64 3443/15/64 3446/18/64 3451/18/64
f 3455/22/4 3442/22/4 3448/20/4 3449/20/4
f 3452/21/1 3445/21/1 3442/24/1 3455/24/1
f 3475/14/62 3466/14/62 3465/15/62 3476/15/62
f 3472/16/63 3469/16/63 3466/17/63 3475/17/63
f 3473/18/6 3468/18/6 3467/19/6 3474/19/6
f 3471/23/3 3470/23/3 3469/16/3 3472/16/3
f 3476/15/64 3465/15/64 3468/18/64 3473/18/64
f 3477/22/4 3464/22/4 3470/20/4 3471/20/4
f 3474/21/1 3467/21/1 3464/24/1 3477/24/1
f 3493/14/62 3484/14/62 3483/15/62 3494/15/62
f 3490/16/63 3487/16/63 3484/17/63 3493/17/63
f 3491/18/6 3486/18/6 3485/19/6 3492/19/6
f 3489/23/3 3488/23/3 3487/16/3 3490/16/3
f 3494/15/64 3483/15/64 3486/18/64 3491/18/64
f 3495/22/4 3482/22/4 3488/20/4 3489/20/4
f 3492/21/1 3485/21/1 3482/24/1 3495/24/1
f 3515/14/62 3506/14/62 3505/15/62 3516/15/62
f 3512/16/63 3509/16/63 3506/17/63 3515/17/63
f 3513/18/6 3508/18/6 3507/19/6 3514/19/6
f 3511/23/3 3510/23/3 3509/16/3 3512/16/3
f 3516/15/64 3505/15/64 3508/18/64 3513/18/64
f 3517/22/4 3504/22/4 3510/20/4 3511/20/4
f 3514/21/1 3507/21/1 3504/24/1 3517/24/1
f 3533/14/62 3524/14/62 3523/15/62 3534/15/62
f 3530/16/63 3527/16/63 3524/17/63 3533/17/63
f 3531/18/6 3526/18/6 3525/19/6 3532/19/6
f 3529/23/3 3528/23/3 3527/16/3 3530/16/3
f 3534/15/64 3523/15/64 3526/18/64 3531/18/64
f 3535/22/4 3522/22/4 3528/20/4 3529/20/4
f 3532/21/1 3525/21/1 3522/24/1 3535/24/1
f 3555/14/62 3546/14/62 3545/15/62 3556/15/62
f 3552/16/63 3549/16/63 3546/17/63 3555/17/63
f 3553/18/6 3548/18/6 3547/19/6 3554/19/6
f 3551/23/3 3550/23/3 3549/16/3 3552/16/3
f 3556/15/64 3545/15/64 3548/18/64 3553/18/64
f 3557/22/4 3544/22/4 3550/20/4 3551/20/4
f 3554/21/1 3547/21/1 3544/24/1 3557/24/1
f 3581/14/11 3572/14/11 3571/15/11 3582/15/11
f 3578/16/12 3575/16/12 3572/17/12 3581/17/12
f 3579/18/6 3574/18/6 3573/19/6 3580/19/6
f 3577/23/5 3576/23/5 3575/16/5 3578/16/5
f 3582/15/68 3571/15/68 3574/18/68 3579/18/68
f 3583/22/4 3570/22/4 3576/20/4 3577/20/4
f 3580/21/2 3573/21/2 3570/24/2 3583/24/2
f 3595/14/380 3586/14/380 3585/15/380 3596/15/380
f 3592/16/381 3589/16/381 3586/17/381 3595/17/381
f 3593/18/6 3588/18/6 3587/19/6 3594/19/6
f 3591/23/382 3590/23/382 3589/16/382 3592/16/382
f 3596/15/383 3585/15/383 3588/18/383 3593/18/383
f 3597/22/4 3584/22/4 3590/20/4 3591/20/4
f 3594/21/365 3587/21/365 3584/24/365 3597/24/365
f 3621/14/7 3612/14/7 3611/15/7 3622/15/7
f 3618/16/8 3615/16/8 3612/17/8 3621/17/8
f 3619/18/6 3614/18/6 3613/19/6 3620/19/6
f 3617/23/1 3616/23/1 3615/16/1 3618/16/1
f 3622/15/15 3611/15/15 3614/18/15 3619/18/15
f 3623/22/4 3610/22/4 3616/20/4 3617/20/4
f 3620/21/3 3613/21/3 3610/24/3 3623/24/3
f 3635/14/385 3626/14/385 3625/15/385 3636/15/385
f 3632/16/386 3629/16/386 3626/17/386 3635/17/386
f 3633/18/6 3628/18/6 3627/19/6 3634/19/6
f 3631/23/387 3630/23/387 3629/16/387 3632/16/387
f 3636/15/388 3625/15/388 3628/18/388 3633/18/388
f 3637/22/4 3624/22/4 3630/20/4 3631/20/4
f 3634/21/372 3627/21/372 3624/24/372 3637/24/372
f 3657/14/7 3648/14/7 3647/15/7 3658/15/7
f 3654/16/8 3651/16/8 3648/17/8 3657/17/8
f 3655/18/6 3650/18/6 3649/19/6 3656/19/6
f 3653/23/1 3652/23/1 3651/16/1 3654/16/1
f 3658/15/15 3647/15/15 3650/18/15 3655/18/15
f 3659/22/4 3646/22/4 3652/20/4 3653/20/4
f 3656/21/3 3649/21/3 3646/24/3 3659/24/3
f 3679/14/62 3670/14/62 3669/15/62 3680/15/62
f 3676/16/63 3673/16/63 3670/17/63 3679/17/63
f 3677/18/6 3672/18/6 3671/19/6 3678/19/6
f 3675/23/3 3674/23/3 3673/16/3 3676/16/3
f 3680/15/349 3669/15/349 3672/18/349 3677/18/349
f 3681/22/4 3668/22/4 3674/20/4 3675/20/4
f 3678/21/1 3671/21/1 3668/24/1 3681/24/1
f 3697/14/62 3688/14/62 3687/15/62 3698/15/62
f 3694/16/63 3691/16/63 3688/17/63 3697/17/63
f 3695/18/6 3690/18/6 3689/19/6 3696/19/6
f 3693/23/3 3692/23/3 3691/16/3 3694/16/3
f 3698/15/64 3687/15/64 3690/18/64 3695/18/64
f 3699/22/4 3686/22/4 3692/20/4 3693/20/4
f 3696/21/1 3689/21/1 3686/24/1 3699/24/1
f 3715/14/62 3706/14/62 3705/15/62 3716/15/62
f 3712/16/63 3709/16/63 3706/17/63 3715/17/63
f 3713/18/6 3708/18/6 3707/19/6 3714/19/6
f 3711/23/3 3710/23/3 3709/16/3 3712/16/3
f 3716/15/64 3705/15/64 3708/18/64 3713/18/64
f 3717/22/4 3704/22/4 3710/20/4 3711/20/4
f 3714/21/1 3707/21/1 3704/24/1 3717/24/1
f 3741/14/62 3732/14/62 3731/15/62 3742/15/62
f 3738/16/63 3735/16/63 3732/17/63 3741/17/63
f 3739/18/6 3734/18/6 3733/19/6 3740/19/6
f 3737/23/3 3736/23/3 3735/16/3 3738/16/3
f 3742/15/349 3731/15/349 3734/18/349 3739/18/349
f 3743/22/4 3730/22/4 3736/20/4 3737/20/4
f 3740/21/1 3733/21/1 3730/24/1 3743/24/1
f 3755/14/374 3746/14/374 3745/15/374 3756/15/374
f 3752/16/375 3749/16/375 3746/17/375 3755/17/375
f 3753/18/6 3748/18/6 3747/19/6 3754/19/6
f 3751/23/376 3750/23/376 3749/16/376 3752/16/376
f 3756/15/377 3745/15/377 3748/18/377 3753/18/377
f 3757/22/4 3744/22/4 3750/20/4 3751/20/4
f 3754/21/378 3747/21/378 3744/24/378 3757/24/378
f 3991/14/30 3982/14/30 3981/15/30 3992/15/30
f 3988/16/31 3985/16/31 3982/17/31 3991/17/31
f 3989/18/6 3984/18/6 3983/19/6 3990/19/6
f 3987/23/2 3986/23/2 3985/16/2 3988/16/2
f 3992/15/67 3981/15/67 3984/18/67 3989/18/67
f 3993/22/4 3980/22/4 3986/20/4 3987/20/4
f 3990/21/5 3983/21/5 3980/24/5 3993/24/5
f 4269/14/62 4260/14/62 4259/15/62 4270/15/62
f 4266/16/63 4263/16/63 4260/17/63 4269/17/63
f 4267/18/6 4262/18/6 4261/19/6 4268/19/6
f 4265/23/3 4264/23/3 4263/16/3 4266/16/3
f 4270/15/64 4259/15/64 4262/18/64 4267/18/64
f 4271/22/4 4258/22/4 4264/20/4 4265/20/4
f 4268/21/1 4261/21/1 4258/24/1 4271/24/1
f 4355/14/30 4346/14/30 4345/15/30 4356/15/30
f 4352/16/31 4349/16/31 4346/17/31 4355/17/31
f 4353/18/6 4348/18/6 4347/19/6 4354/19/6
f 4351/23/2 4350/23/2 4349/16/2 4352/16/2
f 4356/15/32 4345/15/32 4348/18/32 4353/18/32
f 4357/22/4 4344/22/4 4350/20/4 4351/20/4
f 4354/21/5 4347/21/5 4344/24/5 4357/24/5
f 4447/14/11 4438/14/11 4437/15/11 4448/15/11
f 4444/16/12 4441/16/12 4438/17/12 4447/17/12
f 4445/18/6 4440/18/6 4439/19/6 4446/19/6
f 4443/23/5 4442/23/5 4441/16/5 4444/16/5
f 4448/15/47 4437/15/47 4440/18/47 4445/18/47
f 4449/22/4 4436/22/4 4442/20/4 4443/20/4
f 4446/21/2 4439/21/2 4436/24/2 4449/24/2
f 4509/14/62 4500/14/62 4499/15/62 4510/15/62
f 4506/16/63 4503/16/63 4500/17/63 4509/17/63
f 4507/18/6 4502/18/6 4501/19/6 4508/19/6
f 4505/23/3 4504/23/3 4503/16/3 4506/16/3
f 4510/15/64 4499/15/64 4502/18/64 4507/18/64
f 4511/22/4 4498/22/4 4504/20/4 4505/20/4
f 4508/21/1 4501/21/1 4498/24/1 4511/24/1
f 4825/14/30 4816/14/30 4815/15/30 4826/15/30
f 4822/16/31 4819/16/31 4816/17/31 4825/17/31
f 4823/18/6 4818/18/6 4817/19/6 4824/19/6
f 4821/23/2 4820/23/2 4819/16/2 4822/16/2
f 4826/15/67 4815/15/67 4818/18/67 4823/18/67
f 4824/21/5 4817/21/5 4814/24/5 4827/24/5
f 5105/14/11 5096/14/11 5095/15/11 5106/15/11
f 5102/16/12 5099/16/12 5096/17/12 5105/17/12
f 5103/18/6 5098/18/6 5097/19/6 5104/19/6
f 5101/23/5 5100/23/5 5099/16/5 5102/16/5
f 5106/15/47 5095/15/47 5098/18/47 5103/18/47
f 5107/22/4 5094/22/4 5100/20/4 5101/20/4
f 5104/21/2 5097/21/2 5094/24/2 5107/24/2
f 5361/14/11 5352/14/11 5351/15/11 5362/15/11
f 5358/16/12 5355/16/12 5352/17/12 5361/17/12
f 5359/18/6 5354/18/6 5353/19/6 5360/19/6
f 5357/23/5 5356/23/5 5355/16/5 5358/16/5
f 5362/15/47 5351/15/47 5354/18/47 5359/18/47
f 5363/22/4 5350/22/4 5356/20/4 5357/20/4
f 5360/21/2 5353/21/2 5350/24/2 5363/24/2
f 5379/14/30 5370/14/30 5369/15/30 5380/15/30
f 5376/16/31 5373/16/31 5370/17/31 5379/17/31
f 5377/18/6 5372/18/6 5371/19/6 5378/19/6
f 5375/23/2 5374/23/2 5373/16/2 5376/16/2
f 5380/15/32 5369/15/32 5372/18/32 5377/18/32
f 5381/22/4 5368/22/4 5374/20/4 5375/20/4
f 5378/21/5 5371/21/5 5368/24/5 5381/24/5
f 5397/14/30 5388/14/30 5387/15/30 5398/15/30
f 5394/16/31 5391/16/31 5388/17/31 5397/17/31
f 5395/18/6 5390/18/6 5389/19/6 5396/19/6
f 5393/23/2 5392/23/2 5391/16/2 5394/16/2
f 5398/15/32 5387/15/32 5390/18/32 5395/18/32
f 5399/22/4 5386/22/4 5392/20/4 5393/20/4
f 5396/21/5 5389/21/5 5386/24/5 5399/24/5
f 5419/14/11 5410/14/11 5409/15/11 5420/15/11
f 5416/16/12 5413/16/12 5410/17/12 5419/17/12
f 5417/18/6 5412/18/6 5411/19/6 5418/19/6
f 5415/23/5 5414/23/5 5413/16/5 5416/16/5
f 5420/15/47 5409/15/47 5412/18/47 5417/18/47
f 5421/22/4 5408/22/4 5414/20/4 5415/20/4
f 5418/21/2 5411/21/2 5408/24/2 5421/24/2
f 5437/14/11 5428/14/11 5427/15/11 5438/15/11
f 5434/16/12 5431/16/12 5428/17/12 5437/17/12
f 5435/18/6 5430/18/6 5429/19/6 5436/19/6
f 5433/23/5 5432/23/5 5431/16/5 5434/16/5
f 5438/15/47 5427/15/47 5430/18/47 5435/18/47
f 5439/22/4 5426/22/4 5432/20/4 5433/20/4
f 5436/21/2 5429/21/2 5426/24/2 5439/24/2
usemtl Window_Pane
f 129/1/1 130/2/1 134/3/1 133/4/1
f 137/1/2 138/2/2 142/3/2 141/4/2
f 231/1/5 232/2/5 236/3/5 235/4/5
s 1
f 1147/1/157 1148/2/156 1152/3/116 1151/4/143
f 1425/1/154 1426/2/155 1430/3/95 1429/4/96
s 0
f 1589/1/2 1590/2/2 1594/3/2 1593/4/2
f 1681/1/5 1682/2/5 1686/3/5 1685/4/5
f 1859/1/1 1860/2/1 1864/3/1 1863/4/1
s 1
f 1981/1/157 1982/2/156 1986/3/116 1985/4/143
f 1989/1/143 1990/2/116 1994/3/158 1993/4/159
f 2237/1/161 2238/2/160 2242/3/115 2241/4/142
f 2497/1/161 2498/2/160 2502/3/115 2501/4/142
s 0
f 2856/1/3 2860/4/3 2861/3/3 2857/2/3
f 2864/1/2 2868/4/2 2869/3/2 2865/2/2
f 2958/1/5 2962/4/5 2963/3/5 2959/2/5
s 1
f 3874/1/159 3878/4/143 3879/3/116 3875/2/158
f 4152/1/161 4156/4/94 4157/3/93 4153/2/160
s 0
f 4316/1/2 4320/4/2 4321/3/2 4317/2/2
f 4408/1/5 4412/4/5 4413/3/5 4409/2/5
f 4586/1/3 4590/4/3 4591/3/3 4587/2/3
s 1
f 4708/1/159 4712/4/143 4713/3/116 4709/2/158
f 4716/1/143 4720/4/157 4721/3/156 4717/2/116
f 4964/1/154 4968/4/142 4969/3/115 4965/2/155
f 5224/1/154 5228/4/142 5229/3/115 5225/2/155
s 0
usemtl Window_Trim_Color
f 84/31/5 86/32/5 85/35/5 83/25/5
f 83/25/4 85/35/4 81/35/4 79/25/4
f 80/31/2 79/25/2 81/35/2 82/32/2
f 84/31/6 80/31/6 82/32/6 86/32/6
f 95/39/16 94/32/16 93/35/16 97/40/16
f 97/40/17 93/35/17 89/35/17 99/41/17
f 101/39/18 99/41/18 89/35/18 90/32/18
f 95/39/6 101/39/6 90/32/6 94/32/6
f 92/31/6 88/31/6 102/42/6 96/42/6
f 88/31/19 87/25/19 100/43/19 102/42/19
f 91/25/21 98/43/21 100/43/21 87/25/21
f 92/31/22 96/42/22 98/43/22 91/25/22
f 119/39/2 121/40/2 117/35/2 118/32/2
f 125/39/5 114/32/5 113/35/5 123/41/5
f 83/25/1 79/25/1 103/25/1 107/25/1
f 85/35/3 86/32/3 110/32/3 109/35/3
f 79/25/1 80/31/1 104/31/1 103/25/1
f 82/32/3 81/35/3 105/35/3 106/32/3
f 80/31/1 84/31/1 108/31/1 104/31/1
f 84/31/1 83/25/1 107/25/1 108/31/1
f 86/32/3 82/32/3 106/32/3 110/32/3
f 81/35/3 85/35/3 109/35/3 105/35/3
f 91/25/24 87/25/24 111/25/24 115/25/24
f 93/35/25 94/32/25 118/32/25 117/35/25
f 87/25/26 88/31/26 112/31/26 111/25/26
f 90/32/27 89/35/27 113/35/27 114/32/27
f 88/31/1 92/31/1 116/31/1 112/31/1
f 92/31/28 91/25/28 115/25/28 116/31/28
f 94/32/3 90/32/3 114/32/3 118/32/3
f 89/35/29 93/35/29 117/35/29 113/35/29
f 186/31/1 188/32/1 187/35/1 185/25/1
f 185/25/4 187/35/4 183/35/4 181/25/4
f 182/31/3 181/25/3 183/35/3 184/32/3
f 186/31/6 182/31/6 184/32/6 188/32/6
f 197/39/33 196/32/33 195/35/33 199/40/33
f 199/40/34 195/35/34 191/35/34 201/41/34
f 203/39/35 201/41/35 191/35/35 192/32/35
f 197/39/6 203/39/6 192/32/6 196/32/6
f 194/31/6 190/31/6 204/42/6 198/42/6
f 190/31/36 189/25/36 202/43/36 204/42/36
f 193/25/38 200/43/38 202/43/38 189/25/38
f 194/31/39 198/42/39 200/43/39 193/25/39
f 221/39/3 223/40/3 219/35/3 220/32/3
f 227/39/1 216/32/1 215/35/1 225/41/1
f 185/25/2 181/25/2 205/25/2 209/25/2
f 187/35/5 188/32/5 212/32/5 211/35/5
f 181/25/2 182/31/2 206/31/2 205/25/2
f 184/32/5 183/35/5 207/35/5 208/32/5
f 182/31/2 186/31/2 210/31/2 206/31/2
f 186/31/2 185/25/2 209/25/2 210/31/2
f 188/32/5 184/32/5 208/32/5 212/32/5
f 183/35/5 187/35/5 211/35/5 207/35/5
f 193/25/41 189/25/41 213/25/41 217/25/41
f 195/35/42 196/32/42 220/32/42 219/35/42
f 189/25/43 190/31/43 214/31/43 213/25/43
f 192/32/44 191/35/44 215/35/44 216/32/44
f 190/31/2 194/31/2 218/31/2 214/31/2
f 194/31/45 193/25/45 217/25/45 218/31/45
f 196/32/5 192/32/5 216/32/5 220/32/5
f 191/35/46 195/35/46 219/35/46 215/35/46
f 280/31/3 282/32/3 281/35/3 279/25/3
f 279/25/4 281/35/4 277/35/4 275/25/4
f 276/31/1 275/25/1 277/35/1 278/32/1
f 280/31/6 276/31/6 278/32/6 282/32/6
f 291/39/48 290/32/48 289/35/48 293/40/48
f 293/40/49 289/35/49 285/35/49 295/41/49
f 297/39/50 295/41/50 285/35/50 286/32/50
f 291/39/6 297/39/6 286/32/6 290/32/6
f 288/31/6 284/31/6 298/42/6 292/42/6
f 284/31/51 283/25/51 296/43/51 298/42/51
f 287/25/53 294/43/53 296/43/53 283/25/53
f 288/31/54 292/42/54 294/43/54 287/25/54
f 315/39/1 317/40/1 313/35/1 314/32/1
f 321/39/3 310/32/3 309/35/3 319/41/3
f 279/25/5 275/25/5 299/25/5 303/25/5
f 281/35/2 282/32/2 306/32/2 305/35/2
f 275/25/5 276/31/5 300/31/5 299/25/5
f 278/32/2 277/35/2 301/35/2 302/32/2
f 276/31/5 280/31/5 304/31/5 300/31/5
f 280/31/5 279/25/5 303/25/5 304/31/5
f 282/32/2 278/32/2 302/32/2 306/32/2
f 277/35/2 281/35/2 305/35/2 301/35/2
f 287/25/56 283/25/56 307/25/56 311/25/56
f 289/35/57 290/32/57 314/32/57 313/35/57
f 283/25/58 284/31/58 308/31/58 307/25/58
f 286/32/59 285/35/59 309/35/59 310/32/59
f 284/31/5 288/31/5 312/31/5 308/31/5
f 288/31/60 287/25/60 311/25/60 312/31/60
f 290/32/2 286/32/2 310/32/2 314/32/2
f 285/35/61 289/35/61 313/35/61 309/35/61
s 1
f 1056/31/97 1058/32/98 1057/35/99 1055/25/100
f 1052/31/103 1051/25/102 1053/35/101 1054/32/104
f 1067/39/105 1066/32/106 1065/35/107 1069/40/108
f 1073/39/113 1071/41/112 1061/35/111 1062/32/114
f 1060/31/117 1059/25/120 1072/43/119 1074/42/118
f 1064/31/125 1068/42/123 1070/43/124 1063/25/126
f 1089/39/94 1091/40/135 1087/35/136 1088/32/137
f 1095/39/96 1084/32/141 1083/35/139 1093/41/138
f 1057/35/99 1058/32/98 1080/32/130 1035/35/129
f 1051/25/102 1052/31/103 1076/31/133 1075/25/131
f 1054/32/104 1053/35/101 1043/35/132 1077/32/134
f 1056/31/97 1055/25/100 1078/25/128 1079/31/127
f 1065/35/107 1066/32/106 1088/32/137 1087/35/136
f 1059/25/120 1060/31/117 1082/31/144 1081/25/145
f 1062/32/114 1061/35/111 1083/35/139 1084/32/141
f 1064/31/125 1063/25/126 1085/25/148 1086/31/147
f 1155/1/143 1156/2/116 1160/3/158 1159/4/159
f 1157/6/161 1158/5/160 1154/7/115 1153/8/142
f 1334/31/194 1336/32/195 1335/35/196 1333/25/197
f 1330/31/200 1329/25/199 1331/35/198 1332/32/201
f 1345/39/202 1344/32/203 1343/35/204 1347/40/205
f 1351/39/210 1349/41/209 1339/35/208 1340/32/211
f 1338/31/212 1337/25/215 1350/43/214 1352/42/213
f 1342/31/220 1346/42/218 1348/43/219 1341/25/221
f 1367/39/143 1369/40/230 1365/35/231 1366/32/232
f 1373/39/142 1362/32/236 1361/35/234 1371/41/233
f 1335/35/196 1336/32/195 1358/32/225 1313/35/224
f 1329/25/199 1330/31/200 1354/31/228 1353/25/226
f 1332/32/201 1331/35/198 1321/35/227 1355/32/229
f 1334/31/194 1333/25/197 1356/25/223 1357/31/222
f 1343/35/204 1344/32/203 1366/32/232 1365/35/231
f 1337/25/215 1338/31/212 1360/31/237 1359/25/238
f 1340/32/211 1339/35/208 1361/35/234 1362/32/236
f 1342/31/220 1341/25/221 1363/25/241 1364/31/240
f 1433/1/96 1434/2/95 1438/3/156 1437/4/157
f 1435/6/159 1436/5/158 1432/7/93 1431/8/94
s 0
f 1636/31/1 1638/32/1 1637/35/1 1635/25/1
f 1635/25/4 1637/35/4 1633/35/4 1631/25/4
f 1632/31/3 1631/25/3 1633/35/3 1634/32/3
f 1636/31/6 1632/31/6 1634/32/6 1638/32/6
f 1647/39/33 1646/32/33 1645/35/33 1649/40/33
f 1649/40/34 1645/35/34 1641/35/34 1651/41/34
f 1653/39/35 1651/41/35 1641/35/35 1642/32/35
f 1647/39/6 1653/39/6 1642/32/6 1646/32/6
f 1644/31/6 1640/31/6 1654/42/6 1648/42/6
f 1640/31/36 1639/25/36 1652/43/36 1654/42/36
f 1643/25/38 1650/43/38 1652/43/38 1639/25/38
f 1644/31/39 1648/42/39 1650/43/39 1643/25/39
f 1671/39/3 1673/40/3 1669/35/3 1670/32/3
f 1677/39/1 1666/32/1 1665/35/1 1675/41/1
f 1635/25/2 1631/25/2 1655/25/2 1659/25/2
f 1637/35/5 1638/32/5 1662/32/5 1661/35/5
f 1631/25/2 1632/31/2 1656/31/2 1655/25/2
f 1634/32/5 1633/35/5 1657/35/5 1658/32/5
f 1632/31/2 1636/31/2 1660/31/2 1656/31/2
f 1636/31/2 1635/25/2 1659/25/2 1660/31/2
f 1638/32/5 1634/32/5 1658/32/5 1662/32/5
f 1633/35/5 1637/35/5 1661/35/5 1657/35/5
f 1643/25/41 1639/25/41 1663/25/41 1667/25/41
f 1645/35/42 1646/32/42 1670/32/42 1669/35/42
f 1639/25/43 1640/31/43 1664/31/43 1663/25/43
f 1642/32/44 1641/35/44 1665/35/44 1666/32/44
f 1640/31/2 1644/31/2 1668/31/2 1664/31/2
f 1644/31/45 1643/25/45 1667/25/45 1668/31/45
f 1646/32/5 1642/32/5 1666/32/5 1670/32/5
f 1641/35/46 1645/35/46 1669/35/46 1665/35/46
f 1728/31/3 1730/32/3 1729/35/3 1727/25/3
f 1727/25/4 1729/35/4 1725/35/4 1723/25/4
f 1724/31/1 1723/25/1 1725/35/1 1726/32/1
f 1728/31/6 1724/31/6 1726/32/6 1730/32/6
f 1739/39/48 1738/32/48 1737/35/48 1741/40/48
f 1741/40/49 1737/35/49 1733/35/49 1743/41/49
f 1745/39/50 1743/41/50 1733/35/50 1734/32/50
f 1739/39/6 1745/39/6 1734/32/6 1738/32/6
f 1736/31/6 1732/31/6 1746/42/6 1740/42/6
f 1732/31/51 1731/25/51 1744/43/51 1746/42/51
f 1735/25/53 1742/43/53 1744/43/53 1731/25/53
f 1736/31/54 1740/42/54 1742/43/54 1735/25/54
f 1763/39/1 1765/40/1 1761/35/1 1762/32/1
f 1769/39/3 1758/32/3 1757/35/3 1767/41/3
f 1727/25/5 1723/25/5 1747/25/5 1751/25/5
f 1729/35/2 1730/32/2 1754/32/2 1753/35/2
f 1723/25/5 1724/31/5 1748/31/5 1747/25/5
f 1726/32/2 1725/35/2 1749/35/2 1750/32/2
f 1724/31/5 1728/31/5 1752/31/5 1748/31/5
f 1728/31/5 1727/25/5 1751/25/5 1752/31/5
f 1730/32/2 1726/32/2 1750/32/2 1754/32/2
f 1725/35/2 1729/35/2 1753/35/2 1749/35/2
f 1735/25/275 1731/25/275 1755/25/275 1759/25/275
f 1737/35/57 1738/32/57 1762/32/57 1761/35/57
f 1731/25/58 1732/31/58 1756/31/58 1755/25/58
f 1734/32/59 1733/35/59 1757/35/59 1758/32/59
f 1732/31/5 1736/31/5 1760/31/5 1756/31/5
f 1736/31/60 1735/25/60 1759/25/60 1760/31/60
f 1738/32/2 1734/32/2 1758/32/2 1762/32/2
f 1733/35/61 1737/35/61 1761/35/61 1757/35/61
f 1814/31/5 1816/32/5 1815/35/5 1813/25/5
f 1813/25/4 1815/35/4 1811/35/4 1809/25/4
f 1810/31/2 1809/25/2 1811/35/2 1812/32/2
f 1814/31/6 1810/31/6 1812/32/6 1816/32/6
f 1825/39/16 1824/32/16 1823/35/16 1827/40/16
f 1827/40/17 1823/35/17 1819/35/17 1829/41/17
f 1831/39/18 1829/41/18 1819/35/18 1820/32/18
f 1825/39/6 1831/39/6 1820/32/6 1824/32/6
f 1822/31/6 1818/31/6 1832/42/6 1826/42/6
f 1818/31/19 1817/25/19 1830/43/19 1832/42/19
f 1821/25/21 1828/43/21 1830/43/21 1817/25/21
f 1822/31/22 1826/42/22 1828/43/22 1821/25/22
f 1849/39/2 1851/40/2 1847/35/2 1848/32/2
f 1855/39/5 1844/32/5 1843/35/5 1853/41/5
f 1813/25/1 1809/25/1 1833/25/1 1837/25/1
f 1815/35/3 1816/32/3 1840/32/3 1839/35/3
f 1809/25/1 1810/31/1 1834/31/1 1833/25/1
f 1812/32/3 1811/35/3 1835/35/3 1836/32/3
f 1810/31/1 1814/31/1 1838/31/1 1834/31/1
f 1814/31/1 1813/25/1 1837/25/1 1838/31/1
f 1816/32/3 1812/32/3 1836/32/3 1840/32/3
f 1811/35/3 1815/35/3 1839/35/3 1835/35/3
f 1821/25/24 1817/25/24 1841/25/24 1845/25/24
f 1823/35/25 1824/32/25 1848/32/25 1847/35/25
f 1817/25/26 1818/31/26 1842/31/26 1841/25/26
f 1820/32/27 1819/35/27 1843/35/27 1844/32/27
f 1818/31/1 1822/31/1 1846/31/1 1842/31/1
f 1822/31/28 1821/25/28 1845/25/28 1846/31/28
f 1824/32/3 1820/32/3 1844/32/3 1848/32/3
f 1819/35/276 1823/35/276 1847/35/276 1843/35/276
s 1
f 1890/31/97 1892/32/98 1891/35/99 1889/25/100
f 1889/25/100 1891/35/99 1887/35/101 1885/25/102
f 1886/31/103 1885/25/102 1887/35/101 1888/32/104
f 1890/31/97 1886/31/103 1888/32/104 1892/32/98
f 1901/39/105 1900/32/106 1899/35/277 1903/40/108
f 1907/39/113 1905/41/112 1895/35/279 1896/32/114
f 1931/31/116 1894/31/117 1908/42/280 1935/42/6
f 1908/42/280 1906/43/119 1905/41/112 1907/39/113
f 1894/31/117 1893/25/120 1906/43/119 1908/42/280
f 1964/43/121 1965/41/109 1905/41/112 1906/43/119
f 1963/25/122 1964/43/121 1906/43/119 1893/25/120
f 1902/42/123 1901/39/105 1903/40/108 1904/43/124
f 1898/31/125 1902/42/123 1904/43/124 1897/25/126
f 1935/42/6 1908/42/280 1907/39/113 1937/59/6
f 1923/39/94 1925/40/135 1921/35/136 1922/32/137
f 1929/39/96 1918/32/141 1917/35/139 1927/41/138
f 1889/25/100 1885/25/102 1909/25/131 1912/25/128
f 1891/35/99 1892/32/98 1914/32/130 1869/35/129
f 1885/25/102 1886/31/103 1910/31/133 1909/25/131
f 1888/32/104 1887/35/101 1877/35/132 1911/32/134
f 1886/31/103 1890/31/97 1913/31/127 1910/31/133
f 1890/31/97 1889/25/100 1912/25/128 1913/31/127
f 1963/25/122 1893/25/120 1915/25/145 1966/63/146
f 1899/35/277 1900/32/106 1922/32/137 1921/35/136
f 1893/25/120 1894/31/117 1916/31/144 1915/25/145
f 1896/32/114 1895/35/279 1917/35/139 1918/32/141
f 1932/64/4 1898/31/125 1920/31/147 1940/65/4
f 1898/31/125 1897/25/126 1919/25/148 1920/31/147
f 1894/31/117 1931/31/116 1939/31/143 1916/31/144
f 1947/64/4 1932/64/4 1940/65/4 1950/31/4
f 1902/42/123 1936/68/149 1938/39/149 1901/39/105
f 1958/42/6 1935/42/6 1937/59/6 1959/39/6
f 1898/31/125 1932/64/4 1936/68/149 1902/42/123
f 1957/69/116 1931/31/116 1935/42/6 1958/42/6
f 1936/68/149 1948/42/4 1949/71/4 1938/39/149
f 1932/64/4 1947/64/4 1948/42/4 1936/68/149
f 1931/31/116 1957/69/116 1960/67/143 1939/31/143
f 1904/43/124 1903/40/108 1975/72/109 1974/43/121
f 1897/25/126 1904/43/124 1974/43/121 1973/73/122
f 1897/25/126 1973/73/122 1976/25/146 1919/25/148
f 1991/6/161 1992/5/160 1988/7/115 1987/8/142
f 2003/64/163 1995/77/116 1997/42/6 2004/42/6
f 2013/69/163 1995/77/116 1999/31/143 2016/67/167
f 1995/77/116 2003/64/163 2006/31/167 1999/31/143
f 2037/73/174 2019/25/175 2023/25/176 2040/25/177
f 2037/73/174 2038/43/38 2021/43/38 2019/25/175
f 2019/25/175 2027/25/174 2030/63/177 2023/25/176
f 2019/25/175 2021/43/38 2028/43/38 2027/25/174
f 2028/13/180 2021/13/182 2038/13/178 2004/13/164 1997/13/182 2014/13/169
f 2004/13/164 2038/13/178 2039/13/179 2005/13/165
f 1947/64/4 2051/77/116 2053/42/6 1948/42/4
f 1957/69/116 2051/77/116 2055/31/143 1960/67/143
f 2051/77/116 1947/64/4 1950/31/4 2055/31/143
f 2051/77/116 1957/69/116 1958/42/6 2053/42/6
f 2077/73/174 2059/25/175 2063/25/176 2080/25/177
f 2077/73/174 2078/43/38 2061/43/38 2059/25/175
f 2059/25/175 2067/25/174 2070/63/177 2063/25/176
f 2059/25/175 2061/43/38 2068/43/38 2067/25/174
f 2068/13/186 2061/13/188 2078/13/184 1948/13/189 2053/13/188 1958/13/190
f 1958/13/190 1959/13/191 2069/13/187 2068/13/186
f 1948/13/189 2078/13/184 2079/13/185 1949/13/192
s 0
f 2100/22/4 2094/20/4 2093/20/4 2087/22/4
s 1
f 2146/31/104 2148/32/103 2147/35/102 2145/25/101
f 2142/31/98 2141/25/99 2143/35/100 2144/32/97
f 2157/39/283 2156/32/284 2155/35/285 2159/40/286
f 2163/39/291 2161/41/290 2151/35/289 2152/32/292
f 2150/31/293 2149/25/296 2162/43/295 2164/42/294
f 2154/31/301 2158/42/299 2160/43/300 2153/25/302
f 2179/39/96 2181/40/303 2177/35/304 2178/32/305
f 2185/39/94 2174/32/309 2173/35/307 2183/41/306
f 2147/35/102 2148/32/103 2170/32/133 2125/35/131
f 2141/25/99 2142/31/98 2166/31/130 2165/25/129
f 2144/32/97 2143/35/100 2133/35/128 2167/32/127
f 2146/31/104 2145/25/101 2168/25/132 2169/31/134
f 2155/35/285 2156/32/284 2178/32/305 2177/35/304
f 2149/25/296 2150/31/293 2172/31/310 2171/25/311
f 2152/32/292 2151/35/289 2173/35/307 2174/32/309
f 2154/31/301 2153/25/302 2175/25/314 2176/31/313
f 2245/1/142 2246/2/115 2250/3/155 2249/4/154
f 2247/6/157 2248/5/156 2244/7/116 2243/8/143
f 2406/31/104 2408/32/103 2407/35/102 2405/25/101
f 2402/31/98 2401/25/99 2403/35/100 2404/32/97
f 2417/39/283 2416/32/284 2415/35/285 2419/40/286
f 2423/39/291 2421/41/290 2411/35/289 2412/32/292
f 2410/31/293 2409/25/296 2422/43/295 2424/42/294
f 2414/31/301 2418/42/299 2420/43/300 2413/25/302
f 2439/39/96 2441/40/303 2437/35/304 2438/32/305
f 2445/39/94 2434/32/309 2433/35/307 2443/41/306
f 2407/35/102 2408/32/103 2430/32/133 2385/35/131
f 2401/25/99 2402/31/98 2426/31/130 2425/25/129
f 2404/32/97 2403/35/100 2393/35/128 2427/32/127
f 2406/31/104 2405/25/101 2428/25/132 2429/31/134
f 2415/35/285 2416/32/284 2438/32/305 2437/35/304
f 2409/25/296 2410/31/293 2432/31/310 2431/25/311
f 2412/32/292 2411/35/289 2433/35/307 2434/32/309
f 2414/31/301 2413/25/302 2435/25/345 2436/31/313
f 2505/1/142 2506/2/115 2510/3/155 2509/4/154
f 2507/6/157 2508/5/156 2504/7/116 2503/8/143
s 0
f 2811/31/5 2810/25/5 2812/35/5 2813/32/5
f 2810/25/4 2806/25/4 2808/35/4 2812/35/4
f 2807/31/2 2809/32/2 2808/35/2 2806/25/2
f 2811/31/6 2813/32/6 2809/32/6 2807/31/6
f 2822/39/350 2824/40/350 2820/35/350 2821/32/350
f 2824/40/351 2826/41/351 2816/35/351 2820/35/351
f 2828/39/352 2817/32/352 2816/35/352 2826/41/352
f 2822/39/6 2821/32/6 2817/32/6 2828/39/6
f 2819/31/6 2823/42/6 2829/42/6 2815/31/6
f 2815/31/353 2829/42/353 2827/43/353 2814/25/353
f 2818/25/355 2814/25/355 2827/43/355 2825/43/355
f 2819/31/356 2818/25/356 2825/43/356 2823/42/356
f 2846/39/2 2845/32/2 2844/35/2 2848/40/2
f 2852/39/5 2850/41/5 2840/35/5 2841/32/5
f 2810/25/3 2834/25/3 2830/25/3 2806/25/3
f 2812/35/1 2836/35/1 2837/32/1 2813/32/1
f 2806/25/3 2830/25/3 2831/31/3 2807/31/3
f 2809/32/1 2833/32/1 2832/35/1 2808/35/1
f 2807/31/3 2831/31/3 2835/31/3 2811/31/3
f 2811/31/3 2835/31/3 2834/25/3 2810/25/3
f 2813/32/1 2837/32/1 2833/32/1 2809/32/1
f 2808/35/1 2832/35/1 2836/35/1 2812/35/1
f 2818/25/358 2842/25/358 2838/25/358 2814/25/358
f 2820/35/359 2844/35/359 2845/32/359 2821/32/359
f 2814/25/360 2838/25/360 2839/31/360 2815/31/360
f 2817/32/361 2841/32/361 2840/35/361 2816/35/361
f 2815/31/3 2839/31/3 2843/31/3 2819/31/3
f 2819/31/362 2843/31/362 2842/25/362 2818/25/362
f 2821/32/1 2845/32/1 2841/32/1 2817/32/1
f 2816/35/363 2840/35/363 2844/35/363 2820/35/363
f 2913/31/3 2912/25/3 2914/35/3 2915/32/3
f 2912/25/4 2908/25/4 2910/35/4 2914/35/4
f 2909/31/1 2911/32/1 2910/35/1 2908/25/1
f 2913/31/6 2915/32/6 2911/32/6 2909/31/6
f 2924/39/35 2926/40/35 2922/35/35 2923/32/35
f 2926/40/34 2928/41/34 2918/35/34 2922/35/34
f 2930/39/33 2919/32/33 2918/35/33 2928/41/33
f 2924/39/6 2923/32/6 2919/32/6 2930/39/6
f 2921/31/6 2925/42/6 2931/42/6 2917/31/6
f 2917/31/364 2931/42/364 2929/43/364 2916/25/364
f 2920/25/38 2916/25/38 2929/43/38 2927/43/38
f 2921/31/36 2920/25/36 2927/43/36 2925/42/36
f 2948/39/1 2947/32/1 2946/35/1 2950/40/1
f 2954/39/3 2952/41/3 2942/35/3 2943/32/3
f 2912/25/2 2936/25/2 2932/25/2 2908/25/2
f 2914/35/5 2938/35/5 2939/32/5 2915/32/5
f 2908/25/2 2932/25/2 2933/31/2 2909/31/2
f 2911/32/5 2935/32/5 2934/35/5 2910/35/5
f 2909/31/2 2933/31/2 2937/31/2 2913/31/2
f 2913/31/2 2937/31/2 2936/25/2 2912/25/2
f 2915/32/5 2939/32/5 2935/32/5 2911/32/5
f 2910/35/5 2934/35/5 2938/35/5 2914/35/5
f 2920/25/41 2944/25/41 2940/25/41 2916/25/41
f 2922/35/44 2946/35/44 2947/32/44 2923/32/44
f 2916/25/45 2940/25/45 2941/31/45 2917/31/45
f 2919/32/42 2943/32/42 2942/35/42 2918/35/42
f 2917/31/2 2941/31/2 2945/31/2 2921/31/2
f 2921/31/43 2945/31/43 2944/25/43 2920/25/43
f 2923/32/5 2947/32/5 2943/32/5 2919/32/5
f 2918/35/46 2942/35/46 2946/35/46 2922/35/46
f 3007/31/1 3006/25/1 3008/35/1 3009/32/1
f 3006/25/4 3002/25/4 3004/35/4 3008/35/4
f 3003/31/3 3005/32/3 3004/35/3 3002/25/3
f 3007/31/6 3009/32/6 3005/32/6 3003/31/6
f 3018/39/50 3020/40/50 3016/35/50 3017/32/50
f 3020/40/49 3022/41/49 3012/35/49 3016/35/49
f 3024/39/48 3013/32/48 3012/35/48 3022/41/48
f 3018/39/6 3017/32/6 3013/32/6 3024/39/6
f 3015/31/6 3019/42/6 3025/42/6 3011/31/6
f 3011/31/54 3025/42/54 3023/43/54 3010/25/54
f 3014/25/53 3010/25/53 3023/43/53 3021/43/53
f 3015/31/51 3014/25/51 3021/43/51 3019/42/51
f 3042/39/3 3041/32/3 3040/35/3 3044/40/3
f 3048/39/1 3046/41/1 3036/35/1 3037/32/1
f 3006/25/5 3030/25/5 3026/25/5 3002/25/5
f 3008/35/2 3032/35/2 3033/32/2 3009/32/2
f 3002/25/5 3026/25/5 3027/31/5 3003/31/5
f 3005/32/2 3029/32/2 3028/35/2 3004/35/2
f 3003/31/5 3027/31/5 3031/31/5 3007/31/5
f 3007/31/5 3031/31/5 3030/25/5 3006/25/5
f 3009/32/2 3033/32/2 3029/32/2 3005/32/2
f 3004/35/2 3028/35/2 3032/35/2 3008/35/2
f 3014/25/56 3038/25/56 3034/25/56 3010/25/56
f 3016/35/59 3040/35/59 3041/32/59 3017/32/59
f 3010/25/60 3034/25/60 3035/31/60 3011/31/60
f 3013/32/57 3037/32/57 3036/35/57 3012/35/57
f 3011/31/5 3035/31/5 3039/31/5 3015/31/5
f 3015/31/58 3039/31/58 3038/25/58 3014/25/58
f 3017/32/2 3041/32/2 3037/32/2 3013/32/2
f 3012/35/61 3036/35/61 3040/35/61 3016/35/61
s 1
f 3783/31/103 3782/25/102 3784/35/101 3785/32/104
f 3779/31/97 3781/32/98 3780/35/99 3778/25/100
f 3794/39/113 3796/40/112 3792/35/111 3793/32/114
f 3800/39/105 3789/32/106 3788/35/107 3798/41/108
f 3787/31/125 3801/42/123 3799/43/124 3786/25/126
f 3791/31/117 3790/25/120 3797/43/119 3795/42/118
f 3816/39/96 3815/32/141 3814/35/139 3818/40/138
f 3822/39/94 3820/41/135 3810/35/136 3811/32/137
f 3784/35/101 3762/35/132 3807/32/134 3785/32/104
f 3778/25/100 3802/25/128 3803/31/127 3779/31/97
f 3781/32/98 3804/32/130 3770/35/129 3780/35/99
f 3783/31/103 3806/31/133 3805/25/131 3782/25/102
f 3792/35/111 3814/35/139 3815/32/141 3793/32/114
f 3786/25/126 3808/25/148 3809/31/147 3787/31/125
f 3789/32/106 3811/32/137 3810/35/136 3788/35/107
f 3791/31/117 3813/31/144 3812/25/145 3790/25/120
f 3882/1/143 3886/4/157 3887/3/156 3883/2/116
f 3884/6/154 3880/8/142 3881/7/115 3885/5/155
f 4061/31/195 4060/25/196 4062/35/197 4063/32/194
f 4057/31/201 4059/32/200 4058/35/199 4056/25/198
f 4072/39/393 4074/40/394 4070/35/395 4071/32/396
f 4078/39/401 4067/32/402 4066/35/399 4076/41/398
f 4065/31/404 4079/42/403 4077/43/405 4064/25/406
f 4069/31/411 4068/25/412 4075/43/410 4073/42/409
f 4094/39/143 4093/32/413 4092/35/414 4096/40/415
f 4100/39/142 4098/41/418 4088/35/417 4089/32/419
f 4062/35/197 4040/35/223 4085/32/222 4063/32/194
f 4056/25/198 4080/25/227 4081/31/229 4057/31/201
f 4059/32/200 4082/32/228 4048/35/226 4058/35/199
f 4061/31/195 4084/31/225 4083/25/224 4060/25/196
f 4070/35/395 4092/35/414 4093/32/413 4071/32/396
f 4064/25/406 4086/25/421 4087/31/420 4065/31/404
f 4067/32/402 4089/32/419 4088/35/417 4066/35/399
f 4069/31/411 4091/31/423 4090/25/424 4068/25/412
f 4160/1/94 4164/4/159 4165/3/158 4161/2/93
f 4162/6/157 4158/8/96 4159/7/95 4163/5/156
s 0
f 4363/31/3 4362/25/3 4364/35/3 4365/32/3
f 4362/25/4 4358/25/4 4360/35/4 4364/35/4
f 4359/31/1 4361/32/1 4360/35/1 4358/25/1
f 4363/31/6 4365/32/6 4361/32/6 4359/31/6
f 4374/39/35 4376/40/35 4372/35/35 4373/32/35
f 4376/40/34 4378/41/34 4368/35/34 4372/35/34
f 4380/39/33 4369/32/33 4368/35/33 4378/41/33
f 4374/39/6 4373/32/6 4369/32/6 4380/39/6
f 4371/31/6 4375/42/6 4381/42/6 4367/31/6
f 4367/31/39 4381/42/39 4379/43/39 4366/25/39
f 4370/25/38 4366/25/38 4379/43/38 4377/43/38
f 4371/31/36 4370/25/36 4377/43/36 4375/42/36
f 4398/39/1 4397/32/1 4396/35/1 4400/40/1
f 4404/39/3 4402/41/3 4392/35/3 4393/32/3
f 4362/25/2 4386/25/2 4382/25/2 4358/25/2
f 4364/35/5 4388/35/5 4389/32/5 4365/32/5
f 4358/25/2 4382/25/2 4383/31/2 4359/31/2
f 4361/32/5 4385/32/5 4384/35/5 4360/35/5
f 4359/31/2 4383/31/2 4387/31/2 4363/31/2
f 4363/31/2 4387/31/2 4386/25/2 4362/25/2
f 4365/32/5 4389/32/5 4385/32/5 4361/32/5
f 4360/35/5 4384/35/5 4388/35/5 4364/35/5
f 4370/25/41 4394/25/41 4390/25/41 4366/25/41
f 4372/35/44 4396/35/44 4397/32/44 4373/32/44
f 4366/25/45 4390/25/45 4391/31/45 4367/31/45
f 4369/32/42 4393/32/42 4392/35/42 4368/35/42
f 4367/31/2 4391/31/2 4395/31/2 4371/31/2
f 4371/31/43 4395/31/43 4394/25/43 4370/25/43
f 4373/32/5 4397/32/5 4393/32/5 4369/32/5
f 4368/35/46 4392/35/46 4396/35/46 4372/35/46
f 4455/31/1 4454/25/1 4456/35/1 4457/32/1
f 4454/25/4 4450/25/4 4452/35/4 4456/35/4
f 4451/31/3 4453/32/3 4452/35/3 4450/25/3
f 4455/31/6 4457/32/6 4453/32/6 4451/31/6
f 4466/39/50 4468/40/50 4464/35/50 4465/32/50
f 4468/40/49 4470/41/49 4460/35/49 4464/35/49
f 4472/39/48 4461/32/48 4460/35/48 4470/41/48
f 4466/39/6 4465/32/6 4461/32/6 4472/39/6
f 4463/31/6 4467/42/6 4473/42/6 4459/31/6
f 4459/31/54 4473/42/54 4471/43/54 4458/25/54
f 4462/25/53 4458/25/53 4471/43/53 4469/43/53
f 4463/31/51 4462/25/51 4469/43/51 4467/42/51
f 4490/39/3 4489/32/3 4488/35/3 4492/40/3
f 4496/39/1 4494/41/1 4484/35/1 4485/32/1
f 4454/25/5 4478/25/5 4474/25/5 4450/25/5
f 4456/35/2 4480/35/2 4481/32/2 4457/32/2
f 4450/25/5 4474/25/5 4475/31/5 4451/31/5
f 4453/32/2 4477/32/2 4476/35/2 4452/35/2
f 4451/31/5 4475/31/5 4479/31/5 4455/31/5
f 4455/31/5 4479/31/5 4478/25/5 4454/25/5
f 4457/32/2 4481/32/2 4477/32/2 4453/32/2
f 4452/35/2 4476/35/2 4480/35/2 4456/35/2
f 4462/25/275 4486/25/275 4482/25/275 4458/25/275
f 4464/35/59 4488/35/59 4489/32/59 4465/32/59
f 4458/25/60 4482/25/60 4483/31/60 4459/31/60
f 4461/32/57 4485/32/57 4484/35/57 4460/35/57
f 4459/31/5 4483/31/5 4487/31/5 4463/31/5
f 4463/31/58 4487/31/58 4486/25/58 4462/25/58
f 4465/32/2 4489/32/2 4485/32/2 4461/32/2
f 4460/35/61 4484/35/61 4488/35/61 4464/35/61
f 4541/31/5 4540/25/5 4542/35/5 4543/32/5
f 4540/25/4 4536/25/4 4538/35/4 4542/35/4
f 4537/31/2 4539/32/2 4538/35/2 4536/25/2
f 4541/31/6 4543/32/6 4539/32/6 4537/31/6
f 4552/39/350 4554/40/350 4550/35/350 4551/32/350
f 4554/40/351 4556/41/351 4546/35/351 4550/35/351
f 4558/39/352 4547/32/352 4546/35/352 4556/41/352
f 4552/39/6 4551/32/6 4547/32/6 4558/39/6
f 4549/31/6 4553/42/6 4559/42/6 4545/31/6
f 4545/31/353 4559/42/353 4557/43/353 4544/25/353
f 4548/25/355 4544/25/355 4557/43/355 4555/43/355
f 4549/31/356 4548/25/356 4555/43/356 4553/42/356
f 4576/39/2 4575/32/2 4574/35/2 4578/40/2
f 4582/39/5 4580/41/5 4570/35/5 4571/32/5
f 4540/25/3 4564/25/3 4560/25/3 4536/25/3
f 4542/35/1 4566/35/1 4567/32/1 4543/32/1
f 4536/25/3 4560/25/3 4561/31/3 4537/31/3
f 4539/32/1 4563/32/1 4562/35/1 4538/35/1
f 4537/31/3 4561/31/3 4565/31/3 4541/31/3
f 4541/31/3 4565/31/3 4564/25/3 4540/25/3
f 4543/32/1 4567/32/1 4563/32/1 4539/32/1
f 4538/35/1 4562/35/1 4566/35/1 4542/35/1
f 4548/25/358 4572/25/358 4568/25/358 4544/25/358
f 4550/35/359 4574/35/359 4575/32/359 4551/32/359
f 4544/25/360 4568/25/360 4569/31/360 4545/31/360
f 4547/32/361 4571/32/361 4570/35/361 4546/35/361
f 4545/31/3 4569/31/3 4573/31/3 4549/31/3
f 4549/31/362 4573/31/362 4572/25/362 4548/25/362
f 4551/32/1 4575/32/1 4571/32/1 4547/32/1
f 4546/35/454 4570/35/454 4574/35/454 4550/35/454
s 1
f 4617/31/103 4616/25/102 4618/35/101 4619/32/104
f 4613/31/97 4615/32/98 4614/35/99 4612/25/100
f 4617/31/103 4619/32/104 4615/32/98 4613/31/97
f 4628/39/113 4630/40/112 4626/35/279 4627/32/114
f 4634/39/105 4623/32/106 4622/35/277 4632/41/108
f 4658/31/116 4662/42/6 4635/42/123 4621/31/125
f 4621/31/125 4635/42/123 4633/43/124 4620/25/126
f 4625/31/117 4624/25/120 4631/43/119 4629/42/118
f 4650/39/96 4649/32/141 4648/35/139 4652/40/138
f 4656/39/94 4654/41/135 4644/35/136 4645/32/137
f 4616/25/102 4639/25/131 4636/25/128 4612/25/100
f 4618/35/101 4596/35/132 4641/32/134 4619/32/104
f 4612/25/100 4636/25/128 4637/31/127 4613/31/97
f 4615/32/98 4638/32/130 4604/35/129 4614/35/99
f 4613/31/97 4637/31/127 4640/31/133 4617/31/103
f 4617/31/103 4640/31/133 4639/25/131 4616/25/102
f 4690/25/122 4693/63/146 4642/25/148 4620/25/126
f 4626/35/279 4648/35/139 4649/32/141 4627/32/114
f 4620/25/126 4642/25/148 4643/31/147 4621/31/125
f 4623/32/106 4645/32/137 4644/35/136 4622/35/277
f 4659/64/4 4667/65/149 4647/31/144 4625/31/117
f 4625/31/117 4647/31/144 4646/25/145 4624/25/120
f 4621/31/125 4643/31/147 4666/31/143 4658/31/116
f 4674/64/4 4677/31/4 4667/65/149 4659/64/4
f 4658/31/116 4666/31/143 4687/67/143 4684/69/116
f 4630/40/112 4702/72/109 4698/58/110 4626/35/279
f 4631/43/119 4701/43/121 4702/72/109 4630/40/112
f 4624/25/120 4646/25/145 4703/25/146 4700/73/122
f 4718/6/154 4714/8/142 4715/7/115 4719/5/155
f 4740/69/163 4743/67/167 4726/31/143 4722/77/116
f 4722/77/116 4726/31/143 4733/31/167 4730/64/163
f 4755/13/178 4741/13/164 4724/13/182 4731/13/169 4765/13/180 4748/13/182
f 4731/13/169 4732/13/168 4766/13/181 4765/13/180
f 4684/69/116 4687/67/143 4782/31/143 4778/77/116
f 4778/77/116 4782/31/143 4677/31/4 4674/64/4
f 4795/13/184 4685/13/189 4780/13/188 4675/13/190 4805/13/186 4788/13/188
s 0
f 4827/22/4 4814/22/4 4820/20/4 4821/20/4
f 4831/31/6 4828/32/6 4845/32/6 4840/31/6
s 1
f 4873/31/98 4872/25/99 4874/35/100 4875/32/97
f 4869/31/104 4871/32/103 4870/35/102 4868/25/101
f 4884/39/291 4886/40/290 4882/35/455 4883/32/292
f 4890/39/283 4879/32/284 4878/35/456 4888/41/286
f 4877/31/301 4891/42/299 4889/43/300 4876/25/302
f 4881/31/293 4880/25/296 4887/43/295 4885/42/294
f 4906/39/94 4905/32/309 4904/35/307 4908/40/306
f 4912/39/96 4910/41/303 4900/35/304 4901/32/305
f 4874/35/100 4852/35/128 4897/32/127 4875/32/97
f 4868/25/101 4892/25/132 4893/31/134 4869/31/104
f 4871/32/103 4894/32/133 4860/35/131 4870/35/102
f 4873/31/98 4896/31/130 4895/25/129 4872/25/99
f 4882/35/455 4904/35/307 4905/32/309 4883/32/292
f 4876/25/302 4898/25/314 4899/31/313 4877/31/301
f 4879/32/284 4901/32/305 4900/35/304 4878/35/456
f 4881/31/293 4903/31/310 4902/25/311 4880/25/296
f 4972/1/142 4976/4/161 4977/3/160 4973/2/115
f 4974/6/159 4970/8/143 4971/7/116 4975/5/158
f 5133/31/98 5132/25/99 5134/35/100 5135/32/97
f 5129/31/104 5131/32/103 5130/35/102 5128/25/101
f 5144/39/291 5146/40/290 5142/35/455 5143/32/292
f 5150/39/283 5139/32/284 5138/35/456 5148/41/286
f 5137/31/301 5151/42/457 5149/43/300 5136/25/302
f 5141/31/293 5140/25/296 5147/43/295 5145/42/294
f 5166/39/94 5165/32/309 5164/35/307 5168/40/306
f 5172/39/96 5170/41/303 5160/35/304 5161/32/305
f 5134/35/100 5112/35/128 5157/32/127 5135/32/97
f 5128/25/101 5152/25/132 5153/31/134 5129/31/104
f 5131/32/103 5154/32/133 5120/35/131 5130/35/102
f 5133/31/98 5156/31/130 5155/25/129 5132/25/99
f 5142/35/455 5164/35/307 5165/32/309 5143/32/292
f 5136/25/302 5158/25/314 5159/31/313 5137/31/301
f 5139/32/284 5161/32/305 5160/35/304 5138/35/456
f 5141/31/293 5163/31/310 5162/25/458 5140/25/296
f 5232/1/142 5236/4/161 5237/3/160 5233/2/115
f 5234/6/159 5230/8/143 5231/7/116 5235/5/158
